window,pair,open_date,is_short,enter_tag,baseline_profit_ratio,candidate_profit_ratio,profit_delta_ratio,baseline_exit_reason,candidate_exit_reason,baseline_trade_duration_min,candidate_trade_duration_min,baseline_mfe_ratio,candidate_mfe_ratio
3y,ADA/USDT:USDT,2023-08-06 14:00:00+00:00,True,short_pullback_restart,-0.014517619749620615,-0.014517619749620615,0.0,stop_loss,stop_loss,770,770,0.0055115397864278215,0.0055115397864278215
3y,ADA/USDT:USDT,2023-08-15 19:00:00+00:00,True,short_pullback_restart,0.0999390677055922,0.05142150034086832,-0.04851756736472388,roi,partial_exit,3040,1120,0.23803363518758092,0.057848194546794574
3y,ADA/USDT:USDT,2023-08-26 09:00:00+00:00,True,short_pullback_restart,-0.013108860377330977,-0.013108860376573583,7.573941473992818e-13,stop_loss,stop_loss,770,770,0.0015503875968991832,0.0015503875968991832
3y,ADA/USDT:USDT,2023-09-26 16:00:00+00:00,True,short_pullback_restart,-0.010547163399448438,-0.010547163411501376,-1.205293850836675e-11,trailing_stop_loss,trailing_stop_loss,1150,1150,0.007001647446458037,0.007001647446458037
3y,ADA/USDT:USDT,2023-10-12 10:00:00+00:00,True,short_pullback_restart,-0.019616214556680864,-0.019616214546156852,1.0524012217238976e-11,stop_loss,stop_loss,2100,2100,0.008274720728175478,0.008274720728175478
3y,ADA/USDT:USDT,2023-11-03 00:00:00+00:00,False,long_1d_center_compression,-0.020875481263902197,-0.020875481257443818,6.458378970508605e-12,stop_loss,stop_loss,75,75,0.011753789050417573,0.011753789050417573
3y,ADA/USDT:USDT,2024-01-18 11:00:00+00:00,True,short_pullback_restart,0.0006514049497732282,0.05003367226513217,0.04938226731535894,trailing_stop_loss,partial_exit,2660,990,0.09532908704883236,0.05565786781256388
3y,ADA/USDT:USDT,2024-01-22 20:00:00+00:00,True,short_compression_breakdown,0.0008243041881702327,0.000824304209342332,2.1172099230054586e-11,trailing_stop_loss,trailing_stop_loss,3810,3810,0.07778274474742952,0.07778274474742952
3y,ADA/USDT:USDT,2024-04-25 11:00:00+00:00,True,short_compression_breakdown,0.0005380921506482539,0.0005380921606678373,1.0019583470202709e-11,trailing_stop_loss,trailing_stop_loss,3280,3280,0.04788796024395747,0.04788796024395747
3y,ADA/USDT:USDT,2024-05-08 00:00:00+00:00,True,short_compression_breakdown,-0.03481574548262453,-0.03481574547864172,3.9828140785402866e-12,stop_loss,stop_loss,895,895,0.012391005048187242,0.012391005048187242
3y,ADA/USDT:USDT,2024-06-02 18:00:00+00:00,True,short_pullback_restart,-0.02294459589345234,-0.02294459589345234,0.0,trailing_stop_loss,trailing_stop_loss,750,750,0.009986382206082611,0.009986382206082611
3y,ADA/USDT:USDT,2024-06-10 07:00:00+00:00,True,short_pullback_restart,-0.02055527418002247,-0.02055527417340173,6.62074214896613e-12,stop_loss,stop_loss,175,175,0.007128075419636781,0.007128075419636781
3y,ADA/USDT:USDT,2024-06-14 16:05:00+00:00,True,short_compression_breakdown,-0.0010005002501250625,-0.0010005002501250627,-2.168404344971009e-19,trailing_stop_loss,trailing_stop_loss,0,0,0.03856818754726499,0.03856818754726499
3y,ADA/USDT:USDT,2024-06-21 14:00:00+00:00,True,short_pullback_restart,-0.036907100333430296,-0.036907100342902635,-9.472339579374989e-12,stop_loss,stop_loss,2595,2595,0.018054432767448336,0.018054432767448336
3y,ADA/USDT:USDT,2024-07-07 14:00:00+00:00,True,short_pullback_restart,0.0001916411291960772,0.050321978673031835,0.05013033754383576,trailing_stop_loss,partial_exit,1095,650,0.08040048543689338,0.058246656760772675
3y,ADA/USDT:USDT,2024-08-30 12:00:00+00:00,True,short_pullback_restart,0.100124491791728,0.050390696825563026,-0.04973379496616497,roi,partial_exit,6535,3500,0.11566571337782028,0.0546710723941124
3y,ADA/USDT:USDT,2024-10-09 13:00:00+00:00,True,short_compression_breakdown,0.0002871086333980372,0.0002871086410804423,7.682405113538376e-12,trailing_stop_loss,trailing_stop_loss,1975,1975,0.02657807308970095,0.02657807308970095
3y,ADA/USDT:USDT,2024-12-03 00:00:00+00:00,False,long_1d_center_compression,0.10000208160730015,0.10000208161386931,6.569161881131436e-12,roi,roi,220,220,0.10418743768693917,0.10418743768693917
3y,ADA/USDT:USDT,2025-03-18 14:00:00+00:00,True,short_compression_breakdown,-0.043301766887945264,-0.04330176689150443,-3.5591668501311347e-12,trailing_stop_loss,trailing_stop_loss,1160,1160,0.005871990604815025,0.005871990604815025
3y,ADA/USDT:USDT,2025-03-23 19:00:00+00:00,True,short_pullback_restart,-0.03430321890378163,-0.034303218905043543,-1.2619141842584725e-12,stop_loss,stop_loss,330,330,0.004052098408104277,0.004052098408104277
3y,ADA/USDT:USDT,2025-04-06 08:00:00+00:00,True,short_compression_breakdown,0.1000191562386566,0.10001915624426387,5.6072646525962e-12,roi,roi,755,755,0.11675126903553301,0.11675126903553301
3y,ADA/USDT:USDT,2025-06-02 09:00:00+00:00,True,short_pullback_restart,-0.02976585271340288,-0.029765852721706284,-8.303403103981921e-12,stop_loss,stop_loss,800,800,0.01266586248492163,0.01266586248492163
3y,ADA/USDT:USDT,2025-06-12 20:00:00+00:00,True,short_compression_breakdown,0.0999583976183803,0.0999583976183803,0.0,roi,roi,7020,7020,0.11333333333333351,0.11333333333333351
3y,ADA/USDT:USDT,2025-11-02 15:00:00+00:00,True,short_pullback_restart,0.10003342899893136,0.05363827409278373,-0.04639515490614763,roi,partial_exit,1470,1465,0.1437833714721588,0.05971731448763262
3y,ADA/USDT:USDT,2025-11-11 20:00:00+00:00,True,short_compression_breakdown,6.433459291934341e-05,6.43346057601198e-05,1.2840776388695595e-11,trailing_stop_loss,trailing_stop_loss,1905,1905,0.04305065874930403,0.04305065874930403
3y,ADA/USDT:USDT,2025-12-21 02:00:00+00:00,True,short_pullback_restart,0.000136008691392248,0.0001360086893015782,-2.0906697868142837e-12,trailing_stop_loss,trailing_stop_loss,1330,1330,0.034424853064651595,0.034424853064651595
3y,ADA/USDT:USDT,2025-12-23 14:00:00+00:00,True,short_compression_breakdown,0.00022720221233197706,0.00022720221149473668,-8.372403790223026e-13,trailing_stop_loss,trailing_stop_loss,2295,2295,0.026712134129013965,0.026712134129013965
3y,ADA/USDT:USDT,2026-01-20 09:00:00+00:00,True,short_pullback_restart,0.00021225515264901404,0.0002122551668378906,1.4188876554807953e-11,trailing_stop_loss,trailing_stop_loss,1025,1025,0.04100490903840592,0.04100490903840592
3y,ADA/USDT:USDT,2026-01-22 15:00:00+00:00,True,short_pullback_restart,-0.029336495672985956,-0.029336495674051874,-1.0659181870487089e-12,trailing_stop_loss,trailing_stop_loss,1585,1585,0.016183986371379744,0.016183986371379744
3y,ADA/USDT:USDT,2026-01-29 03:00:00+00:00,True,short_pullback_restart,0.09989936722754521,0.052956673650477654,-0.046942693577067554,roi,partial_exit,2980,735,0.11521323997453847,0.05989110707803991
3y,ADA/USDT:USDT,2026-02-10 07:00:00+00:00,True,short_pullback_restart,-0.0002029499017747091,-0.0002029498915629388,1.021177028570977e-11,trailing_stop_loss,trailing_stop_loss,1870,1870,0.04009527590313611,0.04009527590313611
3y,ADA/USDT:USDT,2026-02-22 13:00:00+00:00,True,short_compression_breakdown,-0.00020278490567012965,-0.0002027848935713535,1.209877613676455e-11,trailing_stop_loss,trailing_stop_loss,1415,1415,0.0630595562475671,0.0630595562475671
3y,ADA/USDT:USDT,2026-03-27 09:00:00+00:00,True,short_compression_breakdown,-3.804553750120626e-05,-3.804553259600934e-05,4.905196921930512e-12,trailing_stop_loss,trailing_stop_loss,1720,1720,0.03321033210332103,0.03321033210332103
3y,ADA/USDT:USDT,2026-04-13 00:00:00+00:00,True,short_compression_breakdown,-0.024262101456372906,-0.024262101458163647,-1.7907411664630501e-12,stop_loss,stop_loss,770,770,0.0008485362749257597,0.0008485362749257597
3y,ADA/USDT:USDT,2026-05-31 15:00:00+00:00,True,short_pullback_restart,0.09994425666849761,0.052527895909717695,-0.04741636075877992,roi,partial_exit,3385,2830,0.11705685618729089,0.056484410302756416
3y,BNB/USDT:USDT,2024-02-09 00:00:00+00:00,False,long_1d_center_compression,0.0036942222397763347,0.00369422224162588,1.849545256532581e-12,trailing_stop_loss,trailing_stop_loss,2090,2090,0.022854272618823224,0.022854272618823224
3y,BNB/USDT:USDT,2024-06-04 00:00:00+00:00,False,long_1d_center_compression,0.09999536902914556,0.09999536904377725,1.463168475268617e-11,roi,roi,1455,1455,0.10249497495453541,0.10249497495453541
3y,BNB/USDT:USDT,2024-07-04 02:00:00+00:00,True,short_compression_breakdown,0.1000086695622061,0.1000086695622061,0.0,roi,roi,1495,1495,0.1545089276122129,0.1545089276122129
3y,BNB/USDT:USDT,2024-08-03 16:00:00+00:00,True,short_pullback_restart,0.0999930482952648,0.05460332346009517,-0.04538972483516963,roi,partial_exit,1975,1390,0.1274125548187539,0.061285947907941285
3y,BNB/USDT:USDT,2024-08-07 15:00:00+00:00,True,short_pullback_restart,-0.046816289998442985,-0.046816289998442985,0.0,stop_loss,stop_loss,1490,1490,0.02043217800599062,0.02043217800599062
3y,BNB/USDT:USDT,2024-08-31 17:00:00+00:00,True,short_pullback_restart,-3.923184971226506e-05,0.0505119879525153,0.050551219802227564,trailing_stop_loss,partial_exit,3415,2195,0.06290611919473799,0.05514553117394483
3y,BNB/USDT:USDT,2024-11-24 00:00:00+00:00,False,long_1d_center_compression,-0.0004981743587274956,-0.0004981743510523751,7.675120521771772e-12,trailing_stop_loss,trailing_stop_loss,685,685,0.0571468063213183,0.0571468063213183
3y,BNB/USDT:USDT,2025-01-28 22:00:00+00:00,True,short_pullback_restart,-0.02697160292525803,-0.02697160292525803,0.0,stop_loss,stop_loss,365,365,0.0028522446254912737,0.0028522446254912737
3y,BNB/USDT:USDT,2025-02-27 15:00:00+00:00,True,short_pullback_restart,-0.0003202176453068244,0.05466254489314938,0.05498276253845621,trailing_stop_loss,partial_exit,2915,785,0.07734648652512699,0.05997573541047596
3y,BNB/USDT:USDT,2025-03-02 15:00:00+00:00,True,short_pullback_restart,-0.016036667923616122,-0.016036667923616122,0.0,stop_loss,stop_loss,25,25,0.001178540601553646,0.001178540601553646
3y,BNB/USDT:USDT,2025-05-22 00:00:00+00:00,False,long_1d_center_compression,9.00691298377593e-06,9.006912983775932e-06,1.6940658945086007e-21,trailing_stop_loss,trailing_stop_loss,2150,2150,0.026826407755459414,0.026826407755459414
3y,BNB/USDT:USDT,2025-06-22 14:00:00+00:00,True,short_pullback_restart,6.738632884346613e-06,6.738632884346613e-06,0.0,trailing_stop_loss,trailing_stop_loss,535,535,0.025378176432410804,0.025378176432410804
3y,BNB/USDT:USDT,2025-07-11 00:00:00+00:00,False,long_1d_center_compression,-0.00011399701810895262,-0.0001139970132851146,4.823838024988966e-12,trailing_stop_loss,trailing_stop_loss,5535,5535,0.031618825586478216,0.031618825586478216
3y,BNB/USDT:USDT,2025-08-14 00:00:00+00:00,False,long_1d_center_compression,-0.0002179579405731328,-0.0002179579405731328,0.0,trailing_stop_loss,trailing_stop_loss,750,750,0.02576948920770028,0.02576948920770028
3y,BNB/USDT:USDT,2025-10-03 00:00:00+00:00,False,long_1d_center_compression,0.10000306787442449,0.10000306787442449,0.0,roi,roi,4690,4690,0.10425241312298916,0.10425241312298916
3y,BNB/USDT:USDT,2025-11-20 17:00:00+00:00,True,short_pullback_restart,0.10000153028755565,0.06339500092994488,-0.03660652935761077,roi,partial_exit,1160,875,0.11338694178930875,0.10075000000000012
3y,BNB/USDT:USDT,2025-11-25 15:00:00+00:00,True,short_pullback_restart,-0.030152970059613076,-0.03015297005961308,-3.469446951953614e-18,stop_loss,stop_loss,490,490,0.005659431191346043,0.005659431191346043
3y,BNB/USDT:USDT,2025-12-17 16:00:00+00:00,True,short_pullback_restart,7.356016590511494e-06,7.356016590511494e-06,0.0,trailing_stop_loss,trailing_stop_loss,1320,1320,0.029096385542168646,0.029096385542168646
3y,BNB/USDT:USDT,2026-01-31 09:00:00+00:00,True,short_pullback_restart,0.1000056004710114,0.05048998977266544,-0.04951561069834596,roi,partial_exit,580,480,0.11628248421670828,0.05853837586067234
3y,BNB/USDT:USDT,2026-02-09 08:00:00+00:00,True,short_pullback_restart,1.3411786212802531e-05,1.3411786212802531e-05,0.0,trailing_stop_loss,trailing_stop_loss,320,320,0.025780476321898727,0.025780476321898727
3y,BNB/USDT:USDT,2026-03-22 00:00:00+00:00,True,short_pullback_restart,-0.02724279699212068,-0.027242796984900522,7.220158498855156e-12,stop_loss,stop_loss,2105,2105,0.016596774193548436,0.016596774193548436
3y,BNB/USDT:USDT,2026-04-01 14:00:00+00:00,True,short_pullback_restart,5.8705179328598e-05,0.05253525915198972,0.05247655397266112,trailing_stop_loss,partial_exit,6920,1275,0.07122706803805778,0.05700306021888357
3y,BTC/USDT:USDT,2023-08-17 14:00:00+00:00,True,short_compression_breakdown,0.10000033122846688,0.10000033122846687,-1.3877787807814457e-17,roi,roi,460,460,0.1550953988853181,0.1550953988853181
3y,BTC/USDT:USDT,2023-09-04 22:00:00+00:00,True,short_pullback_restart,-0.013319072289479442,-0.013319072289479442,0.0,trailing_stop_loss,trailing_stop_loss,2635,2635,0.01334991708126032,0.01334991708126032
3y,BTC/USDT:USDT,2023-10-24 00:00:00+00:00,False,long_1d_center_compression,0.09999962738592003,0.09999962738592003,0.0,roi,roi,23180,23180,0.11531716756364507,0.11531716756364507
3y,BTC/USDT:USDT,2023-11-10 00:00:00+00:00,False,long_1d_center_compression,-0.0007320074426125318,-0.0007320074426125318,0.0,trailing_stop_loss,trailing_stop_loss,2770,2770,0.02315929367422309,0.02315929367422309
3y,BTC/USDT:USDT,2024-01-03 00:00:00+00:00,False,long_1d_center_compression,-0.021358001854785612,-0.021358001854785612,0.0,stop_loss,stop_loss,710,710,0.01339715471646108,0.01339715471646108
3y,BTC/USDT:USDT,2024-01-22 02:00:00+00:00,True,short_pullback_restart,0.0012595812555525052,0.05170696164518814,0.050447380389635636,trailing_stop_loss,partial_exit,6330,1870,0.07313270203658062,0.055201530612244865
3y,BTC/USDT:USDT,2024-02-08 00:00:00+00:00,False,long_1d_center_compression,0.09999958456846775,0.09999958456846775,0.0,roi,roi,6660,6660,0.10315997500355323,0.10315997500355323
3y,BTC/USDT:USDT,2024-02-27 00:00:00+00:00,False,long_1d_center_compression,0.09999917562201942,0.09999917562201942,0.0,roi,roi,2240,2240,0.1096150000825511,0.1096150000825511
3y,BTC/USDT:USDT,2024-04-09 00:00:00+00:00,False,long_1d_center_compression,-0.02118623431875916,-0.02118623431875916,0.0,stop_loss,stop_loss,465,465,0.001985259137005313,0.001985259137005313
3y,BTC/USDT:USDT,2024-04-25 11:00:00+00:00,True,short_compression_breakdown,-0.022588977327449064,-0.022588977327449064,0.0,stop_loss,stop_loss,365,365,0.011433117617141164,0.011433117617141164
3y,BTC/USDT:USDT,2024-06-21 09:00:00+00:00,True,short_compression_breakdown,0.006462896802979756,0.006462896802979756,0.0,stale_flat_120h,stale_flat_120h,13930,13930,0.09267924009756423,0.09267924009756423
3y,BTC/USDT:USDT,2024-09-05 04:00:00+00:00,True,short_pullback_restart,-0.00031433323570337563,0.056631393117152436,0.05694572635285581,trailing_stop_loss,partial_exit,6710,2120,0.08747343403642671,0.06179145384327889
3y,BTC/USDT:USDT,2024-10-29 00:00:00+00:00,False,long_1d_center_compression,-0.000922490388994285,-0.000922490388994285,0.0,trailing_stop_loss,trailing_stop_loss,4125,4125,0.05318995308829444,0.05318995308829444
3y,BTC/USDT:USDT,2024-11-22 00:00:00+00:00,False,long_1d_center_compression,-0.02184181931875102,-0.02184181931875102,0.0,stop_loss,stop_loss,3815,3815,0.013146712102050762,0.013146712102050762
3y,BTC/USDT:USDT,2025-01-12 10:00:00+00:00,True,short_pullback_restart,-0.013713093875017578,-0.013713093875017578,0.0,trailing_stop_loss,trailing_stop_loss,315,315,0.0008114477037417522,0.0008114477037417522
3y,BTC/USDT:USDT,2025-02-09 14:00:00+00:00,True,short_pullback_restart,-0.017062033967351755,-0.017062033967351755,0.0,stop_loss,stop_loss,945,945,0.012524022689886172,0.012524022689886172
3y,BTC/USDT:USDT,2025-02-26 14:00:00+00:00,True,short_pullback_restart,0.00018540905564658406,0.054932044507623866,0.054746635451977284,trailing_stop_loss,partial_exit,1255,380,0.059935297122424736,0.059561585877375256
3y,BTC/USDT:USDT,2025-03-02 15:00:00+00:00,True,short_pullback_restart,-0.019138813239221838,-0.019138813239221838,0.0,stop_loss,stop_loss,25,25,0.0005445130606689386,0.0005445130606689386
3y,BTC/USDT:USDT,2025-03-09 10:00:00+00:00,True,short_pullback_restart,0.09999981346775348,0.050470923865654285,-0.049528889602099196,roi,partial_exit,2315,755,0.11460364041992022,0.057920841063698214
3y,BTC/USDT:USDT,2025-03-13 14:00:00+00:00,True,short_pullback_restart,8.645001317012255e-05,8.645001317012255e-05,0.0,trailing_stop_loss,trailing_stop_loss,650,650,0.02286636113106577,0.02286636113106577
3y,BTC/USDT:USDT,2025-04-03 13:00:00+00:00,True,short_pullback_restart,-0.02671648583181281,-0.02671648583181281,0.0,stop_loss,stop_loss,1140,1140,0.009117653580905882,0.009117653580905882
3y,BTC/USDT:USDT,2025-04-08 15:00:00+00:00,True,short_pullback_restart,0.0001709667894564005,0.0001709667894564005,0.0,trailing_stop_loss,trailing_stop_loss,1560,1560,0.051783020575634886,0.051783020575634886
3y,BTC/USDT:USDT,2025-05-09 00:00:00+00:00,False,long_1d_center_compression,-0.0008726431336197675,-0.0008726431336197675,0.0,trailing_stop_loss,trailing_stop_loss,5185,5185,0.02552698880148796,0.02552698880148796
3y,BTC/USDT:USDT,2025-05-22 00:00:00+00:00,False,long_1d_center_compression,-0.0004704795698667759,-0.0004704795698667759,0.0,trailing_stop_loss,trailing_stop_loss,2145,2145,0.02143881557819749,0.02143881557819749
3y,BTC/USDT:USDT,2025-07-10 00:00:00+00:00,False,long_1d_center_compression,0.10000002354941874,0.10000002354941874,0.0,roi,roi,6080,6080,0.10445252599375165,0.10445252599375165
3y,BTC/USDT:USDT,2025-08-11 00:00:00+00:00,False,long_1d_center_compression,-0.00020193473251458658,-0.00020193473251458658,0.0,trailing_stop_loss,trailing_stop_loss,780,780,0.026788746495962856,0.026788746495962856
3y,BTC/USDT:USDT,2025-08-21 17:00:00+00:00,True,short_pullback_restart,-0.016356197854906048,-0.016356197854906048,0.0,trailing_stop_loss,trailing_stop_loss,1260,1260,0.006494012590268161,0.006494012590268161
3y,BTC/USDT:USDT,2025-08-29 02:00:00+00:00,True,short_pullback_restart,0.0007738701390183536,0.0007738701390183536,0.0,trailing_stop_loss,trailing_stop_loss,6480,6480,0.03930082127383727,0.03930082127383727
3y,BTC/USDT:USDT,2025-11-04 06:00:00+00:00,True,short_pullback_restart,0.00024716650806928646,0.00024716650806928646,0.0,trailing_stop_loss,trailing_stop_loss,2175,2175,0.05334780076206802,0.05334780076206802
3y,BTC/USDT:USDT,2025-11-06 13:00:00+00:00,True,short_pullback_restart,9.266404663365438e-05,9.266404663365438e-05,0.0,trailing_stop_loss,trailing_stop_loss,965,965,0.02263304282590317,0.02263304282590317
3y,BTC/USDT:USDT,2026-02-03 17:00:00+00:00,True,short_pullback_restart,1.0475010531572972e-06,1.0475010531572972e-06,0.0,trailing_stop_loss,trailing_stop_loss,210,210,0.04896473002859136,0.04896473002859136
3y,BTC/USDT:USDT,2026-03-27 09:00:00+00:00,True,short_compression_breakdown,-0.00021348783050313813,-0.00021348783050313813,0.0,trailing_stop_loss,trailing_stop_loss,4265,4265,0.04557273615103319,0.04557273615103319
3y,BTC/USDT:USDT,2026-04-18 00:00:00+00:00,False,long_1d_center_compression,-0.020782389297778796,-0.02078238928952174,8.257054762150773e-12,stop_loss,stop_loss,1115,1115,0.004535859775206097,0.004535859775206097
3y,BTC/USDT:USDT,2026-06-07 20:00:00+00:00,True,short_pullback_restart,-0.029402379258000075,-0.02940237925800008,-3.469446951953614e-18,stop_loss,stop_loss,130,130,0.0018630586520280712,0.0018630586520280712
3y,BTC/USDT:USDT,2026-06-09 14:00:00+00:00,True,short_pullback_restart,7.347442181200451e-06,7.3474439475454134e-06,1.7663449624797474e-12,trailing_stop_loss,trailing_stop_loss,370,370,0.024514854744465575,0.024514854744465575
3y,DOGE/USDT:USDT,2023-09-04 22:00:00+00:00,True,short_pullback_restart,-0.021052578565731724,-0.021052578543254333,2.2477391475872466e-11,stop_loss,stop_loss,285,285,0.0014474107430042515,0.0014474107430042515
3y,DOGE/USDT:USDT,2023-11-07 00:00:00+00:00,False,long_1d_center_compression,-0.02096705147941341,-0.020967051473609003,5.804405567300108e-12,stop_loss,stop_loss,30,30,0.0014392254350386047,0.0014392254350386047
3y,DOGE/USDT:USDT,2024-06-14 16:05:00+00:00,True,short_pullback_restart,-0.0010724784440035123,-0.0010724784440881141,-8.460181340208539e-14,trailing_stop_loss,trailing_stop_loss,0,0,0.06160305343511441,0.06160305343511441
3y,DOGE/USDT:USDT,2024-06-19 15:00:00+00:00,True,short_pullback_restart,-0.04324826873520779,-0.0432482687324054,2.8023902642893006e-12,stop_loss,stop_loss,1205,1205,0.0041196341764850875,0.0041196341764850875
3y,DOGE/USDT:USDT,2024-06-27 06:00:00+00:00,True,short_compression_breakdown,-0.03177029441081715,-0.03177029440939293,1.4242218515647664e-12,stop_loss,stop_loss,425,425,0.0029853221660169904,0.0029853221660169904
3y,DOGE/USDT:USDT,2024-07-10 01:00:00+00:00,True,short_pullback_restart,-0.033577160224453895,-0.03357716024317224,-1.871834631739233e-11,stop_loss,stop_loss,205,205,0.0035024611889435953,0.0035024611889435953
3y,DOGE/USDT:USDT,2024-08-03 16:00:00+00:00,True,short_pullback_restart,0.10001979379172275,0.05254538517564872,-0.047474408616074035,roi,partial_exit,1540,1355,0.11769464105156713,0.05729316116690564
3y,DOGE/USDT:USDT,2024-09-05 04:00:00+00:00,True,short_pullback_restart,0.00020974322429420542,0.05050054368838436,0.05029080046409015,trailing_stop_loss,partial_exit,4220,2260,0.08316452847175348,0.06388858185033719
3y,DOGE/USDT:USDT,2024-10-29 00:00:00+00:00,False,long_1d_center_compression,0.10000899885475645,0.10000899884134475,-1.3411702304289008e-11,roi,roi,980,980,0.10972058732420553,0.10972058732420553
3y,DOGE/USDT:USDT,2025-02-01 20:00:00+00:00,True,short_compression_breakdown,0.10000335687125154,0.10000335687365311,2.4015650579300996e-12,roi,roi,1245,1245,0.11992462490222566,0.11992462490222566
3y,DOGE/USDT:USDT,2025-02-09 14:00:00+00:00,True,short_pullback_restart,7.03520068984537e-05,7.035201153463534e-05,4.636181643127325e-12,trailing_stop_loss,trailing_stop_loss,585,585,0.0406680584551149,0.0406680584551149
3y,DOGE/USDT:USDT,2025-02-18 06:00:00+00:00,True,short_compression_breakdown,9.118157189219384e-06,9.118144286072519e-06,-1.290314686524976e-11,trailing_stop_loss,trailing_stop_loss,205,205,0.02216010371090582,0.02216010371090582
3y,DOGE/USDT:USDT,2025-02-23 16:00:00+00:00,True,short_pullback_restart,0.10000896920263631,0.05196650337558942,-0.048042465827046896,roi,partial_exit,1800,755,0.14897579143389206,0.06332302253645605
3y,DOGE/USDT:USDT,2025-03-09 03:00:00+00:00,True,short_compression_breakdown,0.1000103047238383,0.10001030470417423,-1.9664075923131463e-11,roi,roi,835,835,0.11490136214185065,0.11490136214185065
3y,DOGE/USDT:USDT,2025-06-04 14:00:00+00:00,True,short_pullback_restart,0.00015984660523879287,0.00015984658457942434,-2.0659368530143163e-11,trailing_stop_loss,trailing_stop_loss,1365,1365,0.02655388404090142,0.02655388404090142
3y,DOGE/USDT:USDT,2025-06-12 16:00:00+00:00,True,short_compression_breakdown,0.10000685438846448,0.10000685438128573,-7.178743710589686e-12,roi,roi,7165,7165,0.11190233977619535,0.11190233977619535
3y,DOGE/USDT:USDT,2025-09-01 00:00:00+00:00,True,short_pullback_restart,0.00012953982473299088,0.0001295398258298926,1.0969017306874246e-12,trailing_stop_loss,trailing_stop_loss,450,450,0.026580149002643605,0.026580149002643605
3y,DOGE/USDT:USDT,2025-11-06 06:00:00+00:00,True,short_pullback_restart,8.855774281338136e-05,8.855774642345153e-05,3.6100701692343834e-12,trailing_stop_loss,trailing_stop_loss,1245,1245,0.04346440634758775,0.04346440634758775
3y,DOGE/USDT:USDT,2025-11-19 06:00:00+00:00,True,short_pullback_restart,0.00012205846401204799,0.05123457315837684,0.05111251469436479,trailing_stop_loss,partial_exit,1185,740,0.06365181910914663,0.05753887762001342
3y,DOGE/USDT:USDT,2025-12-07 14:00:00+00:00,True,short_pullback_restart,1.3611263262429391e-05,1.361126326242939e-05,-1.6940658945086007e-21,trailing_stop_loss,trailing_stop_loss,110,110,0.025300489686897132,0.025300489686897132
3y,DOGE/USDT:USDT,2026-02-10 07:00:00+00:00,True,short_pullback_restart,-0.00023727127620087857,0.05349694360629337,0.05373421488249425,trailing_stop_loss,partial_exit,3030,1930,0.06216554707958544,0.05927103440445114
3y,DOGE/USDT:USDT,2026-05-31 15:00:00+00:00,True,short_pullback_restart,-0.01585593364108867,-0.015855933640856155,2.325153958260273e-13,trailing_stop_loss,trailing_stop_loss,750,750,0.01030823648307222,0.01030823648307222
3y,DOGE/USDT:USDT,2026-06-09 16:00:00+00:00,True,short_pullback_restart,0.00015285000658811767,0.00015285001013337437,3.5452566988884715e-12,trailing_stop_loss,trailing_stop_loss,1995,1995,0.028127675186498946,0.028127675186498946
3y,ETH/USDT:USDT,2023-08-02 15:00:00+00:00,True,short_pullback_restart,-0.0003464629838291412,-0.0003464629838291412,0.0,stale_loss_72h,stale_loss_72h,6390,6390,0.01779109560640668,0.01779109560640668
3y,ETH/USDT:USDT,2023-08-17 15:00:00+00:00,True,short_pullback_restart,0.09999793599594012,0.09999793599660259,6.624700787938309e-13,roi,roi,400,400,0.19148366004314443,0.19148366004314443
3y,ETH/USDT:USDT,2023-08-24 15:00:00+00:00,True,short_pullback_restart,-0.00912808233107652,-0.009128082324409861,6.66665854465176e-12,stale_loss_72h,stale_loss_72h,4325,4325,0.008218623978034634,0.008218623978034634
3y,ETH/USDT:USDT,2023-09-01 15:00:00+00:00,True,short_compression_breakdown,-0.0005148530421800582,-0.0005148530359297605,6.250297696942797e-12,stale_loss_72h,stale_loss_72h,4325,4325,0.017855135459212246,0.017855135459212246
3y,ETH/USDT:USDT,2023-10-12 10:00:00+00:00,True,short_pullback_restart,-0.01990248592021518,-0.01990248591370084,6.514337680396665e-12,stop_loss,stop_loss,2100,2100,0.017484318256850484,0.017484318256850484
3y,ETH/USDT:USDT,2023-11-10 00:00:00+00:00,False,long_1d_center_compression,-0.021661210450297605,-0.021661210455332328,-5.034722638797007e-12,stop_loss,stop_loss,730,730,0.007857102481487743,0.007857102481487743
3y,ETH/USDT:USDT,2023-12-05 00:00:00+00:00,False,long_1d_center_compression,-0.0210823961940817,-0.021082396189322148,4.75955039269671e-12,stop_loss,stop_loss,460,460,0.004425784540507127,0.004425784540507127
3y,ETH/USDT:USDT,2024-01-29 14:00:00+00:00,True,short_pullback_restart,-0.017161580487043557,-0.01716158048669281,3.507472090547026e-13,stop_loss,stop_loss,120,120,0.005192652329749192,0.005192652329749192
3y,ETH/USDT:USDT,2024-05-10 15:00:00+00:00,True,short_pullback_restart,0.0005525718317725452,0.0005525718365744266,4.80188133179793e-12,trailing_stop_loss,trailing_stop_loss,3840,3840,0.024718904951463117,0.024718904951463117
3y,ETH/USDT:USDT,2024-07-04 02:00:00+00:00,True,short_compression_breakdown,0.09999983224045524,0.09999983222384455,-1.6610685049656126e-11,roi,roi,1495,1495,0.11364772017489067,0.11364772017489067
3y,ETH/USDT:USDT,2024-07-07 08:00:00+00:00,True,short_pullback_restart,0.00027657391435974613,0.05378359281301932,0.053507018898659574,trailing_stop_loss,partial_exit,1465,1030,0.06441093695724587,0.05920737041112911
3y,ETH/USDT:USDT,2024-09-03 09:00:00+00:00,True,short_pullback_restart,0.09999922126706882,0.0734806221979327,-0.02651859906913613,roi,partial_exit,4835,965,0.12434076714005426,0.08405246282870626
3y,ETH/USDT:USDT,2025-01-28 17:00:00+00:00,True,short_pullback_restart,9.840413203702896e-05,9.840413203702896e-05,0.0,trailing_stop_loss,trailing_stop_loss,815,815,0.03667215273206059,0.03667215273206059
3y,ETH/USDT:USDT,2025-02-01 20:00:00+00:00,True,short_compression_breakdown,0.10000146062059656,0.10000146062059656,0.0,roi,roi,1590,1590,0.12267177315929079,0.12267177315929079
3y,ETH/USDT:USDT,2025-02-09 22:00:00+00:00,True,short_pullback_restart,-0.04898326403058519,-0.04898326403058519,0.0,stop_loss,stop_loss,950,950,0.010198019801980207,0.010198019801980207
3y,ETH/USDT:USDT,2025-02-26 13:00:00+00:00,True,short_pullback_restart,3.817792511805629e-06,3.817792511805628e-06,-8.470329472543003e-22,trailing_stop_loss,trailing_stop_loss,105,105,0.02687593157932522,0.02687593157932522
3y,ETH/USDT:USDT,2025-04-05 13:00:00+00:00,True,short_pullback_restart,0.10000228228819703,0.053724446766322674,-0.04627783552187436,roi,partial_exit,1785,1710,0.11686761963952774,0.07057793240675103
3y,ETH/USDT:USDT,2025-06-11 00:00:00+00:00,False,long_1d_center_compression,-0.021176824141699947,-0.021176824141699947,0.0,stop_loss,stop_loss,590,590,0.006566657432859557,0.006566657432859557
3y,ETH/USDT:USDT,2025-06-22 14:00:00+00:00,True,short_pullback_restart,4.763595738172571e-05,4.7635941086947655e-05,-1.6294778053997996e-11,trailing_stop_loss,trailing_stop_loss,485,485,0.0416390336333492,0.0416390336333492
3y,ETH/USDT:USDT,2025-07-10 00:00:00+00:00,False,long_1d_center_compression,0.10000094532180981,0.10000094531822183,-3.5879771376201575e-12,roi,roi,5980,5980,0.10269213676387157,0.10269213676387157
3y,ETH/USDT:USDT,2025-08-08 00:00:00+00:00,False,long_1d_center_compression,0.0999988695420999,0.09999886954286523,7.653322420253517e-13,roi,roi,2780,2780,0.10665233855286038,0.10665233855286038
3y,ETH/USDT:USDT,2025-09-13 00:00:00+00:00,False,long_1d_center_compression,-0.021272756369197437,-0.021272756381331404,-1.2133967441929627e-11,stop_loss,stop_loss,1005,1005,0.012138014188612711,0.012138014188612711
3y,ETH/USDT:USDT,2025-10-29 16:00:00+00:00,True,short_compression_breakdown,4.214557791168737e-05,4.21455892563077e-05,1.1344620331847893e-11,trailing_stop_loss,trailing_stop_loss,155,155,0.026007116698267607,0.026007116698267607
3y,ETH/USDT:USDT,2025-10-30 13:00:00+00:00,True,short_compression_breakdown,-2.9504089965214722e-05,-2.95040866564237e-05,3.3087910226113886e-12,trailing_stop_loss,trailing_stop_loss,670,670,0.03751257579465439,0.03751257579465439
3y,ETH/USDT:USDT,2025-11-06 13:00:00+00:00,True,short_pullback_restart,1.8343162046631403e-06,1.8343162046631403e-06,0.0,trailing_stop_loss,trailing_stop_loss,345,345,0.03170416024653311,0.03170416024653311
3y,ETH/USDT:USDT,2025-11-20 16:00:00+00:00,True,short_pullback_restart,0.09999836122729004,0.05191730744811367,-0.048081053779176375,roi,partial_exit,930,185,0.11801411461979439,0.05972360213916006
3y,ETH/USDT:USDT,2026-01-25 04:00:00+00:00,True,short_pullback_restart,4.53757861871523e-05,0.051458903034278185,0.051413527248091034,trailing_stop_loss,partial_exit,2110,995,0.05653071853168834,0.05653071853168834
3y,ETH/USDT:USDT,2026-02-17 15:00:00+00:00,True,short_pullback_restart,-0.032092697142960605,-0.032092697138305794,4.654811258664182e-12,trailing_stop_loss,trailing_stop_loss,95,95,0.0038865779042376314,0.0038865779042376314
3y,ETH/USDT:USDT,2026-06-05 03:00:00+00:00,True,short_pullback_restart,0.10000165664567723,0.051465325729148866,-0.04853633091652836,roi,partial_exit,790,205,0.11870633893919802,0.06608478034407739
3y,ETH/USDT:USDT,2026-06-09 15:00:00+00:00,True,short_pullback_restart,-0.00013437307833726817,-0.00013437306881685239,9.520415787103373e-12,trailing_stop_loss,trailing_stop_loss,1290,1290,0.024866043613707145,0.024866043613707145
3y,LINK/USDT:USDT,2023-06-19 11:00:00+00:00,True,short_compression_breakdown,-0.025567502156155036,-0.025567502156155036,0.0,trailing_stop_loss,trailing_stop_loss,1865,1865,0.02012072434607659,0.02012072434607659
3y,LINK/USDT:USDT,2023-08-21 11:00:00+00:00,True,short_pullback_restart,0.00014144945961120167,0.00014144947310682721,1.349562554265639e-11,trailing_stop_loss,trailing_stop_loss,275,275,0.022666666666666613,0.022666666666666613
3y,LINK/USDT:USDT,2024-02-12 00:00:00+00:00,False,long_1d_center_compression,-5.845146430717799e-05,-5.845147979223916e-05,-1.548506117034004e-11,trailing_stop_loss,trailing_stop_loss,95,95,0.02416513670421283,0.02416513670421283
3y,LINK/USDT:USDT,2024-04-27 17:00:00+00:00,True,short_compression_breakdown,-0.03309540787063885,-0.033095407852351856,1.8286996916749843e-11,stop_loss,stop_loss,60,60,0.0009375450742823421,0.0009375450742823421
3y,LINK/USDT:USDT,2024-04-28 23:00:00+00:00,True,short_pullback_restart,0.10002311685222857,0.05164104259743167,-0.0483820742547969,roi,partial_exit,3440,2235,0.11845396594851931,0.06919160752854059
3y,LINK/USDT:USDT,2024-05-11 21:00:00+00:00,True,short_pullback_restart,0.00019772341035723484,0.00019772340708286158,-3.2743732584269297e-12,trailing_stop_loss,trailing_stop_loss,2025,2025,0.022428046540110103,0.022428046540110103
3y,LINK/USDT:USDT,2024-06-13 16:00:00+00:00,True,short_compression_breakdown,0.00046287526561414636,0.0004628752855806392,1.9966492814573605e-11,trailing_stop_loss,trailing_stop_loss,1445,1445,0.035452238908317835,0.035452238908317835
3y,LINK/USDT:USDT,2024-06-15 21:00:00+00:00,True,short_pullback_restart,-0.019680802586125864,-0.019680802593095476,-6.969612387219826e-12,trailing_stop_loss,trailing_stop_loss,975,975,0.015383558821509435,0.015383558821509435
3y,LINK/USDT:USDT,2024-07-11 04:00:00+00:00,True,short_pullback_restart,-0.03501673752123116,-0.03501673752512266,-3.8914982347648674e-12,stop_loss,stop_loss,510,510,0.0019855452307204757,0.0019855452307204757
3y,LINK/USDT:USDT,2024-07-25 19:00:00+00:00,True,short_compression_breakdown,-0.044913188911531406,-0.04491318894779136,-3.625995337319665e-11,trailing_stop_loss,trailing_stop_loss,445,445,0.009709516931471818,0.009709516931471818
3y,LINK/USDT:USDT,2024-07-31 17:00:00+00:00,True,short_compression_breakdown,-5.798297368839349e-05,-5.798298456922711e-05,-1.0880833621531184e-11,trailing_stop_loss,trailing_stop_loss,1055,1055,0.029463012830666768,0.029463012830666768
3y,LINK/USDT:USDT,2024-10-09 21:00:00+00:00,True,short_compression_breakdown,-0.039410126257144185,-0.03941012624658487,1.0559317309422056e-11,trailing_stop_loss,trailing_stop_loss,2530,2530,0.01747534901884218,0.01747534901884218
3y,LINK/USDT:USDT,2024-10-13 15:00:00+00:00,True,short_pullback_restart,-0.03514096916195636,-0.03514096917781969,-1.58633314817358e-11,stop_loss,stop_loss,1365,1365,0.011698113207547323,0.011698113207547323
3y,LINK/USDT:USDT,2025-02-06 15:00:00+00:00,True,short_pullback_restart,1.3599616936110533e-05,1.359963127117629e-05,1.4335065756028204e-11,trailing_stop_loss,trailing_stop_loss,1100,1100,0.03968685440904651,0.03968685440904651
3y,LINK/USDT:USDT,2025-02-24 03:00:00+00:00,True,short_pullback_restart,0.09998937513612287,0.053653181528465835,-0.046336193607657034,roi,partial_exit,1140,710,0.12523632570571763,0.05831136182475927
3y,LINK/USDT:USDT,2025-03-02 14:00:00+00:00,True,short_pullback_restart,-0.024920334182839454,-0.024920334182839454,0.0,stop_loss,stop_loss,85,85,0.014095264546590824,0.014095264546590824
3y,LINK/USDT:USDT,2025-06-01 10:00:00+00:00,True,short_pullback_restart,-0.03894757597521578,-0.038947575953271994,2.1943787065215048e-11,trailing_stop_loss,trailing_stop_loss,2295,2295,0.006038291605301893,0.006038291605301893
3y,LINK/USDT:USDT,2025-07-01 19:00:00+00:00,True,short_compression_breakdown,-0.03452560028250528,-0.034525600290758025,-8.252745709036446e-12,stop_loss,stop_loss,1210,1210,0.010380622837370401,0.010380622837370401
3y,LINK/USDT:USDT,2026-01-31 09:00:00+00:00,True,short_pullback_restart,0.09995938129709975,0.05651666767017387,-0.04344271362692588,roi,partial_exit,490,490,0.11798653414555949,0.06224614134849715
3y,LINK/USDT:USDT,2026-02-19 14:00:00+00:00,True,short_compression_breakdown,-0.04489717551599378,-0.04489717551939675,-3.402972348354183e-12,stop_loss,stop_loss,1500,1500,0.006836171743823449,0.006836171743823449
3y,LINK/USDT:USDT,2026-02-24 14:00:00+00:00,True,short_compression_breakdown,-0.029624361221815405,-0.029624361220543117,1.2722878306448138e-12,trailing_stop_loss,trailing_stop_loss,670,670,0.0053416149068321594,0.0053416149068321594
3y,LINK/USDT:USDT,2026-06-05 03:00:00+00:00,True,short_pullback_restart,0.09998612579681805,0.05239988550315168,-0.04758624029366637,roi,partial_exit,1530,205,0.11256955343130248,0.06370208702769053
3y,LINK/USDT:USDT,2026-06-07 20:00:00+00:00,True,short_pullback_restart,-0.037000123026377674,-0.0370001230360932,-9.715526994025225e-12,stop_loss,stop_loss,130,130,0.0033042558815754575,0.0033042558815754575
3y,NEAR/USDT:USDT,2023-07-05 11:00:00+00:00,True,short_compression_breakdown,4.069214291639856e-05,4.069214291639856e-05,0.0,trailing_stop_loss,trailing_stop_loss,2705,2705,0.05607476635514019,0.05607476635514019
3y,NEAR/USDT:USDT,2023-07-10 01:00:00+00:00,True,short_compression_breakdown,-0.0397528692566336,-0.0397528692566336,0.0,stop_loss,stop_loss,1130,1130,0.010124610591900174,0.010124610591900174
3y,NEAR/USDT:USDT,2023-07-27 19:00:00+00:00,True,short_pullback_restart,-0.027591380964883075,-0.027591380964883075,0.0,stop_loss,stop_loss,515,515,0.0014792899408284654,0.0014792899408284654
3y,NEAR/USDT:USDT,2023-07-31 20:00:00+00:00,True,short_compression_breakdown,0.0005711158297738142,0.0005711158297738142,0.0,trailing_stop_loss,trailing_stop_loss,565,565,0.03340926347760065,0.03340926347760065
3y,NEAR/USDT:USDT,2023-08-06 14:00:00+00:00,True,short_pullback_restart,0.000857083255307107,0.000857083255307107,0.0,trailing_stop_loss,trailing_stop_loss,2050,2050,0.03384615384615386,0.03384615384615386
3y,NEAR/USDT:USDT,2023-08-21 11:00:00+00:00,True,short_pullback_restart,0.0007587273425816599,0.0007587273425816599,0.0,trailing_stop_loss,trailing_stop_loss,265,265,0.02893309222423124,0.02893309222423124
3y,NEAR/USDT:USDT,2023-08-22 18:00:00+00:00,True,short_pullback_restart,-0.03373076183868501,-0.03373076183868501,0.0,stop_loss,stop_loss,165,165,0.008241758241758212,0.008241758241758212
3y,NEAR/USDT:USDT,2023-12-03 00:00:00+00:00,False,long_1d_center_compression,-0.02097012580148308,-0.020970125814554815,-1.3071734666914026e-11,stop_loss,stop_loss,285,285,0.001491795126802531,0.001491795126802531
3y,NEAR/USDT:USDT,2024-01-21 16:00:00+00:00,True,short_pullback_restart,0.09997022156361883,0.05267353913042856,-0.04729668243319027,roi,partial_exit,1400,1100,0.11307287753568751,0.05859235441229016
3y,NEAR/USDT:USDT,2024-03-26 00:00:00+00:00,False,long_1d_center_compression,-0.002149423004712518,-0.002149422997494672,7.21784567878081e-12,trailing_stop_loss,trailing_stop_loss,1975,1975,0.08713136729222515,0.08713136729222515
3y,NEAR/USDT:USDT,2024-08-19 00:00:00+00:00,True,short_pullback_restart,-0.045804706510299026,-0.045804706510299026,0.0,stop_loss,stop_loss,1470,1470,0.01749347258485634,0.01749347258485634
3y,NEAR/USDT:USDT,2024-11-02 13:00:00+00:00,True,short_compression_breakdown,0.00017478594511527296,0.00017478594235140213,-2.763870837925453e-12,trailing_stop_loss,trailing_stop_loss,4410,4410,0.10336950314106219,0.10336950314106219
3y,NEAR/USDT:USDT,2024-12-30 14:00:00+00:00,True,short_pullback_restart,0.0003488424743169763,0.0003488424973586159,2.3041639614102688e-11,trailing_stop_loss,trailing_stop_loss,1100,1100,0.025802519301097337,0.025802519301097337
3y,NEAR/USDT:USDT,2025-01-15 10:00:00+00:00,True,short_pullback_restart,-0.0427088544272136,-0.0427088544272136,0.0,stop_loss,stop_loss,225,225,0.007822149032523651,0.007822149032523651
3y,NEAR/USDT:USDT,2025-01-26 22:00:00+00:00,True,short_pullback_restart,0.10008974354436521,0.05206297395711943,-0.048026769587245784,roi,partial_exit,565,195,0.1257182256952425,0.058111903218837746
3y,NEAR/USDT:USDT,2025-05-06 11:00:00+00:00,True,short_compression_breakdown,-0.03486457809383037,-0.03486457810323743,-9.407065404420933e-12,stop_loss,stop_loss,800,800,0.020637056976222423,0.020637056976222423
3y,NEAR/USDT:USDT,2025-06-01 10:00:00+00:00,True,short_pullback_restart,-0.03658799216648093,-0.03658799215362522,1.2855709552450634e-11,trailing_stop_loss,trailing_stop_loss,370,370,0.002119542178889322,0.002119542178889322
3y,NEAR/USDT:USDT,2025-06-02 10:00:00+00:00,True,short_pullback_restart,-0.04424089979278109,-0.0442408998087067,-1.5925608054523366e-11,stop_loss,stop_loss,720,720,0.003372681281618828,0.003372681281618828
3y,NEAR/USDT:USDT,2025-06-21 14:00:00+00:00,True,short_pullback_restart,0.10024518384446449,0.0579083437784535,-0.04233684006601099,roi,partial_exit,1405,455,0.11555312157721787,0.07097791798107256
3y,NEAR/USDT:USDT,2025-08-21 12:00:00+00:00,True,short_pullback_restart,0.00040741854199973827,0.00040741854199973827,0.0,trailing_stop_loss,trailing_stop_loss,855,855,0.023514851485148425,0.023514851485148425
3y,NEAR/USDT:USDT,2025-08-22 12:00:00+00:00,True,short_compression_breakdown,-0.03465805131706576,-0.03465805131706575,6.938893903907228e-18,stop_loss,stop_loss,120,120,0.017743979721166037,0.017743979721166037
3y,NEAR/USDT:USDT,2025-08-31 23:00:00+00:00,True,short_pullback_restart,9.099070209625488e-05,9.09906971498653e-05,-4.946389584275894e-12,trailing_stop_loss,trailing_stop_loss,530,530,0.03753235547886091,0.03753235547886091
3y,NEAR/USDT:USDT,2025-11-02 15:00:00+00:00,True,short_pullback_restart,-0.039081609411235965,-0.03908160942463553,-1.3399566178851074e-11,stop_loss,stop_loss,545,545,0.009519276534983412,0.009519276534983412
3y,NEAR/USDT:USDT,2025-11-28 02:00:00+00:00,True,short_pullback_restart,-0.04095474260053483,-0.040954742601078405,-5.435721317503805e-13,stop_loss,stop_loss,810,810,0.006970509383378065,0.006970509383378065
3y,NEAR/USDT:USDT,2025-11-29 15:00:00+00:00,True,short_compression_breakdown,0.10004915535414133,0.10004915534926549,-4.875835846185339e-12,roi,roi,2195,2195,0.11570743405275774,0.11570743405275774
3y,NEAR/USDT:USDT,2025-12-14 18:00:00+00:00,True,short_compression_breakdown,-0.03199821743833978,-0.03199821744868805,-1.0348270851334718e-11,trailing_stop_loss,trailing_stop_loss,495,495,0.014659018483110353,0.014659018483110353
3y,NEAR/USDT:USDT,2025-12-31 11:00:00+00:00,True,short_compression_breakdown,0.00043475070868767714,0.00043475070868767714,0.0,trailing_stop_loss,trailing_stop_loss,590,590,0.02249488752556239,0.02249488752556239
3y,NEAR/USDT:USDT,2026-01-20 07:00:00+00:00,True,short_pullback_restart,0.00044115013841776544,0.0004411501178264742,-2.0591291258892364e-11,trailing_stop_loss,trailing_stop_loss,1935,1935,0.049764626765299136,0.049764626765299136
3y,NEAR/USDT:USDT,2026-01-25 09:00:00+00:00,True,short_pullback_restart,0.00036674260467058523,0.050176494392294345,0.04980975178762376,trailing_stop_loss,partial_exit,1810,695,0.05539772727272729,0.05539772727272729
3y,NEAR/USDT:USDT,2026-02-04 14:00:00+00:00,True,short_pullback_restart,0.0008009293784508508,0.0008009293781944364,-2.5641435589390804e-13,trailing_stop_loss,trailing_stop_loss,130,130,0.024756852343059244,0.024756852343059244
3y,NEAR/USDT:USDT,2026-02-24 14:00:00+00:00,True,short_compression_breakdown,-0.02599357521084194,-0.025993575209476327,1.365612484205414e-12,trailing_stop_loss,trailing_stop_loss,130,130,0.013669821240799074,0.013669821240799074
3y,NEAR/USDT:USDT,2026-03-29 11:00:00+00:00,True,short_pullback_restart,0.0008284372077120453,0.000828437213784181,6.0721357412682475e-12,trailing_stop_loss,trailing_stop_loss,715,715,0.025686448184233823,0.025686448184233823
3y,NEAR/USDT:USDT,2026-04-02 02:00:00+00:00,True,short_pullback_restart,0.0007652792962594923,0.0007652792771890782,-1.907041408469312e-11,trailing_stop_loss,trailing_stop_loss,755,755,0.02811950790861162,0.02811950790861162
3y,PAXG/USDT:USDT,2025-06-14 00:00:00+00:00,False,long_1d_center_compression,-0.020690681339677983,-0.020690681339677983,0.0,stop_loss,stop_loss,5195,5195,0.010203403254105181,0.010203403254105181
3y,PAXG/USDT:USDT,2025-09-23 00:00:00+00:00,False,long_1d_center_compression,-0.0023782830717591404,-0.0023782830754640848,-3.704944337434846e-12,trailing_stop_loss,trailing_stop_loss,25755,25755,0.08505324813631532,0.08505324813631532
3y,PAXG/USDT:USDT,2025-11-11 00:00:00+00:00,False,long_1d_center_compression,-0.00024251959231477686,-0.00024251959231477686,0.0,trailing_stop_loss,trailing_stop_loss,5035,5035,0.030194111953619318,0.030194111953619318
3y,PAXG/USDT:USDT,2025-12-12 00:00:00+00:00,False,long_1d_center_compression,0.04296294593850629,0.04296294593882743,3.2113894876673044e-13,swing_exit_long_1d,swing_exit_long_1d,25020,25020,0.06851822879572955,0.06851822879572955
3y,PAXG/USDT:USDT,2026-01-07 00:00:00+00:00,False,long_1d_center_compression,0.0999996085471351,0.0999996085472201,8.500145032286355e-14,roi,roi,22985,22985,0.1047738208536042,0.1047738208536042
3y,SOL/USDT:USDT,2023-08-24 15:00:00+00:00,True,short_pullback_restart,-0.0012217794339895065,0.05021675600044371,0.05143853543443321,trailing_stop_loss,partial_exit,7165,7040,0.06128467883029254,0.06128467883029254
3y,SOL/USDT:USDT,2023-09-01 15:00:00+00:00,True,short_compression_breakdown,-0.03148533335910045,-0.031485333349529354,9.571093917415396e-12,stop_loss,stop_loss,3610,3610,0.019201430901151895,0.019201430901151895
3y,SOL/USDT:USDT,2024-02-09 00:00:00+00:00,False,long_1d_center_compression,0.10000072313353098,0.10000072311217155,-2.13594281150975e-11,roi,roi,5765,5765,0.10308345175293443,0.10308345175293443
3y,SOL/USDT:USDT,2024-06-06 00:00:00+00:00,False,long_1d_center_compression,-0.021541771661912738,-0.021541771677127917,-1.521517981051268e-11,stop_loss,stop_loss,1170,1170,0.00473895443578809,0.00473895443578809
3y,SOL/USDT:USDT,2024-06-13 16:00:00+00:00,True,short_compression_breakdown,0.000874277018764838,0.0008742770282751153,9.510277331273298e-12,trailing_stop_loss,trailing_stop_loss,4210,4210,0.05235842293906812,0.05235842293906812
3y,SOL/USDT:USDT,2024-10-21 00:00:00+00:00,False,long_1d_center_compression,-0.00019769054437002986,-0.00019769052911618214,1.525384771836405e-11,trailing_stop_loss,trailing_stop_loss,525,525,0.026938239159001398,0.026938239159001398
3y,SOL/USDT:USDT,2024-12-18 20:00:00+00:00,True,short_compression_breakdown,2.676955382295478e-06,2.676955382295478e-06,0.0,trailing_stop_loss,trailing_stop_loss,10,10,0.02784121276905882,0.02784121276905882
3y,SOL/USDT:USDT,2025-02-05 16:00:00+00:00,True,short_compression_breakdown,-0.00015045484505439975,-0.00015045486091475936,-1.5860359602265853e-11,trailing_stop_loss,trailing_stop_loss,735,735,0.03378620866444493,0.03378620866444493
3y,SOL/USDT:USDT,2025-02-06 15:00:00+00:00,True,short_pullback_restart,9.814683605495448e-05,9.814683605495448e-05,0.0,trailing_stop_loss,trailing_stop_loss,685,685,0.04285103654627065,0.04285103654627065
3y,SOL/USDT:USDT,2025-02-16 14:00:00+00:00,True,short_pullback_restart,0.1000015010569712,0.05031888317521928,-0.04968261788175192,roi,partial_exit,2400,1085,0.11896652965355248,0.05573407202216063
3y,SOL/USDT:USDT,2025-02-24 02:00:00+00:00,True,short_compression_breakdown,0.100000025896988,0.10000002590530911,8.32110769177774e-12,roi,roi,1200,1200,0.12772413793103454,0.12772413793103454
3y,SOL/USDT:USDT,2025-03-18 14:00:00+00:00,True,short_compression_breakdown,-0.032859432368630224,-0.0328594323599586,8.671625917333614e-12,trailing_stop_loss,trailing_stop_loss,630,630,0.003940886699507429,0.003940886699507429
3y,SOL/USDT:USDT,2025-03-30 14:00:00+00:00,True,short_pullback_restart,-0.028364240603470196,-0.028364240613079853,-9.609656820286361e-12,stop_loss,stop_loss,285,285,0.004559889259832195,0.004559889259832195
3y,SOL/USDT:USDT,2025-04-05 14:00:00+00:00,True,short_pullback_restart,0.09996890807128275,0.05161426976270235,-0.0483546383085804,roi,partial_exit,1835,1665,0.11903857115713468,0.06645540968764152
3y,SOL/USDT:USDT,2025-05-09 00:00:00+00:00,False,long_1d_center_compression,-0.021017484503689506,-0.021017484504800087,-1.1105803776612078e-12,stop_loss,stop_loss,240,240,0.00012164710175777138,0.00012164710175777138
3y,SOL/USDT:USDT,2025-06-05 14:00:00+00:00,True,short_pullback_restart,-0.00011454301159812611,0.0526208406110674,0.05273538362266553,trailing_stop_loss,partial_exit,1345,405,0.062433712790779694,0.06040931545518702
3y,SOL/USDT:USDT,2025-06-19 15:00:00+00:00,True,short_pullback_restart,-0.030930916497886547,-0.030930916497886547,0.0,stop_loss,stop_loss,455,455,0.0018203458657144456,0.0018203458657144456
3y,SOL/USDT:USDT,2025-06-21 18:00:00+00:00,True,short_pullback_restart,8.916302012018682e-05,0.054767856730575076,0.05467869371045489,trailing_stop_loss,partial_exit,2880,1160,0.10132718747516511,0.06224130001533035
3y,SOL/USDT:USDT,2025-09-11 00:00:00+00:00,False,long_1d_center_compression,-3.1562382759177344e-06,-3.156233255818481e-06,5.020099253201987e-12,trailing_stop_loss,trailing_stop_loss,750,750,0.02259533803697411,0.02259533803697411
3y,SOL/USDT:USDT,2025-10-19 09:00:00+00:00,True,short_pullback_restart,-0.022915059224527516,-0.022915059224527516,0.0,stop_loss,stop_loss,45,45,0.005571943625040987,0.005571943625040987
3y,SOL/USDT:USDT,2025-10-20 17:00:00+00:00,True,short_pullback_restart,-7.751329158327941e-05,-7.751329014275853e-05,1.4405208796641755e-12,trailing_stop_loss,trailing_stop_loss,1160,1160,0.026170271010128587,0.026170271010128587
3y,SOL/USDT:USDT,2025-12-21 02:00:00+00:00,True,short_pullback_restart,-0.014726264840422288,-0.014726264841607316,-1.1850277703562284e-12,stop_loss,stop_loss,1330,1330,0.014274128142741427,0.014274128142741427
3y,SOL/USDT:USDT,2026-01-27 14:00:00+00:00,True,short_pullback_restart,-0.018535842356306623,-0.018535842348017306,8.28931714935699e-12,stop_loss,stop_loss,120,120,8.12215724494969e-05,8.12215724494969e-05
3y,SOL/USDT:USDT,2026-02-03 15:00:00+00:00,True,short_pullback_restart,-7.498079891692965e-05,-7.498078271126038e-05,1.6205669266374997e-11,trailing_stop_loss,trailing_stop_loss,330,330,0.043271221532091175,0.043271221532091175
3y,SOL/USDT:USDT,2026-02-10 19:00:00+00:00,True,short_compression_breakdown,3.237068723352068e-05,3.237068789716607e-05,6.636453946063867e-13,trailing_stop_loss,trailing_stop_loss,1150,1150,0.03315468029415425,0.03315468029415425
3y,SOL/USDT:USDT,2026-03-07 20:00:00+00:00,True,short_compression_breakdown,-0.0003831070731122598,-0.0003831070786592927,-5.547032939316049e-12,trailing_stop_loss,trailing_stop_loss,1605,1605,0.028560738338737846,0.028560738338737846
3y,SOL/USDT:USDT,2026-05-23 08:00:00+00:00,True,short_compression_breakdown,-0.04063374515003555,-0.040633745154853025,-4.817472809559575e-12,trailing_stop_loss,trailing_stop_loss,750,750,0.006860222957246087,0.006860222957246087
3y,SOL/USDT:USDT,2026-05-31 15:00:00+00:00,True,short_pullback_restart,0.09997453461533012,0.05113838793569819,-0.04883614667963193,roi,partial_exit,3350,2845,0.11805650334379703,0.059630060794205075
3y,SOL/USDT:USDT,2026-06-10 09:00:00+00:00,True,short_compression_breakdown,-0.03558841445792439,-0.03558841445341488,4.509510820316365e-12,trailing_stop_loss,trailing_stop_loss,1610,1610,0.020709584202921905,0.020709584202921905
3y,SUI/USDT:USDT,2023-07-30 20:00:00+00:00,True,short_pullback_restart,-0.0018114209405415607,-0.0018114209405415607,0.0,trailing_stop_loss,trailing_stop_loss,0,0,0.04592441958990001,0.04592441958990001
3y,SUI/USDT:USDT,2023-09-11 09:00:00+00:00,True,short_compression_breakdown,-7.036394542839215e-05,-7.036394747697627e-05,-2.0485841213495337e-12,trailing_stop_loss,trailing_stop_loss,960,960,0.04961649089165876,0.04961649089165876
3y,SUI/USDT:USDT,2023-09-17 17:00:00+00:00,True,short_compression_breakdown,0.0001390722877289663,0.00013907228737384075,-3.551255426878508e-13,trailing_stop_loss,trailing_stop_loss,180,180,0.04001894387875904,0.04001894387875904
3y,SUI/USDT:USDT,2023-10-09 09:00:00+00:00,True,short_pullback_restart,-0.003333834749542603,-0.0033338347495426037,-8.673617379884035e-19,trailing_stop_loss,trailing_stop_loss,0,0,0.08033240997229907,0.08033240997229907
3y,SUI/USDT:USDT,2024-03-28 00:00:00+00:00,False,long_1d_center_compression,-0.001942550536014357,-0.001942550525090806,1.0923550909300306e-11,trailing_stop_loss,trailing_stop_loss,0,0,0.04321878910386001,0.04321878910386001
3y,SUI/USDT:USDT,2024-05-05 02:00:00+00:00,True,short_compression_breakdown,-0.030794884448947134,-0.03079488445804656,-9.099426073744254e-12,trailing_stop_loss,trailing_stop_loss,765,765,0.015295458863765932,0.015295458863765932
3y,SUI/USDT:USDT,2024-06-02 10:00:00+00:00,True,short_pullback_restart,-0.022477374736409136,-0.02247737473640914,-3.469446951953614e-18,stop_loss,stop_loss,290,290,0.003671727696735072,0.003671727696735072
3y,SUI/USDT:USDT,2024-06-29 23:00:00+00:00,True,short_pullback_restart,-0.029192905282935628,-0.02919290527072734,1.2208286465087426e-11,stop_loss,stop_loss,895,895,0.013987825411216237,0.013987825411216237
3y,SUI/USDT:USDT,2024-07-30 15:00:00+00:00,True,short_compression_breakdown,6.969891734537972e-05,6.969888868317719e-05,-2.8662202534892982e-11,trailing_stop_loss,trailing_stop_loss,1355,1355,0.04542832419959608,0.04542832419959608
3y,SUI/USDT:USDT,2025-01-26 21:00:00+00:00,True,short_pullback_restart,0.10000595744109766,0.05042109733713662,-0.04958486010396104,roi,partial_exit,495,180,0.11928745917162997,0.05645077720207259
3y,SUI/USDT:USDT,2025-02-16 14:00:00+00:00,True,short_compression_breakdown,-7.798873852788772e-05,-7.79887388521774e-05,-3.242896809375548e-13,trailing_stop_loss,trailing_stop_loss,720,720,0.02316067913385833,0.02316067913385833
3y,SUI/USDT:USDT,2025-04-19 17:00:00+00:00,True,short_pullback_restart,-0.020154341474630237,-0.020154341474630237,0.0,trailing_stop_loss,trailing_stop_loss,65,65,0.0007074470593784188,0.0007074470593784188
3y,SUI/USDT:USDT,2025-06-04 11:00:00+00:00,True,short_pullback_restart,0.0001178788737460843,0.00011787886638835959,-7.357724713242912e-12,trailing_stop_loss,trailing_stop_loss,1560,1560,0.030963816842779268,0.030963816842779268
3y,SUI/USDT:USDT,2025-08-29 08:00:00+00:00,True,short_compression_breakdown,0.00011399398825030637,0.0001139939771166412,-1.1133665170359741e-11,trailing_stop_loss,trailing_stop_loss,270,270,0.02137116415002427,0.02137116415002427
3y,SUI/USDT:USDT,2025-09-24 04:00:00+00:00,True,short_pullback_restart,-0.046995830449170405,-0.04699583043026372,1.890668177573218e-11,stop_loss,stop_loss,645,645,0.012897040175671837,0.012897040175671837
3y,SUI/USDT:USDT,2025-09-25 01:00:00+00:00,True,short_pullback_restart,0.00844427250836695,0.05527481241025614,0.04683053990188919,stale_flat_120h,partial_exit,9095,650,0.0889946538010169,0.06402089438144976
3y,SUI/USDT:USDT,2025-11-19 06:00:00+00:00,True,short_pullback_restart,0.0003248494671512893,0.05216337671066537,0.05183852724351408,trailing_stop_loss,partial_exit,1150,700,0.07584195173693975,0.0589233278955954
3y,SUI/USDT:USDT,2025-12-11 15:00:00+00:00,True,short_compression_breakdown,-0.02898567417072118,-0.028985674170415882,3.0529745398411023e-13,stop_loss,stop_loss,220,220,0.0022331691297208245,0.0022331691297208245
3y,SUI/USDT:USDT,2026-03-22 00:00:00+00:00,True,short_pullback_restart,2.894580749030134e-05,2.8945813937782887e-05,6.447481546052736e-12,trailing_stop_loss,trailing_stop_loss,2105,2105,0.04717510951364723,0.04717510951364723
3y,TAO/USDT:USDT,2024-06-10 05:00:00+00:00,True,short_pullback_restart,0.00010541760662707519,0.050460135113594415,0.050354717506967336,trailing_stop_loss,partial_exit,615,170,0.059074859804765234,0.059074859804765234
3y,TAO/USDT:USDT,2024-06-22 20:00:00+00:00,True,short_pullback_restart,-0.03385775266671533,-0.03385775267665922,-9.943892931296716e-12,stop_loss,stop_loss,480,480,0.0054634922932195185,0.0054634922932195185
3y,TAO/USDT:USDT,2024-11-02 13:00:00+00:00,True,short_pullback_restart,0.10000776838670573,0.05012444713596046,-0.04988332125074527,roi,partial_exit,3410,820,0.11737623762376237,0.05984551452116538
3y,TAO/USDT:USDT,2025-01-15 10:00:00+00:00,True,short_pullback_restart,-0.04995236813659309,-0.049952368164670545,-2.8077457026043362e-11,stop_loss,stop_loss,210,210,0.003975550365253655,0.003975550365253655
3y,TAO/USDT:USDT,2025-08-28 17:00:00+00:00,True,short_pullback_restart,0.00025575282030693304,0.00025575282042326615,1.1633310417411002e-13,trailing_stop_loss,trailing_stop_loss,1170,1170,0.0396008236971328,0.0396008236971328
3y,TAO/USDT:USDT,2025-09-04 16:00:00+00:00,True,short_compression_breakdown,-0.03088317975274531,-0.030883179771931044,-1.9185732863524763e-11,trailing_stop_loss,trailing_stop_loss,1225,1225,0.00840227923896597,0.00840227923896597
3y,TAO/USDT:USDT,2025-09-23 18:00:00+00:00,True,short_pullback_restart,0.009962590800297136,0.050738884306964764,0.04077629350666763,stale_flat_120h,partial_exit,7490,2875,0.06733692647871758,0.059394396625630064
3y,TAO/USDT:USDT,2025-11-29 18:00:00+00:00,True,short_compression_breakdown,0.10000055724512075,0.10000055724660706,1.4863110742169283e-12,roi,roi,2500,2500,0.11642142884300988,0.11642142884300988
3y,TAO/USDT:USDT,2025-12-17 06:00:00+00:00,True,short_pullback_restart,8.267080948872457e-05,8.267081909531834e-05,9.606593772966236e-12,trailing_stop_loss,trailing_stop_loss,535,535,0.03889756017415591,0.03889756017415591
3y,TAO/USDT:USDT,2026-01-25 05:00:00+00:00,True,short_pullback_restart,-1.837271408304693e-05,0.05294290836422159,0.05296128107830463,trailing_stop_loss,partial_exit,1560,870,0.06887789827124635,0.05902715338967801
3y,TAO/USDT:USDT,2026-01-29 02:00:00+00:00,True,short_pullback_restart,0.0999954095662113,0.05261997971144793,-0.04737542985476336,roi,partial_exit,1420,785,0.11686885089311305,0.06295454545454549
3y,TAO/USDT:USDT,2026-02-03 15:00:00+00:00,True,short_pullback_restart,9.368387581172813e-05,9.368387325676734e-05,-2.55496078666647e-12,trailing_stop_loss,trailing_stop_loss,255,255,0.041447404112189945,0.041447404112189945
3y,TAO/USDT:USDT,2026-02-22 13:00:00+00:00,True,short_compression_breakdown,-0.0005129891962697111,-0.000512989184534525,1.1735186173505996e-11,trailing_stop_loss,trailing_stop_loss,1420,1420,0.06084479728501324,0.06084479728501324
3y,TAO/USDT:USDT,2026-04-30 15:00:00+00:00,True,short_compression_breakdown,-0.019683787066467066,-0.01968378706765008,-1.1830154911240953e-12,trailing_stop_loss,trailing_stop_loss,735,735,0.0017394118360907207,0.0017394118360907207
3y,XRP/USDT:USDT,2023-08-22 14:00:00+00:00,True,short_pullback_restart,0.00014106253576797226,0.00014106252965411165,-6.113860611355049e-12,trailing_stop_loss,trailing_stop_loss,445,445,0.02190798645688119,0.02190798645688119
3y,XRP/USDT:USDT,2023-09-01 15:00:00+00:00,True,short_compression_breakdown,0.00011469661113295407,0.0001146966008837899,-1.0249164174693307e-11,trailing_stop_loss,trailing_stop_loss,1425,1425,0.03084515731030213,0.03084515731030213
3y,XRP/USDT:USDT,2023-09-06 15:00:00+00:00,True,short_pullback_restart,-0.014516404812997642,-0.014516404804919766,8.077875174317128e-12,stop_loss,stop_loss,1805,1805,0.016303240269003316,0.016303240269003316
3y,XRP/USDT:USDT,2023-10-12 09:00:00+00:00,True,short_pullback_restart,-0.028183832725717638,-0.0281838327488212,-2.3103560731208006e-11,stop_loss,stop_loss,2150,2150,0.010180275715800713,0.010180275715800713
3y,XRP/USDT:USDT,2024-01-19 15:00:00+00:00,True,short_compression_breakdown,0.00020153326769429007,0.00020153328481913328,1.7124843210147844e-11,trailing_stop_loss,trailing_stop_loss,235,235,0.04410354745925216,0.04410354745925216
3y,XRP/USDT:USDT,2024-01-22 00:00:00+00:00,True,short_pullback_restart,0.10006139862906994,0.05205545821405611,-0.04800594041501383,roi,partial_exit,13805,1935,0.12913223140495877,0.05869817900038754
3y,XRP/USDT:USDT,2024-04-25 11:00:00+00:00,True,short_compression_breakdown,-0.029559887969944642,-0.02955988794438104,2.5563603317513284e-11,trailing_stop_loss,trailing_stop_loss,540,540,0.007013442431326844,0.007013442431326844
3y,XRP/USDT:USDT,2024-04-30 09:00:00+00:00,True,short_pullback_restart,0.0001985420739916774,0.00019854207399167743,2.710505431213761e-20,trailing_stop_loss,trailing_stop_loss,360,360,0.02790888569669603,0.02790888569669603
3y,XRP/USDT:USDT,2024-05-10 15:00:00+00:00,True,short_pullback_restart,0.0007168009965579809,0.0007168010059915954,9.433614588279238e-12,trailing_stop_loss,trailing_stop_loss,3840,3840,0.029006377288623764,0.029006377288623764
3y,XRP/USDT:USDT,2024-06-13 16:00:00+00:00,True,short_compression_breakdown,0.0006371437417648382,0.0006371437355093472,-6.2554910253490026e-12,trailing_stop_loss,trailing_stop_loss,2475,2475,0.04821116928446778,0.04821116928446778
3y,XRP/USDT:USDT,2024-06-26 11:00:00+00:00,True,short_pullback_restart,-0.016693072763103257,-0.016693072750124736,1.2978521035655888e-11,stop_loss,stop_loss,2690,2690,0.01421188630490966,0.01421188630490966
3y,XRP/USDT:USDT,2024-06-29 23:00:00+00:00,True,short_pullback_restart,-0.011781398300181543,-0.011781398285846019,1.4335524087250029e-11,stop_loss,stop_loss,1405,1405,0.004683840749414525,0.004683840749414525
3y,XRP/USDT:USDT,2024-09-29 00:00:00+00:00,False,long_1d_center_compression,-0.00047979049341716543,-0.00047979047797600124,1.544116418929209e-11,trailing_stop_loss,trailing_stop_loss,2820,2820,0.0853837379827278,0.0853837379827278
3y,XRP/USDT:USDT,2024-10-09 21:00:00+00:00,True,short_pullback_restart,-0.02455980256401968,-0.024559802555525416,8.494264319702793e-12,stop_loss,stop_loss,950,950,0.0034575489819439476,0.0034575489819439476
3y,XRP/USDT:USDT,2024-10-23 08:00:00+00:00,True,short_compression_breakdown,0.0003401098169552384,0.00034010983150641624,1.4551177862469344e-11,trailing_stop_loss,trailing_stop_loss,880,880,0.029532564052415333,0.029532564052415333
3y,XRP/USDT:USDT,2024-11-03 03:00:00+00:00,True,short_pullback_restart,-0.0244630748018161,-0.02446307478936309,1.2453010844737378e-11,stop_loss,stop_loss,1860,1860,0.01790801790801777,0.01790801790801777
3y,XRP/USDT:USDT,2024-11-23 00:00:00+00:00,False,long_1d_center_compression,0.09998228742411634,0.09998228741901458,-5.1017662316965584e-12,roi,roi,65,65,0.10930185222878075,0.10930185222878075
3y,XRP/USDT:USDT,2024-11-30 00:00:00+00:00,False,long_1d_center_compression,-6.236428998696051e-05,-6.236428716635313e-05,2.820607381557108e-12,trailing_stop_loss,trailing_stop_loss,30,30,0.037127476552527794,0.037127476552527794
3y,XRP/USDT:USDT,2025-03-28 05:00:00+00:00,True,short_compression_breakdown,0.09997810315202083,0.0999781031550094,2.9885816044128433e-12,roi,roi,4600,4600,0.11493012993380725,0.11493012993380725
3y,XRP/USDT:USDT,2025-05-30 17:00:00+00:00,True,short_pullback_restart,6.0765814557489376e-05,6.076581023843552e-05,-4.319053856151767e-12,trailing_stop_loss,trailing_stop_loss,1030,1030,0.035951487149870065,0.035951487149870065
3y,XRP/USDT:USDT,2025-06-05 07:00:00+00:00,True,short_pullback_restart,2.4415420797668766e-05,0.053992372884808355,0.05396795746401069,trailing_stop_loss,partial_exit,1925,825,0.06284020217729402,0.060263744788131346
3y,XRP/USDT:USDT,2025-08-22 04:00:00+00:00,True,short_compression_breakdown,-0.033712649809824954,-0.033712649812649896,-2.824941669476999e-12,stop_loss,stop_loss,600,600,0.018049762692363025,0.018049762692363025
3y,XRP/USDT:USDT,2025-09-04 20:00:00+00:00,True,short_pullback_restart,-0.028068089648649156,-0.02806808966085746,-1.2208303812322185e-11,stop_loss,stop_loss,990,990,0.002377093462992974,0.002377093462992974
3y,XRP/USDT:USDT,2025-10-09 17:00:00+00:00,True,short_compression_breakdown,0.09999992459524519,0.09999992459304553,-2.199657123114207e-12,roi,roi,1675,1675,0.1545945945945948,0.1545945945945948
3y,XRP/USDT:USDT,2025-10-19 09:00:00+00:00,True,short_pullback_restart,-0.020795508426828375,-0.020795508426828375,0.0,stop_loss,stop_loss,50,50,0.0063892246589536406,0.0063892246589536406
3y,XRP/USDT:USDT,2025-11-20 16:00:00+00:00,True,short_pullback_restart,0.09999128349280863,0.0522058314092717,-0.047785452083536926,roi,partial_exit,930,185,0.13225070606126454,0.05634659234861927
3y,XRP/USDT:USDT,2025-12-05 10:00:00+00:00,True,short_compression_breakdown,-0.0002592648443962215,-0.00025926483521315525,9.183066254029454e-12,trailing_stop_loss,trailing_stop_loss,2485,2485,0.022675285927399313,0.022675285927399313
3y,XRP/USDT:USDT,2025-12-14 11:00:00+00:00,True,short_pullback_restart,-0.00017574774306557998,-0.0001757477469059521,-3.840372112115173e-12,trailing_stop_loss,trailing_stop_loss,875,875,0.030472764645426587,0.030472764645426587
3y,XRP/USDT:USDT,2025-12-28 19:00:00+00:00,True,short_pullback_restart,-0.014136308438938696,-0.014136308430431812,8.506884432990525e-12,stop_loss,stop_loss,400,400,0.0016731433506045335,0.0016731433506045335
3y,XRP/USDT:USDT,2026-01-22 14:00:00+00:00,True,short_pullback_restart,0.00012561644463307802,0.00012561644676855485,2.1354768268370267e-12,trailing_stop_loss,trailing_stop_loss,1560,1560,0.022744141660481443,0.022744141660481443
3y,XRP/USDT:USDT,2026-01-29 03:00:00+00:00,True,short_pullback_restart,0.10000445914924454,0.06808286502752381,-0.03192159412172073,roi,partial_exit,3220,1365,0.11584276354973189,0.09927829607463479
3y,XRP/USDT:USDT,2026-02-22 13:00:00+00:00,True,short_pullback_restart,-0.0004701669114114223,0.05177373703405259,0.05224390394546401,trailing_stop_loss,partial_exit,1415,740,0.059518434913468754,0.056973427413301136
3y,XRP/USDT:USDT,2026-03-22 00:00:00+00:00,True,short_pullback_restart,-1.1947366612237399e-05,-1.1947362438832428e-05,4.173404970472306e-12,trailing_stop_loss,trailing_stop_loss,2105,2105,0.03475896531452083,0.03475896531452083
3y,XRP/USDT:USDT,2026-03-24 17:00:00+00:00,True,short_compression_breakdown,-0.03368306889592439,-0.03368306890107209,-5.147701709340424e-12,stop_loss,stop_loss,1095,1095,0.00535223491971637,0.00535223491971637
3y,XRP/USDT:USDT,2026-03-26 06:00:00+00:00,True,short_pullback_restart,0.02940249716986914,0.0500242890679502,0.02062179189808106,stale_low_profit_240h,partial_exit,15615,5290,0.0869224745497259,0.05752380952380953
3y,XRP/USDT:USDT,2026-05-22 07:00:00+00:00,True,short_pullback_restart,-0.00019651127032164987,-0.00019651126988065725,4.4099262002522677e-13,trailing_stop_loss,trailing_stop_loss,2255,2255,0.0500347463516333,0.0500347463516333
3y,XRP/USDT:USDT,2026-05-25 23:00:00+00:00,True,short_pullback_restart,-7.212747834756143e-05,0.050720383350175584,0.050792510828523145,trailing_stop_loss,partial_exit,5875,3175,0.06417745500473648,0.056090873482177894
3y,XRP/USDT:USDT,2026-06-03 20:00:00+00:00,True,short_pullback_restart,3.729927428687804e-05,3.7299263913120913e-05,-1.0373757124040699e-11,trailing_stop_loss,trailing_stop_loss,435,435,0.05487858332602791,0.05487858332602791
3y,XRP/USDT:USDT,2026-06-05 03:00:00+00:00,True,short_pullback_restart,5.829269857493753e-05,5.8292698574937545e-05,1.3552527156068805e-20,trailing_stop_loss,trailing_stop_loss,275,275,0.04034846400733616,0.04034846400733616
3y,ZEC/USDT:USDT,2023-07-30 07:00:00+00:00,True,short_pullback_restart,0.0006325363655283083,0.0006325363655283083,0.0,trailing_stop_loss,trailing_stop_loss,1060,1060,0.04998252359314925,0.04998252359314925
3y,ZEC/USDT:USDT,2023-08-04 09:00:00+00:00,True,short_pullback_restart,0.00043539097267674727,0.00043539097267674727,0.0,trailing_stop_loss,trailing_stop_loss,2365,2365,0.02583798882681565,0.02583798882681565
3y,ZEC/USDT:USDT,2023-08-24 15:00:00+00:00,True,short_pullback_restart,7.801994585554653e-05,7.80199400890824e-05,-5.7664641291144125e-12,trailing_stop_loss,trailing_stop_loss,505,505,0.025406080799666775,0.025406080799666775
3y,ZEC/USDT:USDT,2023-12-31 21:00:00+00:00,True,short_pullback_restart,0.0008446218635471333,0.0008446218247383685,-3.8808764795533746e-11,trailing_stop_loss,trailing_stop_loss,1270,1270,0.0903023164507264,0.0903023164507264
3y,ZEC/USDT:USDT,2024-02-04 23:00:00+00:00,True,short_compression_breakdown,0.10016427368574543,0.10016427368105892,-4.686515064911134e-12,roi,roi,2915,2915,0.1157455683003128,0.1157455683003128
3y,ZEC/USDT:USDT,2024-04-12 14:00:00+00:00,True,short_pullback_restart,0.09981288233837747,0.05708725122027564,-0.042725631118101834,roi,partial_exit,270,210,0.1724754244861484,0.07102040816326527
3y,ZEC/USDT:USDT,2024-08-31 16:00:00+00:00,True,short_pullback_restart,0.09994976546463193,0.05194605258878306,-0.04800371287584887,roi,partial_exit,1855,1525,0.11518683579019529,0.05651185449821372
3y,ZEC/USDT:USDT,2024-09-03 14:00:00+00:00,True,short_pullback_restart,0.00012203153578232992,0.0640738912822698,0.06395185974648747,trailing_stop_loss,partial_exit,1060,665,0.07531227038941957,0.07531227038941957
3y,ZEC/USDT:USDT,2024-09-30 16:00:00+00:00,True,short_compression_breakdown,0.00037821753531326667,0.00037821753793598387,2.6227172018368494e-12,trailing_stop_loss,trailing_stop_loss,1380,1380,0.02499081220139643,0.02499081220139643
3y,ZEC/USDT:USDT,2025-01-26 22:00:00+00:00,True,short_pullback_restart,0.10004747691661185,0.05033540674654147,-0.049712070170070385,roi,partial_exit,565,390,0.1197560975609755,0.056860036832412586
3y,ZEC/USDT:USDT,2025-03-09 03:00:00+00:00,True,short_pullback_restart,-0.00015122599358024654,0.056986532548461755,0.057137758542042,trailing_stop_loss,partial_exit,1825,820,0.09708404802744441,0.06387225548902209
3y,ZEC/USDT:USDT,2025-04-18 07:00:00+00:00,True,short_pullback_restart,-0.03697495297993338,-0.036974953007945136,-2.8011752639667264e-11,stop_loss,stop_loss,635,635,0.01038525963149084,0.01038525963149084
3y,ZEC/USDT:USDT,2026-01-23 08:00:00+00:00,True,short_pullback_restart,-0.04261419824780548,-0.0426141982359334,1.1872086647102265e-11,trailing_stop_loss,trailing_stop_loss,570,570,0.009582053377673816,0.009582053377673816
3y,ZEC/USDT:USDT,2026-03-06 13:00:00+00:00,True,short_compression_breakdown,0.10000299822805075,0.10000299823346058,5.409825365454424e-12,roi,roi,2000,2000,0.14265055262886062,0.14265055262886062
1y,ADA/USDT:USDT,2025-11-02 15:00:00+00:00,True,short_pullback_restart,0.10003342898185688,0.053638274077146816,-0.046395154904710065,roi,partial_exit,1470,1465,0.1437833714721588,0.05971731448763262
1y,ADA/USDT:USDT,2025-11-11 20:00:00+00:00,True,short_compression_breakdown,6.433461665837547e-05,6.433458845566564e-05,-2.8202709834385456e-11,trailing_stop_loss,trailing_stop_loss,1905,1905,0.04305065874930403,0.04305065874930403
1y,ADA/USDT:USDT,2025-12-21 02:00:00+00:00,True,short_pullback_restart,0.00013600869698918722,0.00013600868697492152,-1.0014265702492156e-11,trailing_stop_loss,trailing_stop_loss,1330,1330,0.034424853064651595,0.034424853064651595
1y,ADA/USDT:USDT,2025-12-23 14:00:00+00:00,True,short_compression_breakdown,0.0002272022148768078,0.00022720220340116424,-1.1475643569083815e-11,trailing_stop_loss,trailing_stop_loss,2295,2295,0.026712134129013965,0.026712134129013965
1y,ADA/USDT:USDT,2026-01-20 09:00:00+00:00,True,short_pullback_restart,0.00021225516266789137,0.0002122551553666052,-7.301286176130892e-12,trailing_stop_loss,trailing_stop_loss,1025,1025,0.04100490903840592,0.04100490903840592
1y,ADA/USDT:USDT,2026-01-22 15:00:00+00:00,True,short_pullback_restart,-0.029336495662818124,-0.029336495656889554,5.928570134816624e-12,trailing_stop_loss,trailing_stop_loss,1585,1585,0.016183986371379744,0.016183986371379744
1y,ADA/USDT:USDT,2026-01-29 03:00:00+00:00,True,short_pullback_restart,0.0998993672123215,0.052956673673870774,-0.04694269353845072,roi,partial_exit,2980,735,0.11521323997453847,0.05989110707803991
1y,ADA/USDT:USDT,2026-02-10 07:00:00+00:00,True,short_pullback_restart,-0.00020294988483327673,-0.00020294988137532777,3.457948960809351e-12,trailing_stop_loss,trailing_stop_loss,1870,1870,0.04009527590313611,0.04009527590313611
1y,ADA/USDT:USDT,2026-02-22 13:00:00+00:00,True,short_compression_breakdown,-0.00020278490240695213,-0.00020278489378337258,8.623579552270028e-12,trailing_stop_loss,trailing_stop_loss,1415,1415,0.0630595562475671,0.0630595562475671
1y,ADA/USDT:USDT,2026-03-27 09:00:00+00:00,True,short_compression_breakdown,-3.804553233907086e-05,-3.8045526567987367e-05,5.7710834944430314e-12,trailing_stop_loss,trailing_stop_loss,1720,1720,0.03321033210332103,0.03321033210332103
1y,ADA/USDT:USDT,2026-04-13 00:00:00+00:00,True,short_compression_breakdown,-0.024262101468306752,-0.024262101453516153,1.4790599300873453e-11,stop_loss,stop_loss,770,770,0.0008485362749257597,0.0008485362749257597
1y,ADA/USDT:USDT,2026-05-31 15:00:00+00:00,True,short_pullback_restart,0.09994425668011563,0.052527895906058115,-0.04741636077405751,roi,partial_exit,3385,2830,0.11705685618729089,0.056484410302756416
1y,BNB/USDT:USDT,2025-06-22 14:00:00+00:00,True,short_pullback_restart,6.738632884346614e-06,6.738632884346614e-06,0.0,trailing_stop_loss,trailing_stop_loss,535,535,0.025378176432410804,0.025378176432410804
1y,BNB/USDT:USDT,2025-07-11 00:00:00+00:00,False,long_1d_center_compression,-0.00011399701091704864,-0.00011399703413439084,-2.3217342206226753e-11,trailing_stop_loss,trailing_stop_loss,5535,5535,0.031618825586478216,0.031618825586478216
1y,BNB/USDT:USDT,2025-08-14 00:00:00+00:00,False,long_1d_center_compression,-0.0002179579294955403,-0.0002179579294955403,0.0,trailing_stop_loss,trailing_stop_loss,750,750,0.02576948920770028,0.02576948920770028
1y,BNB/USDT:USDT,2025-10-03 00:00:00+00:00,False,long_1d_center_compression,0.10000306789405067,0.10000306789405067,0.0,roi,roi,4690,4690,0.10425241312298916,0.10425241312298916
1y,BNB/USDT:USDT,2025-11-20 17:00:00+00:00,True,short_pullback_restart,0.10000153030079759,0.06339500092994488,-0.03660652937085271,roi,partial_exit,1160,875,0.11338694178930875,0.10075000000000012
1y,BNB/USDT:USDT,2025-11-25 15:00:00+00:00,True,short_pullback_restart,-0.030152970059613076,-0.03015297005961308,-3.469446951953614e-18,stop_loss,stop_loss,490,490,0.005659431191346043,0.005659431191346043
1y,BNB/USDT:USDT,2025-12-17 16:00:00+00:00,True,short_pullback_restart,7.356016590511493e-06,7.356016590511493e-06,0.0,trailing_stop_loss,trailing_stop_loss,1320,1320,0.029096385542168646,0.029096385542168646
1y,BNB/USDT:USDT,2026-01-31 09:00:00+00:00,True,short_pullback_restart,0.10000560047101138,0.050489989772665445,-0.04951561069834594,roi,partial_exit,580,480,0.11628248421670828,0.05853837586067234
1y,BNB/USDT:USDT,2026-02-09 08:00:00+00:00,True,short_pullback_restart,1.3411786212802531e-05,1.3411786212802531e-05,0.0,trailing_stop_loss,trailing_stop_loss,320,320,0.025780476321898727,0.025780476321898727
1y,BNB/USDT:USDT,2026-03-22 00:00:00+00:00,True,short_pullback_restart,-0.02724279698745629,-0.027242796981357294,6.09899630799049e-12,stop_loss,stop_loss,2105,2105,0.016596774193548436,0.016596774193548436
1y,BNB/USDT:USDT,2026-04-01 14:00:00+00:00,True,short_pullback_restart,5.870517801359942e-05,0.05253525915949403,0.052476553981480434,trailing_stop_loss,partial_exit,6920,1275,0.07122706803805778,0.05700306021888357
1y,BTC/USDT:USDT,2025-07-10 00:00:00+00:00,False,long_1d_center_compression,0.10000002354941873,0.10000002354941873,0.0,roi,roi,6080,6080,0.10445252599375165,0.10445252599375165
1y,BTC/USDT:USDT,2025-08-11 00:00:00+00:00,False,long_1d_center_compression,-0.00020193472133967863,-0.00020193472133967863,0.0,trailing_stop_loss,trailing_stop_loss,780,780,0.026788746495962856,0.026788746495962856
1y,BTC/USDT:USDT,2025-08-21 17:00:00+00:00,True,short_pullback_restart,-0.01635619787271634,-0.01635619787271634,0.0,trailing_stop_loss,trailing_stop_loss,1260,1260,0.006494012590268161,0.006494012590268161
1y,BTC/USDT:USDT,2025-08-29 02:00:00+00:00,True,short_pullback_restart,0.0007738701450044445,0.0007738701450044445,0.0,trailing_stop_loss,trailing_stop_loss,6480,6480,0.03930082127383727,0.03930082127383727
1y,BTC/USDT:USDT,2025-11-04 06:00:00+00:00,True,short_pullback_restart,0.0002471665240776542,0.0002471665240776542,0.0,trailing_stop_loss,trailing_stop_loss,2175,2175,0.05334780076206802,0.05334780076206802
1y,BTC/USDT:USDT,2025-11-06 13:00:00+00:00,True,short_pullback_restart,9.266404663365438e-05,9.266404663365438e-05,0.0,trailing_stop_loss,trailing_stop_loss,965,965,0.02263304282590317,0.02263304282590317
1y,BTC/USDT:USDT,2026-02-03 17:00:00+00:00,True,short_pullback_restart,1.0475010531572972e-06,1.0475010531572972e-06,0.0,trailing_stop_loss,trailing_stop_loss,210,210,0.04896473002859136,0.04896473002859136
1y,BTC/USDT:USDT,2026-03-27 09:00:00+00:00,True,short_compression_breakdown,-0.00021348783050313813,-0.00021348782067649413,9.826644001547508e-12,trailing_stop_loss,trailing_stop_loss,4265,4265,0.04557273615103319,0.04557273615103319
1y,BTC/USDT:USDT,2026-04-18 00:00:00+00:00,False,long_1d_center_compression,-0.02078238929345367,-0.02078238929345367,0.0,stop_loss,stop_loss,1115,1115,0.004535859775206097,0.004535859775206097
1y,BTC/USDT:USDT,2026-06-07 20:00:00+00:00,True,short_pullback_restart,-0.029402379258000075,-0.029402379258000075,0.0,stop_loss,stop_loss,130,130,0.0018630586520280712,0.0018630586520280712
1y,BTC/USDT:USDT,2026-06-09 14:00:00+00:00,True,short_pullback_restart,7.3474439475454134e-06,7.3474468178559785e-06,2.8703105650883807e-12,trailing_stop_loss,trailing_stop_loss,370,370,0.024514854744465575,0.024514854744465575
1y,DOGE/USDT:USDT,2025-09-01 00:00:00+00:00,True,short_pullback_restart,0.00012953980621325866,0.00012953982794720162,2.1733942960231942e-11,trailing_stop_loss,trailing_stop_loss,450,450,0.026580149002643605,0.026580149002643605
1y,DOGE/USDT:USDT,2025-11-06 06:00:00+00:00,True,short_pullback_restart,8.855776294906344e-05,8.855775993392426e-05,-3.015139177285457e-12,trailing_stop_loss,trailing_stop_loss,1245,1245,0.04346440634758775,0.04346440634758775
1y,DOGE/USDT:USDT,2025-11-19 06:00:00+00:00,True,short_pullback_restart,0.00012205846224122117,0.05123457317006499,0.05111251470782377,trailing_stop_loss,partial_exit,1185,740,0.06365181910914663,0.05753887762001342
1y,DOGE/USDT:USDT,2025-12-07 14:00:00+00:00,True,short_pullback_restart,1.3611263262429393e-05,1.3611263262429391e-05,-1.6940658945086007e-21,trailing_stop_loss,trailing_stop_loss,110,110,0.025300489686897132,0.025300489686897132
1y,DOGE/USDT:USDT,2026-02-10 07:00:00+00:00,True,short_pullback_restart,-0.00023727126312053263,0.05349694361030809,0.053734214873428617,trailing_stop_loss,partial_exit,3030,1930,0.06216554707958544,0.05927103440445114
1y,DOGE/USDT:USDT,2026-05-31 15:00:00+00:00,True,short_pullback_restart,-0.015855933644687008,-0.015855933640995315,3.691692784801859e-12,trailing_stop_loss,trailing_stop_loss,750,750,0.01030823648307222,0.01030823648307222
1y,DOGE/USDT:USDT,2026-06-09 16:00:00+00:00,True,short_pullback_restart,0.00015285000827681557,0.00015285000314007598,-5.136739585119912e-12,trailing_stop_loss,trailing_stop_loss,1995,1995,0.028127675186498946,0.028127675186498946
1y,ETH/USDT:USDT,2025-06-22 14:00:00+00:00,True,short_pullback_restart,4.76359357150428e-05,4.76359357150428e-05,0.0,trailing_stop_loss,trailing_stop_loss,485,485,0.0416390336333492,0.0416390336333492
1y,ETH/USDT:USDT,2025-07-10 00:00:00+00:00,False,long_1d_center_compression,0.10000094531967961,0.10000094531348878,-6.190825629914798e-12,roi,roi,5980,5980,0.10269213676387157,0.10269213676387157
1y,ETH/USDT:USDT,2025-08-08 00:00:00+00:00,False,long_1d_center_compression,0.09999886953301679,0.09999886953301679,0.0,roi,roi,2780,2780,0.10665233855286038,0.10665233855286038
1y,ETH/USDT:USDT,2025-09-13 00:00:00+00:00,False,long_1d_center_compression,-0.021272756387331723,-0.021272756381133927,6.197795748841273e-12,stop_loss,stop_loss,1005,1005,0.012138014188612711,0.012138014188612711
1y,ETH/USDT:USDT,2025-10-29 16:00:00+00:00,True,short_compression_breakdown,4.2145596067705635e-05,4.2145591738193585e-05,-4.329512049978772e-12,trailing_stop_loss,trailing_stop_loss,155,155,0.026007116698267607,0.026007116698267607
1y,ETH/USDT:USDT,2025-10-30 13:00:00+00:00,True,short_compression_breakdown,-2.9504063563909545e-05,-2.9504063563909545e-05,0.0,trailing_stop_loss,trailing_stop_loss,670,670,0.03751257579465439,0.03751257579465439
1y,ETH/USDT:USDT,2025-11-06 13:00:00+00:00,True,short_pullback_restart,1.8343328072137778e-06,1.8343328072137778e-06,0.0,trailing_stop_loss,trailing_stop_loss,345,345,0.03170416024653311,0.03170416024653311
1y,ETH/USDT:USDT,2025-11-20 16:00:00+00:00,True,short_pullback_restart,0.09999836123194321,0.051917307427043126,-0.04808105380490008,roi,partial_exit,930,185,0.11801411461979439,0.05972360213916006
1y,ETH/USDT:USDT,2026-01-25 04:00:00+00:00,True,short_pullback_restart,4.537578837341645e-05,0.05145890302632781,0.05141352723795439,trailing_stop_loss,partial_exit,2110,995,0.05653071853168834,0.05653071853168834
1y,ETH/USDT:USDT,2026-02-17 15:00:00+00:00,True,short_pullback_restart,-0.0320926971201403,-0.03209269712877227,-8.631970138672784e-12,trailing_stop_loss,trailing_stop_loss,95,95,0.0038865779042376314,0.0038865779042376314
1y,ETH/USDT:USDT,2026-06-05 03:00:00+00:00,True,short_pullback_restart,0.10000165662491112,0.05146532571095753,-0.04853633091395359,roi,partial_exit,790,205,0.11870633893919802,0.06608478034407739
1y,ETH/USDT:USDT,2026-06-09 15:00:00+00:00,True,short_pullback_restart,-0.00013437306495392662,-0.00013437306898940766,-4.035481042212463e-12,trailing_stop_loss,trailing_stop_loss,1290,1290,0.024866043613707145,0.024866043613707145
1y,LINK/USDT:USDT,2025-07-01 19:00:00+00:00,True,short_compression_breakdown,-0.03452560031135116,-0.034525600313005854,-1.654697212583045e-12,stop_loss,stop_loss,1210,1210,0.010380622837370401,0.010380622837370401
1y,LINK/USDT:USDT,2026-01-31 09:00:00+00:00,True,short_pullback_restart,0.09995938128876886,0.056516667663723846,-0.04344271362504501,roi,partial_exit,490,490,0.11798653414555949,0.06224614134849715
1y,LINK/USDT:USDT,2026-02-19 14:00:00+00:00,True,short_compression_breakdown,-0.04489717552140062,-0.04489717552448506,-3.0844354848014177e-12,stop_loss,stop_loss,1500,1500,0.006836171743823449,0.006836171743823449
1y,LINK/USDT:USDT,2026-02-24 14:00:00+00:00,True,short_compression_breakdown,-0.029624361205391657,-0.02962436120371033,1.681325217939289e-12,trailing_stop_loss,trailing_stop_loss,670,670,0.0053416149068321594,0.0053416149068321594
1y,LINK/USDT:USDT,2026-06-05 03:00:00+00:00,True,short_pullback_restart,0.09998612580413915,0.05239988550315168,-0.04758624030098747,roi,partial_exit,1530,205,0.11256955343130248,0.06370208702769053
1y,LINK/USDT:USDT,2026-06-07 20:00:00+00:00,True,short_pullback_restart,-0.0370001230360932,-0.0370001230360932,0.0,stop_loss,stop_loss,130,130,0.0033042558815754575,0.0033042558815754575
1y,NEAR/USDT:USDT,2025-06-21 14:00:00+00:00,True,short_pullback_restart,0.10024518385947033,0.05790834378095448,-0.04233684007851585,roi,partial_exit,1405,455,0.11555312157721787,0.07097791798107256
1y,NEAR/USDT:USDT,2025-08-21 12:00:00+00:00,True,short_pullback_restart,0.00040741854199973827,0.00040741854199973827,0.0,trailing_stop_loss,trailing_stop_loss,855,855,0.023514851485148425,0.023514851485148425
1y,NEAR/USDT:USDT,2025-08-22 12:00:00+00:00,True,short_compression_breakdown,-0.03465805131706576,-0.03465805131706576,0.0,stop_loss,stop_loss,120,120,0.017743979721166037,0.017743979721166037
1y,NEAR/USDT:USDT,2025-08-31 23:00:00+00:00,True,short_pullback_restart,9.099069498499984e-05,9.099068649225893e-05,-8.492740907230234e-12,trailing_stop_loss,trailing_stop_loss,530,530,0.03753235547886091,0.03753235547886091
1y,NEAR/USDT:USDT,2025-11-02 15:00:00+00:00,True,short_pullback_restart,-0.03908160940441932,-0.03908160941609535,-1.1676028199847366e-11,stop_loss,stop_loss,545,545,0.009519276534983412,0.009519276534983412
1y,NEAR/USDT:USDT,2025-11-28 02:00:00+00:00,True,short_pullback_restart,-0.04095474259331823,-0.040954742593724607,-4.0637632148232683e-13,stop_loss,stop_loss,810,810,0.006970509383378065,0.006970509383378065
1y,NEAR/USDT:USDT,2025-11-29 15:00:00+00:00,True,short_compression_breakdown,0.1000491553559576,0.10004915534055409,-1.5403511799405578e-11,roi,roi,2195,2195,0.11570743405275774,0.11570743405275774
1y,NEAR/USDT:USDT,2025-12-14 18:00:00+00:00,True,short_compression_breakdown,-0.03199821744894629,-0.03199821742333869,2.5607599374311008e-11,trailing_stop_loss,trailing_stop_loss,495,495,0.014659018483110353,0.014659018483110353
1y,NEAR/USDT:USDT,2025-12-31 11:00:00+00:00,True,short_compression_breakdown,0.00043475070868767725,0.00043475070868767714,-1.0842021724855044e-19,trailing_stop_loss,trailing_stop_loss,590,590,0.02249488752556239,0.02249488752556239
1y,NEAR/USDT:USDT,2026-01-20 07:00:00+00:00,True,short_pullback_restart,0.0004411501341104035,0.0004411501435137993,9.40339575953783e-12,trailing_stop_loss,trailing_stop_loss,1935,1935,0.049764626765299136,0.049764626765299136
1y,NEAR/USDT:USDT,2026-01-25 09:00:00+00:00,True,short_pullback_restart,0.0003667425987234473,0.05017649440901583,0.04980975181029238,trailing_stop_loss,partial_exit,1810,695,0.05539772727272729,0.05539772727272729
1y,NEAR/USDT:USDT,2026-02-04 14:00:00+00:00,True,short_pullback_restart,0.0008009293689122387,0.0008009293889876897,2.0075451067150252e-11,trailing_stop_loss,trailing_stop_loss,130,130,0.024756852343059244,0.024756852343059244
1y,NEAR/USDT:USDT,2026-02-24 14:00:00+00:00,True,short_compression_breakdown,-0.02599357520834857,-0.025993575224994618,-1.664604912243739e-11,trailing_stop_loss,trailing_stop_loss,130,130,0.013669821240799074,0.013669821240799074
1y,NEAR/USDT:USDT,2026-03-29 11:00:00+00:00,True,short_pullback_restart,0.0008284372094867784,0.0008284372018973307,-7.589447733463706e-12,trailing_stop_loss,trailing_stop_loss,715,715,0.025686448184233823,0.025686448184233823
1y,NEAR/USDT:USDT,2026-04-02 02:00:00+00:00,True,short_pullback_restart,0.0007652792945997924,0.0007652793059145525,1.1314760109751298e-11,trailing_stop_loss,trailing_stop_loss,755,755,0.02811950790861162,0.02811950790861162
1y,PAXG/USDT:USDT,2025-09-23 00:00:00+00:00,False,long_1d_center_compression,-0.0023782830770613696,-0.0023782830770613696,0.0,trailing_stop_loss,trailing_stop_loss,25755,25755,0.08505324813631532,0.08505324813631532
1y,PAXG/USDT:USDT,2025-11-11 00:00:00+00:00,False,long_1d_center_compression,-0.00024251958771426662,-0.00024251958771426662,0.0,trailing_stop_loss,trailing_stop_loss,5035,5035,0.030194111953619318,0.030194111953619318
1y,PAXG/USDT:USDT,2025-12-12 00:00:00+00:00,False,long_1d_center_compression,0.04296294593106159,0.04296294593154271,4.811220866152155e-13,swing_exit_long_1d,swing_exit_long_1d,25020,25020,0.06851822879572955,0.06851822879572955
1y,PAXG/USDT:USDT,2026-01-07 00:00:00+00:00,False,long_1d_center_compression,0.09999960853344798,0.099999608533448,1.3877787807814457e-17,roi,roi,22985,22985,0.1047738208536042,0.1047738208536042
1y,SOL/USDT:USDT,2025-06-19 15:00:00+00:00,True,short_pullback_restart,-0.03093091650426101,-0.03093091650426101,0.0,stop_loss,stop_loss,455,455,0.0018203458657144456,0.0018203458657144456
1y,SOL/USDT:USDT,2025-06-21 18:00:00+00:00,True,short_pullback_restart,8.916302779557107e-05,0.054767856723859115,0.05467869369606355,trailing_stop_loss,partial_exit,2880,1160,0.10132718747516511,0.06224130001533035
1y,SOL/USDT:USDT,2025-09-11 00:00:00+00:00,False,long_1d_center_compression,-3.1562482417076557e-06,-3.1562438420086626e-06,4.3996989931570124e-12,trailing_stop_loss,trailing_stop_loss,750,750,0.02259533803697411,0.02259533803697411
1y,SOL/USDT:USDT,2025-10-19 09:00:00+00:00,True,short_pullback_restart,-0.02291505922452752,-0.02291505922452752,0.0,stop_loss,stop_loss,45,45,0.005571943625040987,0.005571943625040987
1y,SOL/USDT:USDT,2025-10-20 17:00:00+00:00,True,short_pullback_restart,-7.751330210297517e-05,-7.751329952672314e-05,2.5762520236690886e-12,trailing_stop_loss,trailing_stop_loss,1160,1160,0.026170271010128587,0.026170271010128587
1y,SOL/USDT:USDT,2025-12-21 02:00:00+00:00,True,short_pullback_restart,-0.014726264828830904,-0.014726264841689946,-1.2859041956247985e-11,stop_loss,stop_loss,1330,1330,0.014274128142741427,0.014274128142741427
1y,SOL/USDT:USDT,2026-01-27 14:00:00+00:00,True,short_pullback_restart,-0.018535842361166406,-0.018535842348930638,1.223576795439385e-11,stop_loss,stop_loss,120,120,8.12215724494969e-05,8.12215724494969e-05
1y,SOL/USDT:USDT,2026-02-03 15:00:00+00:00,True,short_pullback_restart,-7.498079925720616e-05,-7.49807683141387e-05,3.094306745782347e-11,trailing_stop_loss,trailing_stop_loss,330,330,0.043271221532091175,0.043271221532091175
1y,SOL/USDT:USDT,2026-02-10 19:00:00+00:00,True,short_compression_breakdown,3.237071404705711e-05,3.23707165273745e-05,2.4803173905474547e-12,trailing_stop_loss,trailing_stop_loss,1150,1150,0.03315468029415425,0.03315468029415425
1y,SOL/USDT:USDT,2026-03-07 20:00:00+00:00,True,short_compression_breakdown,-0.00038310708013471835,-0.0003831070814118725,-1.2771541636757977e-12,trailing_stop_loss,trailing_stop_loss,1605,1605,0.028560738338737846,0.028560738338737846
1y,SOL/USDT:USDT,2026-05-23 08:00:00+00:00,True,short_compression_breakdown,-0.040633745151574405,-0.04063374514852024,3.0541680295925744e-12,trailing_stop_loss,trailing_stop_loss,750,750,0.006860222957246087,0.006860222957246087
1y,SOL/USDT:USDT,2026-05-31 15:00:00+00:00,True,short_pullback_restart,0.09997453461917417,0.0511383879219562,-0.048836146697217975,roi,partial_exit,3350,2845,0.11805650334379703,0.059630060794205075
1y,SOL/USDT:USDT,2026-06-10 09:00:00+00:00,True,short_compression_breakdown,-0.035588414465442045,-0.0355884144412999,2.4142146615169224e-11,trailing_stop_loss,trailing_stop_loss,1610,1610,0.020709584202921905,0.020709584202921905
1y,SUI/USDT:USDT,2025-08-29 08:00:00+00:00,True,short_compression_breakdown,0.00011399394440785714,0.0001139939581334325,1.372557536377661e-11,trailing_stop_loss,trailing_stop_loss,270,270,0.02137116415002427,0.02137116415002427
1y,SUI/USDT:USDT,2025-09-24 04:00:00+00:00,True,short_pullback_restart,-0.04699583041331283,-0.04699583043256206,-1.9249227212192466e-11,stop_loss,stop_loss,645,645,0.012897040175671837,0.012897040175671837
1y,SUI/USDT:USDT,2025-09-25 01:00:00+00:00,True,short_pullback_restart,0.008444272492245445,0.055274812399601005,0.046830539907355556,stale_flat_120h,partial_exit,9095,650,0.0889946538010169,0.06402089438144976
1y,SUI/USDT:USDT,2025-11-19 06:00:00+00:00,True,short_pullback_restart,0.0003248494654766774,0.052163376689476765,0.051838527224000085,trailing_stop_loss,partial_exit,1150,700,0.07584195173693975,0.0589233278955954
1y,SUI/USDT:USDT,2025-12-11 15:00:00+00:00,True,short_compression_breakdown,-0.02898567417390578,-0.028985674170482444,3.4233380019621507e-12,stop_loss,stop_loss,220,220,0.0022331691297208245,0.0022331691297208245
1y,SUI/USDT:USDT,2026-03-22 00:00:00+00:00,True,short_pullback_restart,2.894582637887604e-05,2.8945827882858636e-05,1.5039825972346186e-12,trailing_stop_loss,trailing_stop_loss,2105,2105,0.04717510951364723,0.04717510951364723
1y,TAO/USDT:USDT,2025-08-28 17:00:00+00:00,True,short_pullback_restart,0.00025575280268270246,0.0002557528028555256,1.728231273367964e-13,trailing_stop_loss,trailing_stop_loss,1170,1170,0.0396008236971328,0.0396008236971328
1y,TAO/USDT:USDT,2025-09-04 16:00:00+00:00,True,short_compression_breakdown,-0.03088317976174758,-0.03088317975682197,4.925608532158066e-12,trailing_stop_loss,trailing_stop_loss,1225,1225,0.00840227923896597,0.00840227923896597
1y,TAO/USDT:USDT,2025-09-23 18:00:00+00:00,True,short_pullback_restart,0.009962590795441666,0.050738884313660824,0.04077629351821916,stale_flat_120h,partial_exit,7490,2875,0.06733692647871758,0.059394396625630064
1y,TAO/USDT:USDT,2025-11-29 18:00:00+00:00,True,short_compression_breakdown,0.10000055725253149,0.10000055723586342,-1.666806970224144e-11,roi,roi,2500,2500,0.11642142884300988,0.11642142884300988
1y,TAO/USDT:USDT,2025-12-17 06:00:00+00:00,True,short_pullback_restart,8.267080992667821e-05,8.267084039157173e-05,3.046489352020315e-11,trailing_stop_loss,trailing_stop_loss,535,535,0.03889756017415591,0.03889756017415591
1y,TAO/USDT:USDT,2026-01-25 05:00:00+00:00,True,short_pullback_restart,-1.8372721583458834e-05,0.05294290838005682,0.052961281101640285,trailing_stop_loss,partial_exit,1560,870,0.06887789827124635,0.05902715338967801
1y,TAO/USDT:USDT,2026-01-29 02:00:00+00:00,True,short_pullback_restart,0.09999540956092241,0.05261997971471676,-0.04737542984620565,roi,partial_exit,1420,785,0.11686885089311305,0.06295454545454549
1y,TAO/USDT:USDT,2026-02-03 15:00:00+00:00,True,short_pullback_restart,9.368385184868204e-05,9.368386448768896e-05,1.2639006920049656e-11,trailing_stop_loss,trailing_stop_loss,255,255,0.041447404112189945,0.041447404112189945
1y,TAO/USDT:USDT,2026-02-22 13:00:00+00:00,True,short_compression_breakdown,-0.0005129891778745719,-0.0005129891912161015,-1.3341529595499446e-11,trailing_stop_loss,trailing_stop_loss,1420,1420,0.06084479728501324,0.06084479728501324
1y,TAO/USDT:USDT,2026-04-30 15:00:00+00:00,True,short_compression_breakdown,-0.01968378705340531,-0.01968378707061046,-1.7205150498744715e-11,trailing_stop_loss,trailing_stop_loss,735,735,0.0017394118360907207,0.0017394118360907207
1y,XRP/USDT:USDT,2025-08-22 04:00:00+00:00,True,short_compression_breakdown,-0.03371264982184078,-0.03371264983022758,-8.38679820036603e-12,stop_loss,stop_loss,600,600,0.018049762692363025,0.018049762692363025
1y,XRP/USDT:USDT,2025-09-04 20:00:00+00:00,True,short_pullback_restart,-0.028068089642834946,-0.028068089639258748,3.576198365218275e-12,stop_loss,stop_loss,990,990,0.002377093462992974,0.002377093462992974
1y,XRP/USDT:USDT,2025-10-09 17:00:00+00:00,True,short_compression_breakdown,0.09999992460096666,0.09999992458233276,-1.863389997858178e-11,roi,roi,1675,1675,0.1545945945945948,0.1545945945945948
1y,XRP/USDT:USDT,2025-10-19 09:00:00+00:00,True,short_pullback_restart,-0.020795508439654987,-0.02079550842682838,1.2826607831417647e-11,stop_loss,stop_loss,50,50,0.0063892246589536406,0.0063892246589536406
1y,XRP/USDT:USDT,2025-11-20 16:00:00+00:00,True,short_pullback_restart,0.09999128350678987,0.05220583141381215,-0.04778545209297772,roi,partial_exit,930,185,0.13225070606126454,0.05634659234861927
1y,XRP/USDT:USDT,2025-12-05 10:00:00+00:00,True,short_compression_breakdown,-0.0002592648517408975,-0.0002592648517010693,3.9828166806255005e-14,trailing_stop_loss,trailing_stop_loss,2485,2485,0.022675285927399313,0.022675285927399313
1y,XRP/USDT:USDT,2025-12-14 11:00:00+00:00,True,short_pullback_restart,-0.00017574773958859197,-0.0001757477433884961,-3.79990413050188e-12,trailing_stop_loss,trailing_stop_loss,875,875,0.030472764645426587,0.030472764645426587
1y,XRP/USDT:USDT,2025-12-28 19:00:00+00:00,True,short_pullback_restart,-0.01413630842757859,-0.01413630844402727,-1.6448679224234652e-11,stop_loss,stop_loss,400,400,0.0016731433506045335,0.0016731433506045335
1y,XRP/USDT:USDT,2026-01-22 14:00:00+00:00,True,short_pullback_restart,0.0001256164458359884,0.000125616452352308,6.516319601967968e-12,trailing_stop_loss,trailing_stop_loss,1560,1560,0.022744141660481443,0.022744141660481443
1y,XRP/USDT:USDT,2026-01-29 03:00:00+00:00,True,short_pullback_restart,0.10000445914638524,0.0680828650264477,-0.031921594119937544,roi,partial_exit,3220,1365,0.11584276354973189,0.09927829607463479
1y,XRP/USDT:USDT,2026-02-22 13:00:00+00:00,True,short_pullback_restart,-0.0004701669239318247,0.051773737034378674,0.0522439039583105,trailing_stop_loss,partial_exit,1415,740,0.059518434913468754,0.056973427413301136
1y,XRP/USDT:USDT,2026-03-22 00:00:00+00:00,True,short_pullback_restart,-1.19473622619849e-05,-1.1947359022560446e-05,3.2394244537124533e-12,trailing_stop_loss,trailing_stop_loss,2105,2105,0.03475896531452083,0.03475896531452083
1y,XRP/USDT:USDT,2026-03-24 17:00:00+00:00,True,short_compression_breakdown,-0.03368306891027806,-0.03368306889473194,1.554611994691868e-11,stop_loss,stop_loss,1095,1095,0.00535223491971637,0.00535223491971637
1y,XRP/USDT:USDT,2026-03-26 06:00:00+00:00,True,short_pullback_restart,0.029402497184500363,0.05002428906935557,0.020621791884855207,stale_low_profit_240h,partial_exit,15615,5290,0.0869224745497259,0.05752380952380953
1y,XRP/USDT:USDT,2026-05-22 07:00:00+00:00,True,short_pullback_restart,-0.00019651128074936878,-0.0001965112762168548,4.532513985444284e-12,trailing_stop_loss,trailing_stop_loss,2255,2255,0.0500347463516333,0.0500347463516333
1y,XRP/USDT:USDT,2026-05-25 23:00:00+00:00,True,short_pullback_restart,-7.212747547336758e-05,0.05072038334668278,0.05079251082215615,trailing_stop_loss,partial_exit,5875,3175,0.06417745500473648,0.056090873482177894
1y,XRP/USDT:USDT,2026-06-03 20:00:00+00:00,True,short_pullback_restart,3.7299253829810615e-05,3.7299250977283244e-05,-2.8525273709409903e-12,trailing_stop_loss,trailing_stop_loss,435,435,0.05487858332602791,0.05487858332602791
1y,XRP/USDT:USDT,2026-06-05 03:00:00+00:00,True,short_pullback_restart,5.829269857493754e-05,5.829269857493754e-05,0.0,trailing_stop_loss,trailing_stop_loss,275,275,0.04034846400733616,0.04034846400733616
1y,ZEC/USDT:USDT,2026-01-23 08:00:00+00:00,True,short_pullback_restart,-0.0426141982383349,-0.04261419823722838,1.10651765528047e-12,trailing_stop_loss,trailing_stop_loss,570,570,0.009582053377673816,0.009582053377673816
1y,ZEC/USDT:USDT,2026-03-06 13:00:00+00:00,True,short_compression_breakdown,0.10000299824885285,0.10000299824473799,-4.114861229531641e-12,roi,roi,2000,2000,0.14265055262886062,0.14265055262886062
