group_type,group_value,window_h,trades,stop_trades,take_profit_trades,stopped_too_early_pct,took_profit_too_early_pct,hold_would_help_pct,hold_would_hurt_pct,avg_future_favorable_pct,avg_future_adverse_pct,avg_future_close_return_pct,period
pair,ADA/USDT:USDT,6,32,15,11,13.333333333333334,18.181818181818183,50.0,50.0,1.5122490343613841,1.9591469050606172,-0.4411378817952468,3y
pair,ADA/USDT:USDT,12,32,15,11,13.333333333333334,45.45454545454545,46.875,53.125,2.1733425545247242,2.784462573933569,-0.5328315937228048,3y
pair,ADA/USDT:USDT,24,31,15,10,40.0,60.0,45.16129032258064,54.83870967741935,3.5186933517106596,3.3428798923829506,0.09395141789128503,3y
pair,ADA/USDT:USDT,48,31,15,10,46.666666666666664,70.0,51.61290322580645,48.38709677419355,4.770944006714029,4.434302471131559,0.6694926947145707,3y
pair,ADA/USDT:USDT,72,31,15,10,60.0,80.0,58.06451612903226,41.935483870967744,6.271075832059475,4.77946692200997,1.3548608315292414,3y
pair,ADA/USDT:USDT,168,31,15,10,80.0,80.0,51.61290322580645,48.38709677419355,9.233553520761925,7.571841879984234,0.20979785222885097,3y
pair,ADA/USDT:USDT,336,31,15,10,86.66666666666667,90.0,64.51612903225806,35.483870967741936,12.392405893768998,9.298008953482782,3.3413070821850828,3y
pair,BNB/USDT:USDT,6,19,8,9,12.5,55.55555555555556,63.1578947368421,36.84210526315789,2.611220175385519,1.0425101470510394,1.066341969942505,3y
pair,BNB/USDT:USDT,12,19,8,9,25.0,55.55555555555556,68.42105263157895,31.57894736842105,2.970491922386786,1.3168450586097507,1.0727773041569577,3y
pair,BNB/USDT:USDT,24,19,8,9,37.5,55.55555555555556,57.89473684210527,42.10526315789473,3.68742012066205,1.8996959150028787,0.3008991116406107,3y
pair,BNB/USDT:USDT,48,19,8,9,37.5,66.66666666666666,47.368421052631575,52.63157894736842,4.979811743388033,2.9310818024465233,0.162818739352857,3y
pair,BNB/USDT:USDT,72,19,8,9,37.5,77.77777777777779,63.1578947368421,36.84210526315789,5.255872492318982,3.6380170026401335,0.8416702329291345,3y
pair,BNB/USDT:USDT,168,19,8,9,75.0,77.77777777777779,52.63157894736842,47.368421052631575,9.111950653125495,6.8278637108028715,1.2376681070121076,3y
pair,BNB/USDT:USDT,336,19,8,9,75.0,77.77777777777779,47.368421052631575,52.63157894736842,12.147627955438736,8.968172829341817,0.13301688125352013,3y
pair,BTC/USDT:USDT,6,37,19,12,0.0,33.33333333333333,54.054054054054056,45.94594594594595,1.1522554803309022,1.531872783800769,-0.20186205261065845,3y
pair,BTC/USDT:USDT,12,37,19,12,0.0,41.66666666666667,40.54054054054054,59.45945945945946,1.4976562083654794,1.958699712960023,-0.45180083875213045,3y
pair,BTC/USDT:USDT,24,37,19,12,15.789473684210526,41.66666666666667,48.64864864864865,51.35135135135135,2.0192841739190883,2.536443901638878,-0.42967252954787366,3y
pair,BTC/USDT:USDT,48,37,19,12,36.84210526315789,50.0,51.35135135135135,48.64864864864865,2.8889496929001734,3.094386727686527,-0.005276245589188765,3y
pair,BTC/USDT:USDT,72,37,19,12,57.89473684210527,50.0,59.45945945945946,40.54054054054054,3.6174509522118075,3.6632848886135063,0.05715771670158517,3y
pair,BTC/USDT:USDT,168,37,19,12,78.94736842105263,58.333333333333336,54.054054054054056,45.94594594594595,5.91463103813866,5.0190383039641455,0.9197712841498309,3y
pair,BTC/USDT:USDT,336,35,17,12,88.23529411764706,58.333333333333336,48.57142857142857,51.42857142857142,8.018915240903052,7.258522086855543,0.12735439454391267,3y
pair,DOGE/USDT:USDT,6,20,10,8,20.0,50.0,60.0,40.0,2.579445621525868,2.023000357907307,-0.009063817734329854,3y
pair,DOGE/USDT:USDT,12,20,10,8,30.0,62.5,50.0,50.0,4.6799822021521456,2.4821702054322063,1.5167853620592107,3y
pair,DOGE/USDT:USDT,24,20,10,8,40.0,62.5,50.0,50.0,5.422699681661684,3.512741222471507,0.10361682725938917,3y
pair,DOGE/USDT:USDT,48,20,10,8,60.0,62.5,50.0,50.0,6.606575766113092,5.240397792709351,-0.6992522341404782,3y
pair,DOGE/USDT:USDT,72,20,10,8,70.0,62.5,55.00000000000001,45.0,7.122858816577066,6.248109877719384,-0.0034890211120262643,3y
pair,DOGE/USDT:USDT,168,20,10,8,100.0,75.0,65.0,35.0,11.354040136968587,9.381046057799121,2.8479947436991626,3y
pair,DOGE/USDT:USDT,336,19,9,8,100.0,100.0,73.68421052631578,26.31578947368421,23.768764486073902,10.302231312121155,11.710055081294879,3y
pair,ETH/USDT:USDT,6,30,14,11,21.428571428571427,36.36363636363637,63.33333333333333,36.666666666666664,2.830165866674772,1.3015489214671803,0.7297264918527073,3y
pair,ETH/USDT:USDT,12,30,14,11,35.714285714285715,45.45454545454545,60.0,40.0,3.5860686427598663,1.6458946552499365,0.8246882746254138,3y
pair,ETH/USDT:USDT,24,30,14,11,42.857142857142854,54.54545454545454,40.0,60.0,4.126060603189021,2.266093316076771,-0.24155320814699244,3y
pair,ETH/USDT:USDT,48,30,14,11,64.28571428571429,63.63636363636363,36.666666666666664,63.33333333333333,4.607266281621694,3.6309612390222386,-0.475490544624595,3y
pair,ETH/USDT:USDT,72,30,14,11,71.42857142857143,72.72727272727273,36.666666666666664,63.33333333333333,5.805914715086978,5.06038715401119,-0.7385541578644115,3y
pair,ETH/USDT:USDT,168,29,14,11,71.42857142857143,72.72727272727273,44.827586206896555,55.172413793103445,9.11535161761578,6.247059659917654,0.6522721686519625,3y
pair,ETH/USDT:USDT,336,28,14,10,71.42857142857143,70.0,57.14285714285714,42.857142857142854,12.262887136822144,10.34883298200957,1.0318049697906087,3y
pair,LINK/USDT:USDT,6,20,13,5,7.6923076923076925,40.0,30.0,70.0,0.9600422723745621,3.130090499196351,-1.9014213796285715,3y
pair,LINK/USDT:USDT,12,20,13,5,7.6923076923076925,40.0,30.0,70.0,1.562328396487803,3.5278140971477177,-1.283691641687499,3y
pair,LINK/USDT:USDT,24,20,13,5,15.384615384615385,60.0,35.0,65.0,2.266260490723348,4.053392922686261,-1.493603584212927,3y
pair,LINK/USDT:USDT,48,20,13,5,46.15384615384615,60.0,70.0,30.0,5.2468041426430965,4.677174719809202,1.1888631713711812,3y
pair,LINK/USDT:USDT,72,20,13,5,61.53846153846154,60.0,65.0,35.0,7.004220556078477,5.229383371976786,0.7582197161791919,3y
pair,LINK/USDT:USDT,168,20,13,5,69.23076923076923,60.0,40.0,60.0,8.899489473668883,9.827585327877689,-2.258063573730517,3y
pair,LINK/USDT:USDT,336,18,12,4,75.0,75.0,66.66666666666666,33.33333333333333,13.318074471156885,12.661702954997823,1.1233164590803553,3y
pair,NEAR/USDT:USDT,6,23,16,6,18.75,33.33333333333333,47.82608695652174,52.17391304347826,2.267170534117689,1.7605426189503712,0.5211378431023743,3y
pair,NEAR/USDT:USDT,12,23,16,6,25.0,50.0,52.17391304347826,47.82608695652174,3.4049291728637634,2.548052957464391,0.22528580925865901,3y
pair,NEAR/USDT:USDT,24,23,16,6,43.75,66.66666666666666,52.17391304347826,47.82608695652174,4.750847914473806,3.0020901601951246,0.34240310773175825,3y
pair,NEAR/USDT:USDT,48,23,16,6,43.75,83.33333333333334,39.130434782608695,60.86956521739131,5.954054901884017,6.147313968687975,-1.5066989535659927,3y
pair,NEAR/USDT:USDT,72,23,16,6,56.25,83.33333333333334,39.130434782608695,60.86956521739131,7.287732260731329,7.3892168226729575,-1.4650509490693993,3y
pair,NEAR/USDT:USDT,168,23,16,6,75.0,83.33333333333334,47.82608695652174,52.17391304347826,10.815238326969405,14.79469061821715,-3.015862450504486,3y
pair,NEAR/USDT:USDT,336,23,16,6,87.5,83.33333333333334,65.21739130434783,34.78260869565217,14.392755731535448,16.65069175398032,1.7015081957818778,3y
pair,PAXG/USDT:USDT,6,5,3,2,33.33333333333333,0.0,80.0,20.0,2.299623011307849,-0.7271456173153855,1.3676686325001575,3y
pair,PAXG/USDT:USDT,12,5,3,2,33.33333333333333,0.0,60.0,40.0,2.3290586319481785,-0.5717750380230076,1.3505324705258952,3y
pair,PAXG/USDT:USDT,24,5,3,2,33.33333333333333,0.0,80.0,20.0,2.444484708546024,-0.5717750380230076,1.7511261382478502,3y
pair,PAXG/USDT:USDT,48,5,3,2,33.33333333333333,50.0,60.0,40.0,3.0608423553071145,-0.25066531623734456,1.8363353958923587,3y
pair,PAXG/USDT:USDT,72,5,3,2,33.33333333333333,50.0,60.0,40.0,3.678838078147417,-0.20978578697131886,2.2856085929903935,3y
pair,PAXG/USDT:USDT,168,5,3,2,33.33333333333333,50.0,60.0,40.0,11.360268941792954,0.16270503115309473,4.882970307133937,3y
pair,PAXG/USDT:USDT,336,5,3,2,66.66666666666666,50.0,60.0,40.0,12.191875989247562,2.3404547749454263,2.301837501801251,3y
pair,SOL/USDT:USDT,6,25,15,8,26.666666666666668,25.0,56.00000000000001,44.0,2.257144492626229,1.2134740328748497,0.6436416139186687,3y
pair,SOL/USDT:USDT,12,25,15,8,33.33333333333333,37.5,56.00000000000001,44.0,3.100882905411924,1.5594239004507733,1.0542107269898413,3y
pair,SOL/USDT:USDT,24,25,15,8,46.666666666666664,75.0,64.0,36.0,4.547247172607644,2.7105751811892054,1.0775225832538338,3y
pair,SOL/USDT:USDT,48,25,15,8,60.0,87.5,68.0,32.0,6.638727965348143,3.332652630776332,2.5165807874667188,3y
pair,SOL/USDT:USDT,72,25,15,8,60.0,87.5,72.0,28.000000000000004,7.756214716844608,3.770031486372949,2.48022146671618,3y
pair,SOL/USDT:USDT,168,25,15,8,80.0,87.5,56.00000000000001,44.0,10.043079658627162,7.327543035329608,1.4870163720991418,3y
pair,SOL/USDT:USDT,336,25,15,8,80.0,87.5,52.0,48.0,13.592267735496602,10.14936576179477,1.729335230845584,3y
pair,SUI/USDT:USDT,6,19,10,7,10.0,42.857142857142854,52.63157894736842,47.368421052631575,2.0834281669507018,1.1812389192903845,0.1591394466563217,3y
pair,SUI/USDT:USDT,12,19,10,7,30.0,57.14285714285714,36.84210526315789,63.1578947368421,2.433857591455772,2.331452364668129,-0.6189370472544505,3y
pair,SUI/USDT:USDT,24,19,10,7,50.0,57.14285714285714,63.1578947368421,36.84210526315789,3.3456989885431745,3.2946767300994364,-0.20935044984185372,3y
pair,SUI/USDT:USDT,48,19,10,7,60.0,71.42857142857143,47.368421052631575,52.63157894736842,4.181097414677181,4.560617061234666,-0.649336904008752,3y
pair,SUI/USDT:USDT,72,19,10,7,70.0,71.42857142857143,42.10526315789473,57.89473684210527,5.734816920103803,5.779997937196252,-1.307715979952454,3y
pair,SUI/USDT:USDT,168,19,10,7,100.0,85.71428571428571,47.368421052631575,52.63157894736842,11.152784828186961,14.717815106597602,-3.6082689683887246,3y
pair,SUI/USDT:USDT,336,19,10,7,100.0,100.0,47.368421052631575,52.63157894736842,17.501903003457997,19.458222715031688,-2.670395441883583,3y
pair,TAO/USDT:USDT,6,12,5,6,20.0,16.666666666666664,41.66666666666667,58.333333333333336,1.3301864936320573,2.839927705097066,-1.253687121372425,3y
pair,TAO/USDT:USDT,12,12,5,6,40.0,33.33333333333333,50.0,50.0,2.0292290952470187,3.7499132693590105,-0.9606653028243611,3y
pair,TAO/USDT:USDT,24,12,5,6,40.0,50.0,41.66666666666667,58.333333333333336,3.0952916827271957,5.859207161219854,-2.6094510781075786,3y
pair,TAO/USDT:USDT,48,12,5,6,40.0,83.33333333333334,58.333333333333336,41.66666666666667,5.657542578169118,8.905822591435077,-2.5088129771431875,3y
pair,TAO/USDT:USDT,72,12,5,6,40.0,83.33333333333334,50.0,50.0,6.829139753133775,11.038263309786494,-3.5481668310194596,3y
pair,TAO/USDT:USDT,168,12,5,6,60.0,83.33333333333334,41.66666666666667,58.333333333333336,11.042352744955043,15.07000199509095,-2.367936123115035,3y
pair,TAO/USDT:USDT,336,12,5,6,60.0,83.33333333333334,33.33333333333333,66.66666666666666,17.76697645839222,19.14279808000233,-4.324378365123301,3y
pair,XRP/USDT:USDT,6,36,21,9,9.523809523809524,11.11111111111111,58.333333333333336,41.66666666666667,2.6485739512886535,1.6769396575438351,-0.13763411315893556,3y
pair,XRP/USDT:USDT,12,36,21,9,19.047619047619047,11.11111111111111,66.66666666666666,33.33333333333333,3.0501327879072004,1.8653908746422903,0.05629630404188223,3y
pair,XRP/USDT:USDT,24,36,21,9,42.857142857142854,11.11111111111111,50.0,50.0,3.4225697959810564,2.46602238787192,-0.23814179126428905,3y
pair,XRP/USDT:USDT,48,36,21,9,47.61904761904761,33.33333333333333,44.44444444444444,55.55555555555556,4.86915090998027,3.8856355231109254,-0.11475059797523202,3y
pair,XRP/USDT:USDT,72,36,21,9,66.66666666666666,44.44444444444444,55.55555555555556,44.44444444444444,6.757319497634487,4.62020734527153,1.1449883323572727,3y
pair,XRP/USDT:USDT,168,36,21,9,76.19047619047619,66.66666666666666,61.111111111111114,38.88888888888889,10.55971207458135,6.012875528990485,2.517370620274024,3y
pair,XRP/USDT:USDT,336,35,21,8,85.71428571428571,75.0,54.285714285714285,45.714285714285715,14.806150906015656,12.233918826969076,-0.873326860109447,3y
pair,ZEC/USDT:USDT,6,13,3,8,0.0,50.0,76.92307692307693,23.076923076923077,2.983912377666787,1.3492837748295645,0.9409386631236064,3y
pair,ZEC/USDT:USDT,12,13,3,8,0.0,50.0,38.46153846153847,61.53846153846154,3.0063647388094132,2.107007078324267,-0.5032474577907909,3y
pair,ZEC/USDT:USDT,24,13,3,8,33.33333333333333,62.5,30.76923076923077,69.23076923076923,3.2946296854609844,3.434680023381293,-1.3086533302980727,3y
pair,ZEC/USDT:USDT,48,13,3,8,66.66666666666666,62.5,46.15384615384615,53.84615384615385,5.5236693949928615,5.319430403750672,-0.5975738057888189,3y
pair,ZEC/USDT:USDT,72,13,3,8,66.66666666666666,62.5,30.76923076923077,69.23076923076923,6.2477918430504955,6.4130470411329235,-1.9465751028645182,3y
pair,ZEC/USDT:USDT,168,13,3,8,66.66666666666666,75.0,53.84615384615385,46.15384615384615,11.041559934375393,9.356885131294884,0.2859988534604065,3y
pair,ZEC/USDT:USDT,336,13,3,8,66.66666666666666,75.0,53.84615384615385,46.15384615384615,16.398691291978153,18.95208236867783,-1.706845810385039,3y
pair,ADA/USDT:USDT,6,13,4,6,25.0,0.0,53.84615384615385,46.15384615384615,1.4490768893122652,2.166460384068932,-0.5514169710079843,1y
pair,ADA/USDT:USDT,12,13,4,6,25.0,33.33333333333333,46.15384615384615,53.84615384615385,2.047924751002403,3.129968789573955,-0.687953692262633,1y
pair,ADA/USDT:USDT,24,12,4,5,50.0,60.0,41.66666666666667,58.333333333333336,3.884344726107909,3.8494326038844524,0.5992381591027179,1y
pair,ADA/USDT:USDT,48,12,4,5,50.0,80.0,58.333333333333336,41.66666666666667,5.75870660293327,4.789942159427702,1.5136692838295267,1y
pair,ADA/USDT:USDT,72,12,4,5,75.0,80.0,75.0,25.0,7.691495883652249,4.8659195043648475,3.3631321485118844,1y
pair,ADA/USDT:USDT,168,12,4,5,75.0,80.0,50.0,50.0,11.766705162624474,6.85626035967928,3.1032983592081145,1y
pair,ADA/USDT:USDT,336,12,4,5,75.0,100.0,66.66666666666666,33.33333333333333,14.783632415355186,8.876617025092065,5.3611193111998805,1y
pair,BNB/USDT:USDT,6,9,4,4,25.0,25.0,55.55555555555556,44.44444444444444,1.084595673319139,1.0569730381643523,-0.035701627439111816,1y
pair,BNB/USDT:USDT,12,9,4,4,25.0,25.0,66.66666666666666,33.33333333333333,1.2927481270217283,1.1573722435569083,0.3693366958771504,1y
pair,BNB/USDT:USDT,24,9,4,4,50.0,25.0,55.55555555555556,44.44444444444444,2.1355021065176296,1.6274351386075445,0.24950735873797483,1y
pair,BNB/USDT:USDT,48,9,4,4,50.0,50.0,44.44444444444444,55.55555555555556,4.0619771140515875,2.3705893278761443,0.8643335235114238,1y
pair,BNB/USDT:USDT,72,9,4,4,50.0,75.0,77.77777777777779,22.22222222222222,4.640900619824088,2.427889276209228,2.593745382548695,1y
pair,BNB/USDT:USDT,168,9,4,4,75.0,75.0,66.66666666666666,33.33333333333333,9.169435290386637,5.994076448496806,4.179122968995934,1y
pair,BNB/USDT:USDT,336,9,4,4,75.0,75.0,55.55555555555556,44.44444444444444,11.565216765454,6.797577272382088,4.265673511973062,1y
pair,BTC/USDT:USDT,6,11,4,5,0.0,40.0,36.36363636363637,63.63636363636363,1.5942766228702625,0.8060740335942643,0.5005849251791781,1y
pair,BTC/USDT:USDT,12,11,4,5,0.0,40.0,18.181818181818183,81.81818181818183,1.9752745503006284,1.3286587445661502,-0.06740632066486806,1y
pair,BTC/USDT:USDT,24,11,4,5,0.0,40.0,45.45454545454545,54.54545454545454,2.1855459680938414,1.8136975453346227,-0.5530497445961076,1y
pair,BTC/USDT:USDT,48,11,4,5,25.0,40.0,36.36363636363637,63.63636363636363,2.7444117282295872,2.491357359537439,-0.2253995618425115,1y
pair,BTC/USDT:USDT,72,11,4,5,50.0,40.0,63.63636363636363,36.36363636363637,3.3251429947448763,2.775188247601961,0.44091692071753846,1y
pair,BTC/USDT:USDT,168,11,4,5,75.0,60.0,54.54545454545454,45.45454545454545,6.252254835290336,3.784149327375748,1.9171650550046015,1y
pair,BTC/USDT:USDT,336,9,2,5,100.0,60.0,55.55555555555556,44.44444444444444,8.50206641999037,4.9053098156085,1.9102294494052032,1y
pair,DOGE/USDT:USDT,6,6,4,1,25.0,100.0,66.66666666666666,33.33333333333333,2.3830796069512847,2.1178611474252214,-0.565600505835494,1y
pair,DOGE/USDT:USDT,12,6,4,1,50.0,100.0,50.0,50.0,2.7761608328396843,2.7611048156770956,-0.7315727779481092,1y
pair,DOGE/USDT:USDT,24,6,4,1,50.0,100.0,33.33333333333333,66.66666666666666,2.8008010851558676,4.014695654489366,-1.3631923687793974,1y
pair,DOGE/USDT:USDT,48,6,4,1,50.0,100.0,16.666666666666664,83.33333333333334,3.9457514761145385,8.54147632896545,-4.4643394283600415,1y
pair,DOGE/USDT:USDT,72,6,4,1,50.0,100.0,33.33333333333333,66.66666666666666,4.775306637426056,9.326445238965283,-2.076952232962056,1y
pair,DOGE/USDT:USDT,168,6,4,1,100.0,100.0,66.66666666666666,33.33333333333333,8.02224546494878,10.281098096752737,2.900003019942196,1y
pair,DOGE/USDT:USDT,336,5,3,1,100.0,100.0,60.0,40.0,14.092627715482998,11.052787329362953,6.044321114671493,1y
pair,ETH/USDT:USDT,6,12,6,5,16.666666666666664,0.0,41.66666666666667,58.333333333333336,1.7271555877702767,1.8110107287488253,-0.5395220665488764,1y
pair,ETH/USDT:USDT,12,12,6,5,33.33333333333333,20.0,50.0,50.0,2.445575380486882,2.4179912146832923,0.027430634576441387,1y
pair,ETH/USDT:USDT,24,12,6,5,50.0,40.0,33.33333333333333,66.66666666666666,3.41815954161546,2.8374129742794465,-0.20907114877331795,1y
pair,ETH/USDT:USDT,48,12,6,5,83.33333333333334,60.0,41.66666666666667,58.333333333333336,4.365981854443894,3.7694637025328723,-0.2975884623745723,1y
pair,ETH/USDT:USDT,72,12,6,5,83.33333333333334,80.0,50.0,50.0,5.966756400993073,5.388415810538364,-0.37662814134617795,1y
pair,ETH/USDT:USDT,168,11,6,5,83.33333333333334,80.0,54.54545454545454,45.45454545454545,10.831809073382725,6.034376220167378,3.291315746053651,1y
pair,ETH/USDT:USDT,336,10,6,4,83.33333333333334,75.0,70.0,30.0,15.70992386543314,8.731707995229169,7.643411454075339,1y
pair,LINK/USDT:USDT,6,5,3,2,0.0,50.0,20.0,80.0,1.318050400543647,4.381430560638913,-2.85495031337466,1y
pair,LINK/USDT:USDT,12,5,3,2,0.0,50.0,0.0,100.0,1.4350392103096676,4.532670033798305,-2.8367479408627316,1y
pair,LINK/USDT:USDT,24,5,3,2,0.0,50.0,0.0,100.0,1.4350392103096676,5.658166436983176,-3.1716992049066213,1y
pair,LINK/USDT:USDT,48,5,3,2,0.0,50.0,60.0,40.0,2.1083824227197274,6.881783094142331,-2.629931083091605,1y
pair,LINK/USDT:USDT,72,5,3,2,66.66666666666666,50.0,80.0,20.0,3.892053480115369,7.118520116389907,-0.621138867552062,1y
pair,LINK/USDT:USDT,168,5,3,2,66.66666666666666,50.0,20.0,80.0,8.066917014476358,8.621962317721792,-3.1322722934494305,1y
pair,LINK/USDT:USDT,336,3,2,1,50.0,100.0,33.33333333333333,66.66666666666666,11.705161284746806,14.608307299442961,-7.134998349564516,1y
pair,NEAR/USDT:USDT,6,10,6,4,33.33333333333333,50.0,70.0,30.0,3.155664963424081,1.6309614565031585,1.3008805807462538,1y
pair,NEAR/USDT:USDT,12,10,6,4,50.0,75.0,70.0,30.0,5.625807211549944,2.073178788435669,2.1241295997056384,1y
pair,NEAR/USDT:USDT,24,10,6,4,50.0,75.0,50.0,50.0,6.903240519186509,2.593955954426506,0.8970778941924273,1y
pair,NEAR/USDT:USDT,48,10,6,4,50.0,75.0,40.0,60.0,8.136513785981862,5.820265453738929,-0.2278131351813495,1y
pair,NEAR/USDT:USDT,72,10,6,4,66.66666666666666,75.0,50.0,50.0,10.760663102394233,6.503275936182394,0.9054861657591686,1y
pair,NEAR/USDT:USDT,168,10,6,4,66.66666666666666,75.0,50.0,50.0,11.634295206672958,12.797618705403838,-2.099363605569378,1y
pair,NEAR/USDT:USDT,336,10,6,4,66.66666666666666,75.0,60.0,40.0,13.740817166706735,14.289849996381125,0.8962532566416795,1y
pair,PAXG/USDT:USDT,6,4,2,2,50.0,0.0,75.0,25.0,2.6935793326434165,-0.8599709692765496,1.5615228491277526,1y
pair,PAXG/USDT:USDT,12,4,2,2,50.0,0.0,50.0,50.0,2.6935793326434165,-0.6791777926474003,1.6067604649436364,1y
pair,PAXG/USDT:USDT,24,4,2,2,50.0,0.0,75.0,25.0,2.8378619283907236,-0.6791777926474003,2.080588718098786,1y
pair,PAXG/USDT:USDT,48,4,2,2,50.0,50.0,75.0,25.0,3.608308986842087,-0.47149649067118715,2.3397348961801687,1y
pair,PAXG/USDT:USDT,72,4,2,2,50.0,50.0,75.0,25.0,4.380803640392465,-0.47149649067118715,2.8927729556932995,1y
pair,PAXG/USDT:USDT,168,4,2,2,50.0,50.0,75.0,25.0,13.705932779462136,-0.31609252721872694,6.584032605488304,1y
pair,PAXG/USDT:USDT,336,4,2,2,100.0,50.0,75.0,25.0,14.745441588780395,1.987197455984355,3.1800590474649573,1y
pair,SOL/USDT:USDT,6,10,7,3,14.285714285714285,0.0,30.0,70.0,1.4251680407484977,1.7729578418565684,-0.09821042848519436,1y
pair,SOL/USDT:USDT,12,10,7,3,14.285714285714285,0.0,10.0,90.0,1.6186700681570083,2.2041949526543054,-0.3925179796450635,1y
pair,SOL/USDT:USDT,24,10,7,3,28.57142857142857,66.66666666666666,60.0,40.0,3.601641399780851,2.6014219138639785,1.5667687500821448,1y
pair,SOL/USDT:USDT,48,10,7,3,42.857142857142854,66.66666666666666,70.0,30.0,6.714946615369334,3.18739830848619,2.032599783552433,1y
pair,SOL/USDT:USDT,72,10,7,3,42.857142857142854,66.66666666666666,80.0,20.0,8.15492283751667,3.3643715342782623,3.3223568196528253,1y
pair,SOL/USDT:USDT,168,10,7,3,85.71428571428571,66.66666666666666,40.0,60.0,9.414839310562716,5.3372402503219485,0.6069701262340194,1y
pair,SOL/USDT:USDT,336,10,7,3,85.71428571428571,66.66666666666666,40.0,60.0,12.822351434813493,9.009920226287973,1.4794079162400513,1y
pair,SUI/USDT:USDT,6,6,3,2,0.0,50.0,50.0,50.0,2.5965568890997943,0.9438640186234287,0.2332237941784271,1y
pair,SUI/USDT:USDT,12,6,3,2,66.66666666666666,50.0,50.0,50.0,3.016479652845805,1.566737165614119,0.046513976295055305,1y
pair,SUI/USDT:USDT,24,6,3,2,66.66666666666666,50.0,83.33333333333334,16.666666666666664,4.445406977550062,1.8684141346478649,1.7790960808530651,1y
pair,SUI/USDT:USDT,48,6,3,2,66.66666666666666,100.0,50.0,50.0,5.06994560646972,2.2677092633178013,1.2560581044936863,1y
pair,SUI/USDT:USDT,72,6,3,2,66.66666666666666,100.0,50.0,50.0,5.391583033370305,2.6325699088005305,1.9844314610135205,1y
pair,SUI/USDT:USDT,168,6,3,2,100.0,100.0,33.33333333333333,66.66666666666666,8.971587176250774,6.210110211595616,1.470986979509596,1y
pair,SUI/USDT:USDT,336,6,3,2,100.0,100.0,50.0,50.0,23.092300438150428,10.750257303715905,2.2051429058092835,1y
pair,TAO/USDT:USDT,6,8,3,4,33.33333333333333,25.0,50.0,50.0,1.4407631483747243,2.1497167690442076,-0.34222066424975944,1y
pair,TAO/USDT:USDT,12,8,3,4,33.33333333333333,25.0,50.0,50.0,2.038746956325196,2.958622670609863,-0.7430690265027602,1y
pair,TAO/USDT:USDT,24,8,3,4,33.33333333333333,50.0,50.0,50.0,3.122215293177278,3.4534007108401825,-0.25213898608824814,1y
pair,TAO/USDT:USDT,48,8,3,4,33.33333333333333,100.0,62.5,37.5,6.716488755108234,5.284158695079223,1.0179393117631033,1y
pair,TAO/USDT:USDT,72,8,3,4,33.33333333333333,100.0,50.0,50.0,8.394070775575527,7.735678042750152,-1.5238745589001192,1y
pair,TAO/USDT:USDT,168,8,3,4,33.33333333333333,100.0,25.0,75.0,10.533292617280244,11.472369459435697,-1.3982876397868658,1y
pair,TAO/USDT:USDT,336,8,3,4,33.33333333333333,100.0,25.0,75.0,17.253788598460403,17.453899192446972,-5.970489081654254,1y
pair,XRP/USDT:USDT,6,15,7,5,0.0,20.0,53.333333333333336,46.666666666666664,4.323304202006327,1.7350248593914073,-0.33978917126953656,1y
pair,XRP/USDT:USDT,12,15,7,5,0.0,20.0,66.66666666666666,33.33333333333333,4.791551998881091,2.035473668825236,0.0755130717357546,1y
pair,XRP/USDT:USDT,24,15,7,5,42.857142857142854,20.0,60.0,40.0,5.347032877977256,2.401731456931715,0.5487730753337516,1y
pair,XRP/USDT:USDT,48,15,7,5,42.857142857142854,60.0,60.0,40.0,6.43565321263271,3.560644662184577,0.19000139755175516,1y
pair,XRP/USDT:USDT,72,15,7,5,57.14285714285714,60.0,60.0,40.0,8.088505238796664,4.085552677055056,1.2612490669324472,1y
pair,XRP/USDT:USDT,168,15,7,5,71.42857142857143,60.0,66.66666666666666,33.33333333333333,10.724974760637291,5.505466955239337,2.0551980988989005,1y
pair,XRP/USDT:USDT,336,14,7,4,71.42857142857143,75.0,57.14285714285714,42.857142857142854,15.00950003317603,7.153144744736974,3.6251077808229786,1y
pair,ZEC/USDT:USDT,6,2,1,1,0.0,100.0,100.0,0.0,2.9741067051991856,0.09727759785706352,2.01275477392494,1y
pair,ZEC/USDT:USDT,12,2,1,1,0.0,100.0,50.0,50.0,2.9741067051991856,2.473339112174092,-0.3257526098825644,1y
pair,ZEC/USDT:USDT,24,2,1,1,0.0,100.0,50.0,50.0,3.346790835290074,3.1674691861140323,1.1707689278973614,1y
pair,ZEC/USDT:USDT,48,2,1,1,100.0,100.0,50.0,50.0,6.02797162731088,7.0782382621162485,-0.21078300840532904,1y
pair,ZEC/USDT:USDT,72,2,1,1,100.0,100.0,50.0,50.0,8.306975300528563,9.98302172371275,-4.062412634635553,1y
pair,ZEC/USDT:USDT,168,2,1,1,100.0,100.0,50.0,50.0,8.372664229933076,12.321011374354892,1.9139232348337196,1y
pair,ZEC/USDT:USDT,336,2,1,1,100.0,100.0,50.0,50.0,27.169082172394933,27.043610841182517,9.633997014790218,1y
