pair,entry_tag,matrix,period,btc_4h_regime,btc_1d_regime,range_market,false_breakdown,quick_reverse_1h_5h,duration_bucket,trades,profit_abs,profit_pct,pf,maxdd_pct,winrate,avg_profit,avg_duration,avg_MAE,avg_MFE
ADA/USDT:USDT,long_1d_center_compression,base_3y,,,,,,,,2,40.1753,4.0175,6.6183,0.7151,50.0000,3.9563,2.0000,2.1997,5.7971
ADA/USDT:USDT,short_compression_breakdown,base_3y,,,,,,,,13,45.6918,4.5692,1.5693,4.2073,30.7692,1.1016,58.0769,2.3853,5.6097
ADA/USDT:USDT,short_pullback_restart,base_3y,,,,,,,,17,200.0951,20.0095,2.9938,3.4281,35.2941,2.0835,38.9412,2.2333,6.2497
BNB/USDT:USDT,long_1d_center_compression,base_3y,,,,,,,,7,101.2182,10.1218,3.1837,4.3096,42.8571,3.2119,61.5714,1.5731,6.7267
BNB/USDT:USDT,short_compression_breakdown,base_3y,,,,,,,,1,17.7242,1.7724,inf,0.0000,100.0000,10.0009,24.0000,1.1967,13.3831
BNB/USDT:USDT,short_pullback_restart,base_3y,,,,,,,,11,57.2744,5.7274,1.6794,4.9509,45.4545,1.1670,55.0909,2.5607,5.4483
BTC/USDT:USDT,long_1d_center_compression,base_3y,,,,,,,,13,86.4999,8.6500,1.9943,4.1237,30.7692,1.7871,89.4615,1.6093,5.1468
BTC/USDT:USDT,short_compression_breakdown,base_3y,,,,,,,,7,94.1740,9.4174,4.8639,2.2877,42.8571,1.6851,56.5714,1.7187,5.5833
BTC/USDT:USDT,short_pullback_restart,base_3y,,,,,,,,17,31.6642,3.1664,1.2485,4.5941,29.4118,0.4617,47.3529,2.1560,4.1970
DOGE/USDT:USDT,long_1d_center_compression,base_3y,,,,,,,,2,34.3382,3.4338,5.8117,0.7136,50.0000,3.9521,8.0000,1.6881,5.7500
DOGE/USDT:USDT,short_compression_breakdown,base_3y,,,,,,,,5,88.1500,8.8150,9.3884,0.8707,60.0000,5.2467,46.4000,1.7517,7.5197
DOGE/USDT:USDT,short_pullback_restart,base_3y,,,,,,,,13,33.4636,3.3464,1.3005,5.3005,30.7692,1.1031,28.3077,2.6074,5.5445
ETH/USDT:USDT,long_1d_center_compression,base_3y,,,,,,,,6,94.7134,9.4713,3.1596,2.8818,33.3333,1.9134,31.5000,1.7583,4.0055
ETH/USDT:USDT,short_compression_breakdown,base_3y,,,,,,,,6,96.5472,9.6547,4.7852,1.5697,50.0000,3.8590,46.3333,1.8450,6.4384
ETH/USDT:USDT,short_pullback_restart,base_3y,,,,,,,,18,154.4979,15.4498,2.4580,2.8185,33.3333,1.9757,40.2222,2.0527,5.7476
LINK/USDT:USDT,long_1d_center_compression,base_3y,,,,,,,,1,-7.1684,-0.7168,0.0000,0.7168,0.0000,-2.1406,34.0000,2.0190,0.7555
LINK/USDT:USDT,short_compression_breakdown,base_3y,,,,,,,,7,-40.4392,-4.0439,0.3775,4.7075,14.2857,-1.3908,32.4286,3.7650,2.7841
LINK/USDT:USDT,short_pullback_restart,base_3y,,,,,,,,12,73.7001,7.3700,1.8471,2.7998,33.3333,1.5070,30.6667,3.1588,5.3846
NEAR/USDT:USDT,long_1d_center_compression,base_3y,,,,,,,,2,-16.7279,-1.6728,0.0000,1.6728,0.0000,-2.2072,21.5000,2.6805,4.4312
NEAR/USDT:USDT,short_compression_breakdown,base_3y,,,,,,,,6,5.2030,0.5203,1.0834,3.3849,16.6667,-0.6626,29.6667,2.6650,4.7732
NEAR/USDT:USDT,short_pullback_restart,base_3y,,,,,,,,15,63.5186,6.3519,1.5010,4.7224,33.3333,0.7409,35.5333,3.2505,5.0062
PAXG/USDT:USDT,long_1d_center_compression,base_3y,,,,,,,,5,73.3545,7.3355,2.5682,4.6776,40.0000,1.5537,280.0000,4.8228,7.4512
SOL/USDT:USDT,long_1d_center_compression,base_3y,,,,,,,,5,71.1381,7.1138,3.1998,3.1314,40.0000,2.7249,41.2000,1.9051,5.3058
SOL/USDT:USDT,short_compression_breakdown,base_3y,,,,,,,,9,-15.3607,-1.5361,0.7888,5.1563,22.2222,0.1243,37.2222,2.7671,5.1948
SOL/USDT:USDT,short_pullback_restart,base_3y,,,,,,,,11,110.5135,11.0513,2.1223,7.2951,36.3636,1.7329,34.2727,2.9674,5.9925
SUI/USDT:USDT,long_1d_center_compression,base_3y,,,,,,,,1,-8.8656,-0.8866,0.0000,0.8866,0.0000,-2.1463,0.0000,3.2005,4.3219
SUI/USDT:USDT,short_compression_breakdown,base_3y,,,,,,,,7,30.9173,3.0917,1.9569,1.7543,42.8571,1.6884,51.5714,2.6615,5.8073
SUI/USDT:USDT,short_pullback_restart,base_3y,,,,,,,,11,73.9526,7.3953,1.8816,2.0226,36.3636,1.7942,48.5455,2.3358,6.7911
TAO/USDT:USDT,short_compression_breakdown,base_3y,,,,,,,,4,19.9747,1.9975,1.4444,2.8980,25.0000,0.5132,36.5000,3.0867,4.5782
TAO/USDT:USDT,short_pullback_restart,base_3y,,,,,,,,8,67.7736,6.7774,2.6517,1.9723,62.5000,2.3688,49.6250,2.8709,6.3321
XRP/USDT:USDT,long_1d_center_compression,base_3y,,,,,,,,3,26.6345,2.6635,2.3210,1.0094,33.3333,1.9021,21.3333,1.9045,7.7271
XRP/USDT:USDT,short_compression_breakdown,base_3y,,,,,,,,10,11.3775,1.1377,1.1313,3.8767,30.0000,0.2514,49.2000,3.0010,4.9904
XRP/USDT:USDT,short_pullback_restart,base_3y,,,,,,,,23,55.3674,5.5367,1.3804,8.3485,21.7391,0.0947,65.8261,1.9986,4.0839
ZEC/USDT:USDT,short_compression_breakdown,base_3y,,,,,,,,3,105.2821,10.5282,inf,0.0000,100.0000,10.0042,48.3333,1.3742,11.2516
ZEC/USDT:USDT,short_pullback_restart,base_3y,,,,,,,,10,117.0720,11.7072,3.6829,2.9615,50.0000,3.8808,37.4000,1.9292,9.0804
ADA/USDT:USDT,long_1d_center_compression,period,3y,,,,,,,2,40.1753,4.0175,6.6183,0.7151,50.0000,3.9563,2.0000,2.1997,5.7971
ADA/USDT:USDT,short_compression_breakdown,period,3y,,,,,,,13,45.6918,4.5692,1.5693,4.2073,30.7692,1.1016,58.0769,2.3853,5.6097
ADA/USDT:USDT,short_pullback_restart,period,3y,,,,,,,17,200.0951,20.0095,2.9938,3.4281,35.2941,2.0835,38.9412,2.2333,6.2497
BNB/USDT:USDT,long_1d_center_compression,period,3y,,,,,,,7,101.2182,10.1218,3.1837,4.3096,42.8571,3.2119,61.5714,1.5731,6.7267
BNB/USDT:USDT,short_compression_breakdown,period,3y,,,,,,,1,17.7242,1.7724,inf,0.0000,100.0000,10.0009,24.0000,1.1967,13.3831
BNB/USDT:USDT,short_pullback_restart,period,3y,,,,,,,11,57.2744,5.7274,1.6794,4.9509,45.4545,1.1670,55.0909,2.5607,5.4483
BTC/USDT:USDT,long_1d_center_compression,period,3y,,,,,,,13,86.4999,8.6500,1.9943,4.1237,30.7692,1.7871,89.4615,1.6093,5.1468
BTC/USDT:USDT,short_compression_breakdown,period,3y,,,,,,,7,94.1740,9.4174,4.8639,2.2877,42.8571,1.6851,56.5714,1.7187,5.5833
BTC/USDT:USDT,short_pullback_restart,period,3y,,,,,,,17,31.6642,3.1664,1.2485,4.5941,29.4118,0.4617,47.3529,2.1560,4.1970
DOGE/USDT:USDT,long_1d_center_compression,period,3y,,,,,,,2,34.3382,3.4338,5.8117,0.7136,50.0000,3.9521,8.0000,1.6881,5.7500
DOGE/USDT:USDT,short_compression_breakdown,period,3y,,,,,,,5,88.1500,8.8150,9.3884,0.8707,60.0000,5.2467,46.4000,1.7517,7.5197
DOGE/USDT:USDT,short_pullback_restart,period,3y,,,,,,,13,33.4636,3.3464,1.3005,5.3005,30.7692,1.1031,28.3077,2.6074,5.5445
ETH/USDT:USDT,long_1d_center_compression,period,3y,,,,,,,6,94.7134,9.4713,3.1596,2.8818,33.3333,1.9134,31.5000,1.7583,4.0055
ETH/USDT:USDT,short_compression_breakdown,period,3y,,,,,,,6,96.5472,9.6547,4.7852,1.5697,50.0000,3.8590,46.3333,1.8450,6.4384
ETH/USDT:USDT,short_pullback_restart,period,3y,,,,,,,18,154.4979,15.4498,2.4580,2.8185,33.3333,1.9757,40.2222,2.0527,5.7476
LINK/USDT:USDT,long_1d_center_compression,period,3y,,,,,,,1,-7.1684,-0.7168,0.0000,0.7168,0.0000,-2.1406,34.0000,2.0190,0.7555
LINK/USDT:USDT,short_compression_breakdown,period,3y,,,,,,,7,-40.4392,-4.0439,0.3775,4.7075,14.2857,-1.3908,32.4286,3.7650,2.7841
LINK/USDT:USDT,short_pullback_restart,period,3y,,,,,,,12,73.7001,7.3700,1.8471,2.7998,33.3333,1.5070,30.6667,3.1588,5.3846
NEAR/USDT:USDT,long_1d_center_compression,period,3y,,,,,,,2,-16.7279,-1.6728,0.0000,1.6728,0.0000,-2.2072,21.5000,2.6805,4.4312
NEAR/USDT:USDT,short_compression_breakdown,period,3y,,,,,,,6,5.2030,0.5203,1.0834,3.3849,16.6667,-0.6626,29.6667,2.6650,4.7732
NEAR/USDT:USDT,short_pullback_restart,period,3y,,,,,,,15,63.5186,6.3519,1.5010,4.7224,33.3333,0.7409,35.5333,3.2505,5.0062
PAXG/USDT:USDT,long_1d_center_compression,period,3y,,,,,,,5,73.3545,7.3355,2.5682,4.6776,40.0000,1.5537,280.0000,4.8228,7.4512
SOL/USDT:USDT,long_1d_center_compression,period,3y,,,,,,,5,71.1381,7.1138,3.1998,3.1314,40.0000,2.7249,41.2000,1.9051,5.3058
SOL/USDT:USDT,short_compression_breakdown,period,3y,,,,,,,9,-15.3607,-1.5361,0.7888,5.1563,22.2222,0.1243,37.2222,2.7671,5.1948
SOL/USDT:USDT,short_pullback_restart,period,3y,,,,,,,11,110.5135,11.0513,2.1223,7.2951,36.3636,1.7329,34.2727,2.9674,5.9925
SUI/USDT:USDT,long_1d_center_compression,period,3y,,,,,,,1,-8.8656,-0.8866,0.0000,0.8866,0.0000,-2.1463,0.0000,3.2005,4.3219
SUI/USDT:USDT,short_compression_breakdown,period,3y,,,,,,,7,30.9173,3.0917,1.9569,1.7543,42.8571,1.6884,51.5714,2.6615,5.8073
SUI/USDT:USDT,short_pullback_restart,period,3y,,,,,,,11,73.9526,7.3953,1.8816,2.0226,36.3636,1.7942,48.5455,2.3358,6.7911
TAO/USDT:USDT,short_compression_breakdown,period,3y,,,,,,,4,19.9747,1.9975,1.4444,2.8980,25.0000,0.5132,36.5000,3.0867,4.5782
TAO/USDT:USDT,short_pullback_restart,period,3y,,,,,,,8,67.7736,6.7774,2.6517,1.9723,62.5000,2.3688,49.6250,2.8709,6.3321
XRP/USDT:USDT,long_1d_center_compression,period,3y,,,,,,,3,26.6345,2.6635,2.3210,1.0094,33.3333,1.9021,21.3333,1.9045,7.7271
XRP/USDT:USDT,short_compression_breakdown,period,3y,,,,,,,10,11.3775,1.1377,1.1313,3.8767,30.0000,0.2514,49.2000,3.0010,4.9904
XRP/USDT:USDT,short_pullback_restart,period,3y,,,,,,,23,55.3674,5.5367,1.3804,8.3485,21.7391,0.0947,65.8261,1.9986,4.0839
ZEC/USDT:USDT,short_compression_breakdown,period,3y,,,,,,,3,105.2821,10.5282,inf,0.0000,100.0000,10.0042,48.3333,1.3742,11.2516
ZEC/USDT:USDT,short_pullback_restart,period,3y,,,,,,,10,117.0720,11.7072,3.6829,2.9615,50.0000,3.8808,37.4000,1.9292,9.0804
ADA/USDT:USDT,short_compression_breakdown,period,pressure,,,,,,,2,-23.4605,-2.3460,0.0000,2.3460,0.0000,-1.2780,65.0000,1.8074,3.9313
BNB/USDT:USDT,short_pullback_restart,period,pressure,,,,,,,2,-17.0805,-1.7080,0.2403,2.2483,50.0000,-1.0841,78.0000,2.3225,4.1408
BTC/USDT:USDT,long_1d_center_compression,period,pressure,,,,,,,1,-19.2202,-1.9220,0.0000,1.9220,0.0000,-2.0782,18.0000,2.1221,0.4536
BTC/USDT:USDT,short_compression_breakdown,period,pressure,,,,,,,1,-0.7813,-0.0781,0.0000,0.0781,0.0000,-0.0960,76.0000,0.4003,4.3586
NEAR/USDT:USDT,short_pullback_restart,period,pressure,,,,,,,1,-19.8261,-1.9826,0.0000,1.9826,0.0000,-4.0951,30.0000,4.4444,2.7350
SOL/USDT:USDT,short_compression_breakdown,period,pressure,,,,,,,2,-42.0452,-4.2045,0.0000,4.2045,0.0000,-3.6500,26.5000,4.9209,1.7291
SUI/USDT:USDT,short_pullback_restart,period,pressure,,,,,,,1,-22.1704,-2.2170,0.0000,2.2170,0.0000,-4.0449,39.0000,4.1403,4.5050
TAO/USDT:USDT,short_compression_breakdown,period,pressure,,,,,,,1,-15.4298,-1.5430,0.0000,1.5430,0.0000,-1.9684,12.0000,2.4996,0.1736
XRP/USDT:USDT,short_compression_breakdown,period,pressure,,,,,,,1,-21.8116,-2.1812,0.0000,2.1812,0.0000,-3.3683,18.0000,3.3957,0.5324
XRP/USDT:USDT,short_pullback_restart,period,pressure,,,,,,,4,0.2553,0.0255,1.0108,2.2440,25.0000,-0.0240,119.0000,1.5373,5.5380
ZEC/USDT:USDT,short_compression_breakdown,period,pressure,,,,,,,1,52.3429,5.2343,inf,0.0000,100.0000,10.0003,33.0000,0.2576,12.6243
ADA/USDT:USDT,short_compression_breakdown,period,strong,,,,,,,1,-21.2548,-2.1255,0.0000,2.1255,0.0000,-2.6494,72.0000,2.5265,7.2135
ADA/USDT:USDT,short_pullback_restart,period,strong,,,,,,,3,35.5628,3.5563,2.8769,1.8477,33.3333,2.1310,53.0000,2.4371,6.2672
BNB/USDT:USDT,short_pullback_restart,period,strong,,,,,,,2,63.2238,6.3224,inf,0.0000,100.0000,5.3162,65.0000,1.2790,8.7552
BTC/USDT:USDT,short_compression_breakdown,period,strong,,,,,,,1,86.9355,8.6936,inf,0.0000,100.0000,10.0000,50.0000,0.0401,10.3114
BTC/USDT:USDT,short_pullback_restart,period,strong,,,,,,,1,53.4943,5.3494,inf,0.0000,100.0000,10.0001,46.0000,0.6465,12.8073
DOGE/USDT:USDT,short_pullback_restart,period,strong,,,,,,,1,-3.7330,-0.3733,0.0000,0.3733,0.0000,-0.7110,74.0000,1.3399,5.8527
ETH/USDT:USDT,short_pullback_restart,period,strong,,,,,,,2,-29.9669,-2.9967,0.0000,2.9967,0.0000,-2.1167,30.5000,2.5541,2.8689
LINK/USDT:USDT,short_compression_breakdown,period,strong,,,,,,,1,-22.3811,-2.2381,0.0000,2.2381,0.0000,-4.4897,25.0000,5.2889,0.6790
LINK/USDT:USDT,short_pullback_restart,period,strong,,,,,,,1,44.2622,4.4262,inf,0.0000,100.0000,9.9959,8.0000,1.0611,10.5535
NEAR/USDT:USDT,short_compression_breakdown,period,strong,,,,,,,1,-18.6187,-1.8619,0.0000,1.8619,0.0000,-2.2745,24.0000,2.2667,2.2000
NEAR/USDT:USDT,short_pullback_restart,period,strong,,,,,,,2,94.6359,9.4636,inf,0.0000,100.0000,9.9993,124.0000,1.6243,10.8169
PAXG/USDT:USDT,long_1d_center_compression,period,strong,,,,,,,1,84.7870,8.4787,inf,0.0000,100.0000,10.0000,383.0000,1.9424,10.4774
SOL/USDT:USDT,short_pullback_restart,period,strong,,,,,,,1,46.8402,4.6840,inf,0.0000,100.0000,10.0002,26.0000,1.9349,10.7759
TAO/USDT:USDT,short_compression_breakdown,period,strong,,,,,,,1,-15.0108,-1.5011,0.0000,1.5011,0.0000,-2.8906,73.0000,3.7532,6.8780
TAO/USDT:USDT,short_pullback_restart,period,strong,,,,,,,2,28.3693,2.8369,2.3205,2.0464,50.0000,2.8248,14.0000,3.3479,7.2219
XRP/USDT:USDT,short_pullback_restart,period,strong,,,,,,,2,1.3473,0.1347,1.2731,0.4903,50.0000,0.1345,98.0000,1.9292,6.5300
ZEC/USDT:USDT,short_pullback_restart,period,strong,,,,,,,1,-19.3320,-1.9332,0.0000,1.9332,0.0000,-4.2614,9.0000,4.4692,0.9491
ADA/USDT:USDT,short_compression_breakdown,period,repair,,,,,,,1,6.0875,0.6088,inf,0.0000,100.0000,1.1459,15.0000,2.3091,3.1972
ADA/USDT:USDT,short_pullback_restart,period,repair,,,,,,,1,95.2662,9.5266,inf,0.0000,100.0000,9.9944,56.0000,1.5825,10.4790
BTC/USDT:USDT,short_pullback_restart,period,repair,,,,,,,2,-45.9455,-4.5946,0.0000,4.5946,0.0000,-2.6016,26.5000,3.5265,1.3401
DOGE/USDT:USDT,short_pullback_restart,period,repair,,,,,,,2,-36.0782,-3.6078,0.0000,3.6078,0.0000,-2.5044,31.0000,2.5159,1.8781
ETH/USDT:USDT,short_pullback_restart,period,repair,,,,,,,2,47.7374,4.7737,8.1078,0.6369,50.0000,4.5055,43.0000,1.9787,6.6083
LINK/USDT:USDT,short_pullback_restart,period,repair,,,,,,,2,23.7996,2.3800,2.0132,2.2428,50.0000,3.1493,13.5000,3.5602,5.3647
SOL/USDT:USDT,short_pullback_restart,period,repair,,,,,,,1,95.2829,9.5283,inf,0.0000,100.0000,9.9975,55.0000,1.4160,10.5591
XRP/USDT:USDT,short_pullback_restart,period,repair,,,,,,,1,54.5631,5.4563,inf,0.0000,100.0000,9.9994,46.0000,1.3795,10.2801
ADA/USDT:USDT,short_compression_breakdown,period,1y,,,,,,,6,-0.3167,-0.0317,0.9863,2.2609,33.3333,0.9609,64.0000,2.3645,5.9379
ADA/USDT:USDT,short_pullback_restart,period,1y,,,,,,,7,102.3245,10.2325,6.3506,1.8061,57.1429,4.7890,50.0000,2.3285,7.9873
BNB/USDT:USDT,long_1d_center_compression,period,1y,,,,,,,3,24.7151,2.4715,3.1864,1.1304,33.3333,2.2442,65.0000,1.8171,6.0101
BNB/USDT:USDT,short_pullback_restart,period,1y,,,,,,,6,6.9467,0.6947,1.2497,1.6494,50.0000,0.3516,54.3333,2.4255,4.8050
BTC/USDT:USDT,long_1d_center_compression,period,1y,,,,,,,3,18.3695,1.8369,2.2240,1.4522,33.3333,2.1380,76.3333,1.5667,5.1117
BTC/USDT:USDT,short_compression_breakdown,period,1y,,,,,,,2,43.0771,4.3077,111.2694,0.0374,50.0000,4.9520,63.0000,0.2202,7.3350
BTC/USDT:USDT,short_pullback_restart,period,1y,,,,,,,6,-3.5536,-0.3554,0.8712,2.1671,50.0000,0.6079,61.8333,2.0592,4.1631
DOGE/USDT:USDT,short_pullback_restart,period,1y,,,,,,,6,-18.9540,-1.8954,0.4993,2.8951,16.6667,-0.2182,36.8333,2.5385,5.1035
ETH/USDT:USDT,long_1d_center_compression,period,1y,,,,,,,3,62.4149,6.2415,9.1910,0.7121,66.6667,5.9576,53.6667,1.1259,7.3827
ETH/USDT:USDT,short_compression_breakdown,period,1y,,,,,,,2,26.1512,2.6151,4.1896,0.8199,50.0000,2.8690,71.0000,3.1114,6.0671
ETH/USDT:USDT,short_pullback_restart,period,1y,,,,,,,7,13.8379,1.3838,1.3998,1.6047,28.5714,0.9056,31.0000,2.6105,5.4480
LINK/USDT:USDT,short_compression_breakdown,period,1y,,,,,,,2,-18.8573,-1.8857,0.0000,1.8857,0.0000,-3.9711,22.5000,4.6837,0.8532
LINK/USDT:USDT,short_pullback_restart,period,1y,,,,,,,3,34.4202,3.4420,3.9027,1.1333,66.6667,5.4315,11.6667,2.7271,7.0943
NEAR/USDT:USDT,short_compression_breakdown,period,1y,,,,,,,3,16.4293,1.6429,1.9223,1.7223,33.3333,1.5102,22.6667,2.2624,4.6718
NEAR/USDT:USDT,short_pullback_restart,period,1y,,,,,,,7,33.6181,3.3618,1.9672,2.4251,42.8571,2.0145,50.0000,3.1096,5.8651
PAXG/USDT:USDT,long_1d_center_compression,period,1y,,,,,,,4,43.9765,4.3977,3.6296,1.6724,50.0000,2.4594,328.5000,5.5253,9.0589
SOL/USDT:USDT,long_1d_center_compression,period,1y,,,,,,,1,35.8419,3.5842,inf,0.0000,100.0000,9.9982,74.0000,1.0494,11.2753
SOL/USDT:USDT,short_compression_breakdown,period,1y,,,,,,,2,-21.2128,-2.1213,0.0000,2.1213,0.0000,-3.6500,26.5000,4.9209,1.7291
SOL/USDT:USDT,short_pullback_restart,period,1y,,,,,,,7,33.1753,3.3175,1.8606,3.8547,28.5714,0.8494,26.2857,3.2575,5.0327
SUI/USDT:USDT,short_compression_breakdown,period,1y,,,,,,,2,-8.4691,-0.8469,0.0916,0.9315,50.0000,-1.2010,62.5000,2.3737,3.8223
SUI/USDT:USDT,short_pullback_restart,period,1y,,,,,,,4,-5.5151,-0.5515,0.7522,1.1128,25.0000,0.0131,62.5000,3.4038,8.2325
TAO/USDT:USDT,short_compression_breakdown,period,1y,,,,,,,4,10.1552,1.0155,1.4471,1.4984,25.0000,0.5132,36.5000,3.0867,4.5782
TAO/USDT:USDT,short_pullback_restart,period,1y,,,,,,,4,18.0102,1.8010,2.6561,1.0570,75.0000,1.8326,74.0000,3.0483,7.2185
XRP/USDT:USDT,short_compression_breakdown,period,1y,,,,,,,4,1.1936,0.1194,1.0415,2.0183,25.0000,0.0647,31.5000,4.0283,4.7613
XRP/USDT:USDT,short_pullback_restart,period,1y,,,,,,,11,47.9266,4.7927,2.3127,1.6293,36.3636,1.2612,76.7273,1.7274,5.1667
ZEC/USDT:USDT,short_compression_breakdown,period,1y,,,,,,,1,26.4258,2.6426,inf,0.0000,100.0000,10.0003,33.0000,0.2576,12.6243
ZEC/USDT:USDT,short_pullback_restart,period,1y,,,,,,,1,-9.7957,-0.9796,0.0000,0.9796,0.0000,-4.2614,9.0000,4.4692,0.9491
ADA/USDT:USDT,long_1d_center_compression,btc_4h_regime,,range,,,,,,1,47.3261,4.7326,inf,0.0000,100.0000,10.0002,3.0000,1.5537,10.4187
ADA/USDT:USDT,long_1d_center_compression,btc_4h_regime,,up,,,,,,1,-7.1508,-0.7151,0.0000,0.7151,0.0000,-2.0875,1.0000,2.8457,1.1754
ADA/USDT:USDT,short_compression_breakdown,btc_4h_regime,,down,,,,,,6,68.4081,6.8408,5.3418,1.3608,33.3333,2.5244,67.3333,2.2388,7.2913
ADA/USDT:USDT,short_compression_breakdown,btc_4h_regime,,range,,,,,,4,2.4211,0.2421,1.0727,2.0763,25.0000,0.9841,77.5000,2.1666,6.1680
ADA/USDT:USDT,short_compression_breakdown,btc_4h_regime,,up,,,,,,3,-25.1374,-2.5137,0.1950,3.1225,33.3333,-1.5873,13.6667,2.9699,1.5020
ADA/USDT:USDT,short_pullback_restart,btc_4h_regime,,down,,,,,,12,226.6839,22.6684,6.5848,2.5953,41.6667,3.1068,44.2500,2.0589,6.5510
ADA/USDT:USDT,short_pullback_restart,btc_4h_regime,,range,,,,,,4,-12.4351,-1.2435,0.7274,4.4151,25.0000,0.3922,31.5000,2.4392,6.8073
ADA/USDT:USDT,short_pullback_restart,btc_4h_regime,,up,,,,,,1,-14.1537,-1.4154,0.0000,1.4154,0.0000,-3.4303,5.0000,3.5025,0.4036
BNB/USDT:USDT,long_1d_center_compression,btc_4h_regime,,range,,,,,,1,38.8830,3.8883,inf,0.0000,100.0000,9.9995,24.0000,0.2680,11.4922
BNB/USDT:USDT,long_1d_center_compression,btc_4h_regime,,up,,,,,,6,62.3352,6.2335,2.3448,4.4713,33.3333,2.0807,67.8333,1.7907,5.9324
BNB/USDT:USDT,short_compression_breakdown,btc_4h_regime,,down,,,,,,1,17.7242,1.7724,inf,0.0000,100.0000,10.0009,24.0000,1.1967,13.3831
BNB/USDT:USDT,short_pullback_restart,btc_4h_regime,,down,,,,,,10,51.8723,5.1872,1.6153,4.9509,40.0000,1.2281,48.5000,2.6758,5.3283
BNB/USDT:USDT,short_pullback_restart,btc_4h_regime,,range,,,,,,1,5.4021,0.5402,inf,0.0000,100.0000,0.5560,121.0000,1.4100,6.6491
BTC/USDT:USDT,long_1d_center_compression,btc_4h_regime,,up,,,,,,13,86.4999,8.6500,1.9943,4.1237,30.7692,1.7871,89.4615,1.6093,5.1468
BTC/USDT:USDT,short_compression_breakdown,btc_4h_regime,,down,,,,,,5,111.3981,11.1398,16.5836,0.6174,60.0000,3.3750,73.4000,1.2358,7.3695
BTC/USDT:USDT,short_compression_breakdown,btc_4h_regime,,range,,,,,,2,-17.2241,-1.7224,0.0000,1.7224,0.0000,-2.5397,14.5000,2.9258,1.1179
BTC/USDT:USDT,short_pullback_restart,btc_4h_regime,,down,,,,,,16,-28.1787,-2.8179,0.7789,5.9257,25.0000,-0.1345,47.9375,2.2867,3.8037
BTC/USDT:USDT,short_pullback_restart,btc_4h_regime,,range,,,,,,1,59.8430,5.9843,inf,0.0000,100.0000,10.0000,38.0000,0.0651,10.4906
DOGE/USDT:USDT,long_1d_center_compression,btc_4h_regime,,up,,,,,,2,34.3382,3.4338,5.8117,0.7136,50.0000,3.9521,8.0000,1.6881,5.7500
DOGE/USDT:USDT,short_compression_breakdown,btc_4h_regime,,down,,,,,,3,14.4585,1.4458,2.3759,0.8707,33.3333,2.0773,33.3333,1.7973,5.6154
DOGE/USDT:USDT,short_compression_breakdown,btc_4h_regime,,range,,,,,,1,34.2426,3.4243,inf,0.0000,100.0000,10.0010,13.0000,1.0954,10.3060
DOGE/USDT:USDT,short_compression_breakdown,btc_4h_regime,,up,,,,,,1,39.4490,3.9449,inf,0.0000,100.0000,10.0007,119.0000,2.2711,10.4462
DOGE/USDT:USDT,short_pullback_restart,btc_4h_regime,,down,,,,,,13,33.4636,3.3464,1.3005,5.3005,30.7692,1.1031,28.3077,2.6074,5.5445
ETH/USDT:USDT,long_1d_center_compression,btc_4h_regime,,range,,,,,,1,71.5587,7.1559,inf,0.0000,100.0000,9.9999,46.0000,0.8111,10.6652
ETH/USDT:USDT,long_1d_center_compression,btc_4h_regime,,up,,,,,,5,23.1547,2.3155,1.5280,2.8818,20.0000,0.2962,28.6000,1.9477,2.6736
ETH/USDT:USDT,short_compression_breakdown,btc_4h_regime,,down,,,,,,4,28.6054,2.8605,2.1377,1.5692,50.0000,3.3143,17.5000,2.0616,6.2570
ETH/USDT:USDT,short_compression_breakdown,btc_4h_regime,,range,,,,,,2,67.9417,6.7942,187.8738,0.0364,50.0000,4.9484,104.0000,1.4119,6.8012
ETH/USDT:USDT,short_pullback_restart,btc_4h_regime,,down,,,,,,15,162.7480,16.2748,2.6655,2.7980,40.0000,2.5545,36.0667,2.0825,6.5854
ETH/USDT:USDT,short_pullback_restart,btc_4h_regime,,range,,,,,,2,-2.3235,-0.2323,0.0000,0.2323,0.0000,-0.5200,90.5000,1.5413,2.0801
ETH/USDT:USDT,short_pullback_restart,btc_4h_regime,,up,,,,,,1,-5.9266,-0.5927,0.0000,0.5927,0.0000,-1.7162,2.0000,2.6275,0.5166
LINK/USDT:USDT,long_1d_center_compression,btc_4h_regime,,up,,,,,,1,-7.1684,-0.7168,0.0000,0.7168,0.0000,-2.1406,34.0000,2.0190,0.7555
LINK/USDT:USDT,short_compression_breakdown,btc_4h_regime,,down,,,,,,4,-8.0895,-0.8090,0.7520,3.1715,25.0000,0.3794,49.7500,3.3697,4.3514
LINK/USDT:USDT,short_compression_breakdown,btc_4h_regime,,range,,,,,,3,-32.3497,-3.2350,0.0000,3.2350,0.0000,-3.7511,9.3333,4.2920,0.6942
LINK/USDT:USDT,short_pullback_restart,btc_4h_regime,,down,,,,,,9,101.2067,10.1207,2.7010,2.5678,44.4444,3.0405,33.6667,3.0690,6.7853
LINK/USDT:USDT,short_pullback_restart,btc_4h_regime,,range,,,,,,2,-17.5514,-1.7551,0.0000,1.7551,0.0000,-2.8830,21.5000,3.3239,1.1959
LINK/USDT:USDT,short_pullback_restart,btc_4h_regime,,up,,,,,,1,-9.9552,-0.9955,0.0000,0.9955,0.0000,-3.5141,22.0000,3.6367,1.1563
NEAR/USDT:USDT,long_1d_center_compression,btc_4h_regime,,range,,,,,,1,-9.5130,-0.9513,0.0000,0.9513,0.0000,-2.3174,39.0000,3.1233,8.7131
NEAR/USDT:USDT,long_1d_center_compression,btc_4h_regime,,up,,,,,,1,-7.2148,-0.7215,0.0000,0.7215,0.0000,-2.0970,4.0000,2.2377,0.1492
NEAR/USDT:USDT,short_compression_breakdown,btc_4h_regime,,down,,,,,,2,-24.0920,-2.4092,0.0000,2.4092,0.0000,-3.2897,15.5000,3.4227,2.3388
NEAR/USDT:USDT,short_compression_breakdown,btc_4h_regime,,range,,,,,,3,-38.2587,-3.8259,0.0000,3.8259,0.0000,-2.4671,37.0000,2.6721,4.5302
NEAR/USDT:USDT,short_compression_breakdown,btc_4h_regime,,up,,,,,,1,67.5537,6.7554,inf,0.0000,100.0000,10.0049,36.0000,1.1284,10.3708
NEAR/USDT:USDT,short_pullback_restart,btc_4h_regime,,down,,,,,,11,15.8636,1.5864,1.1606,3.1717,27.2727,-0.0458,25.9091,3.4493,4.6994
NEAR/USDT:USDT,short_pullback_restart,btc_4h_regime,,range,,,,,,4,47.6550,4.7655,2.7000,1.7029,50.0000,2.9042,62.0000,2.7038,5.8496
PAXG/USDT:USDT,long_1d_center_compression,btc_4h_regime,,down,,,,,,1,-16.9411,-1.6941,0.0000,1.6941,0.0000,-2.3358,429.0000,17.8115,15.8871
PAXG/USDT:USDT,long_1d_center_compression,btc_4h_regime,,range,,,,,,2,-29.8349,-2.9835,0.0000,2.9835,0.0000,-2.0959,85.5000,2.0378,2.0199
PAXG/USDT:USDT,long_1d_center_compression,btc_4h_regime,,up,,,,,,2,120.1306,12.0131,inf,0.0000,100.0000,7.1481,400.0000,1.1134,8.6646
SOL/USDT:USDT,long_1d_center_compression,btc_4h_regime,,up,,,,,,5,71.1381,7.1138,3.1998,3.1314,40.0000,2.7249,41.2000,1.9051,5.3058
SOL/USDT:USDT,short_compression_breakdown,btc_4h_regime,,down,,,,,,6,-13.1175,-1.3117,0.6904,3.0468,16.6667,-0.4160,35.1667,2.8413,5.0820
SOL/USDT:USDT,short_compression_breakdown,btc_4h_regime,,range,,,,,,3,-2.2432,-0.2243,0.9261,2.2070,33.3333,1.2050,41.3333,2.6186,5.4205
SOL/USDT:USDT,short_pullback_restart,btc_4h_regime,,down,,,,,,8,103.2901,10.3290,2.4901,4.6665,37.5000,1.8244,36.6250,3.0491,6.0172
SOL/USDT:USDT,short_pullback_restart,btc_4h_regime,,range,,,,,,2,-29.1560,-2.9156,0.0000,2.9156,0.0000,-2.7670,22.0000,3.9670,1.9788
SOL/USDT:USDT,short_pullback_restart,btc_4h_regime,,up,,,,,,1,36.3793,3.6379,inf,0.0000,100.0000,10.0002,40.0000,0.3149,13.8224
SUI/USDT:USDT,long_1d_center_compression,btc_4h_regime,,up,,,,,,1,-8.8656,-0.8866,0.0000,0.8866,0.0000,-2.1463,0.0000,3.2005,4.3219
SUI/USDT:USDT,short_compression_breakdown,btc_4h_regime,,down,,,,,,2,1.3610,0.1361,5.1987,0.0324,50.0000,0.1416,97.5000,2.9746,6.0744
SUI/USDT:USDT,short_compression_breakdown,btc_4h_regime,,range,,,,,,3,-2.7823,-0.2782,0.8923,1.8125,33.3333,1.3421,29.0000,2.8895,4.4574
SUI/USDT:USDT,short_compression_breakdown,btc_4h_regime,,up,,,,,,2,32.3386,3.2339,6.2501,0.6160,50.0000,3.7545,39.5000,2.0063,7.5650
SUI/USDT:USDT,short_pullback_restart,btc_4h_regime,,down,,,,,,8,20.4288,2.0429,1.2952,2.5192,25.0000,0.2383,41.1250,2.8396,6.2017
SUI/USDT:USDT,short_pullback_restart,btc_4h_regime,,range,,,,,,2,68.2117,6.8212,inf,0.0000,100.0000,10.0004,102.0000,0.1570,12.5088
SUI/USDT:USDT,short_pullback_restart,btc_4h_regime,,up,,,,,,1,-14.6880,-1.4688,0.0000,1.4688,0.0000,-2.1711,1.0000,2.6628,0.0707
TAO/USDT:USDT,short_compression_breakdown,btc_4h_regime,,range,,,,,,3,-44.9441,-4.4944,0.0000,4.4944,0.0000,-2.6491,35.0000,3.4879,2.6283
TAO/USDT:USDT,short_compression_breakdown,btc_4h_regime,,up,,,,,,1,64.9188,6.4919,inf,0.0000,100.0000,10.0001,41.0000,1.8833,10.4281
TAO/USDT:USDT,short_pullback_restart,btc_4h_regime,,down,,,,,,5,26.8240,2.6824,1.8876,2.0494,60.0000,0.7890,60.8000,3.1202,5.8835
TAO/USDT:USDT,short_pullback_restart,btc_4h_regime,,range,,,,,,3,40.9496,4.0950,4.7870,1.0281,66.6667,5.0020,31.0000,2.4555,7.0799
XRP/USDT:USDT,long_1d_center_compression,btc_4h_regime,,up,,,,,,3,26.6345,2.6635,2.3210,1.0094,33.3333,1.9021,21.3333,1.9045,7.7271
XRP/USDT:USDT,short_compression_breakdown,btc_4h_regime,,down,,,,,,4,-51.8639,-5.1864,0.0000,5.1864,0.0000,-2.6021,27.7500,4.4621,2.7822
XRP/USDT:USDT,short_compression_breakdown,btc_4h_regime,,range,,,,,,5,82.2196,8.2220,6.2094,1.5783,60.0000,3.1848,62.0000,1.7836,7.0849
XRP/USDT:USDT,short_compression_breakdown,btc_4h_regime,,up,,,,,,1,-18.9782,-1.8978,0.0000,1.8978,0.0000,-3.0015,71.0000,3.2432,3.3502
XRP/USDT:USDT,short_pullback_restart,btc_4h_regime,,down,,,,,,17,103.3845,10.3384,2.0601,5.3716,29.4118,0.6601,71.5882,1.9149,4.4740
XRP/USDT:USDT,short_pullback_restart,btc_4h_regime,,range,,,,,,5,-32.1284,-3.2128,0.0000,3.2128,0.0000,-1.2473,56.2000,2.0052,3.5272
XRP/USDT:USDT,short_pullback_restart,btc_4h_regime,,up,,,,,,1,-15.8887,-1.5889,0.0000,1.5889,0.0000,-2.8068,16.0000,3.3883,0.2371
ZEC/USDT:USDT,short_compression_breakdown,btc_4h_regime,,range,,,,,,2,52.9392,5.2939,inf,0.0000,100.0000,10.0061,56.0000,1.9325,10.5652
ZEC/USDT:USDT,short_compression_breakdown,btc_4h_regime,,up,,,,,,1,52.3429,5.2343,inf,0.0000,100.0000,10.0003,33.0000,0.2576,12.6243
ZEC/USDT:USDT,short_pullback_restart,btc_4h_regime,,down,,,,,,6,30.1724,3.0172,2.0449,1.8420,33.3333,2.0869,52.0000,2.1918,7.5809
ZEC/USDT:USDT,short_pullback_restart,btc_4h_regime,,range,,,,,,3,101.6593,10.1659,inf,0.0000,100.0000,9.9949,17.3333,0.5770,14.7637
ZEC/USDT:USDT,short_pullback_restart,btc_4h_regime,,up,,,,,,1,-14.7596,-1.4760,0.0000,1.4760,0.0000,-3.6975,10.0000,4.4098,1.0279
ADA/USDT:USDT,long_1d_center_compression,btc_1d_regime,,,up,,,,,2,40.1753,4.0175,6.6183,0.7151,50.0000,3.9563,2.0000,2.1997,5.7971
ADA/USDT:USDT,short_compression_breakdown,btc_1d_regime,,,down,,,,,8,44.6862,4.4686,1.9807,2.2163,37.5000,1.2977,52.1250,2.6040,6.0207
ADA/USDT:USDT,short_compression_breakdown,btc_1d_regime,,,range,,,,,3,-12.4409,-1.2441,0.0000,1.2441,0.0000,-1.2102,69.6667,2.4046,4.7920
ADA/USDT:USDT,short_compression_breakdown,btc_1d_regime,,,up,,,,,2,13.4465,1.3447,1.6041,2.1491,50.0000,3.7848,64.5000,1.4813,5.1921
ADA/USDT:USDT,short_pullback_restart,btc_1d_regime,,,down,,,,,8,99.0900,9.9090,3.1672,2.6428,37.5000,2.2476,37.3750,2.5844,6.2507
ADA/USDT:USDT,short_pullback_restart,btc_1d_regime,,,range,,,,,6,132.0077,13.2008,6.5854,1.7510,50.0000,4.1276,56.0000,1.5346,8.8819
ADA/USDT:USDT,short_pullback_restart,btc_1d_regime,,,up,,,,,3,-31.0025,-3.1003,0.0000,3.1003,0.0000,-2.4422,9.0000,2.6941,0.9824
BNB/USDT:USDT,long_1d_center_compression,btc_1d_regime,,,range,,,,,1,72.0383,7.2038,inf,0.0000,100.0000,10.0003,78.0000,0.5876,12.2916
BNB/USDT:USDT,long_1d_center_compression,btc_1d_regime,,,up,,,,,6,29.1799,2.9180,1.6295,4.3096,33.3333,2.0806,58.8333,1.7374,5.7992
BNB/USDT:USDT,short_compression_breakdown,btc_1d_regime,,,down,,,,,1,17.7242,1.7724,inf,0.0000,100.0000,10.0009,24.0000,1.1967,13.3831
BNB/USDT:USDT,short_pullback_restart,btc_1d_regime,,,down,,,,,8,43.0383,4.3038,1.7485,3.3933,50.0000,1.1093,52.8750,2.5149,5.8547
BNB/USDT:USDT,short_pullback_restart,btc_1d_regime,,,range,,,,,2,25.8188,2.5819,2.6965,1.4619,50.0000,3.3299,88.5000,2.6374,6.4048
BNB/USDT:USDT,short_pullback_restart,btc_1d_regime,,,up,,,,,1,-11.5827,-1.1583,0.0000,1.1583,0.0000,-2.6972,6.0000,2.7745,0.2844
BTC/USDT:USDT,long_1d_center_compression,btc_1d_regime,,,up,,,,,13,86.4999,8.6500,1.9943,4.1237,30.7692,1.7871,89.4615,1.6093,5.1468
BTC/USDT:USDT,short_compression_breakdown,btc_1d_regime,,,down,,,,,4,108.7411,10.8741,12.5539,0.8369,50.0000,4.2709,39.0000,1.1106,7.3006
BTC/USDT:USDT,short_compression_breakdown,btc_1d_regime,,,range,,,,,3,-14.5671,-1.4567,0.0263,1.4961,33.3333,-1.7627,80.0000,2.5294,3.2937
BTC/USDT:USDT,short_pullback_restart,btc_1d_regime,,,down,,,,,13,50.2920,5.0292,1.4643,4.1912,30.7692,0.8680,42.2308,2.3656,4.6175
BTC/USDT:USDT,short_pullback_restart,btc_1d_regime,,,range,,,,,4,-18.6278,-1.8628,0.0250,1.9106,25.0000,-0.8588,64.0000,1.4749,2.8307
DOGE/USDT:USDT,long_1d_center_compression,btc_1d_regime,,,up,,,,,2,34.3382,3.4338,5.8117,0.7136,50.0000,3.9521,8.0000,1.6881,5.7500
DOGE/USDT:USDT,short_compression_breakdown,btc_1d_regime,,,down,,,,,1,34.2426,3.4243,inf,0.0000,100.0000,10.0010,13.0000,1.0954,10.3060
DOGE/USDT:USDT,short_compression_breakdown,btc_1d_regime,,,range,,,,,2,-10.5086,-1.0509,0.0000,1.0509,0.0000,-1.8842,40.0000,2.5976,2.1959
DOGE/USDT:USDT,short_compression_breakdown,btc_1d_regime,,,up,,,,,2,64.4161,6.4416,inf,0.0000,100.0000,10.0005,69.5000,1.2340,11.4503
DOGE/USDT:USDT,short_pullback_restart,btc_1d_regime,,,down,,,,,9,-30.7002,-3.0700,0.6570,4.4255,22.2222,0.0277,30.7778,2.7186,4.9480
DOGE/USDT:USDT,short_pullback_restart,btc_1d_regime,,,range,,,,,3,17.9555,1.7956,1.8208,1.2574,33.3333,1.3635,20.6667,2.8404,5.3142
DOGE/USDT:USDT,short_pullback_restart,btc_1d_regime,,,up,,,,,1,46.2083,4.6208,inf,0.0000,100.0000,10.0001,29.0000,0.9074,11.6037
ETH/USDT:USDT,long_1d_center_compression,btc_1d_regime,,,range,,,,,1,-15.0393,-1.5039,0.0000,1.5039,0.0000,-2.1273,16.0000,2.0750,1.2138
ETH/USDT:USDT,long_1d_center_compression,btc_1d_regime,,,up,,,,,5,109.7527,10.9753,4.8085,2.8818,40.0000,2.7216,34.6000,1.6949,4.5639
ETH/USDT:USDT,short_compression_breakdown,btc_1d_regime,,,down,,,,,3,5.0510,0.5051,1.3014,1.6053,33.3333,1.8782,36.0000,2.2601,4.0817
ETH/USDT:USDT,short_compression_breakdown,btc_1d_regime,,,range,,,,,2,59.5598,5.9560,7.8104,0.8745,50.0000,3.7596,72.0000,2.1312,6.0072
ETH/USDT:USDT,short_compression_breakdown,btc_1d_regime,,,up,,,,,1,31.9363,3.1936,inf,0.0000,100.0000,10.0001,26.0000,0.0275,14.3707
ETH/USDT:USDT,short_pullback_restart,btc_1d_regime,,,down,,,,,11,170.0636,17.0064,3.9482,1.8466,45.4545,3.4455,34.0909,1.8656,6.8664
ETH/USDT:USDT,short_pullback_restart,btc_1d_regime,,,range,,,,,5,2.5394,0.2539,1.0842,2.3162,20.0000,0.4399,54.8000,2.3314,4.5343
ETH/USDT:USDT,short_pullback_restart,btc_1d_regime,,,up,,,,,2,-18.1051,-1.8105,0.0000,1.8105,0.0000,-2.2694,37.5000,2.3845,2.6279
LINK/USDT:USDT,long_1d_center_compression,btc_1d_regime,,,range,,,,,1,-7.1684,-0.7168,0.0000,0.7168,0.0000,-2.1406,34.0000,2.0190,0.7555
LINK/USDT:USDT,short_compression_breakdown,btc_1d_regime,,,down,,,,,1,-22.3811,-2.2381,0.0000,2.2381,0.0000,-4.4897,25.0000,5.2889,0.6790
LINK/USDT:USDT,short_compression_breakdown,btc_1d_regime,,,range,,,,,5,-17.9333,-1.7933,0.5776,2.4846,20.0000,-1.0382,25.2000,3.7126,2.9142
LINK/USDT:USDT,short_compression_breakdown,btc_1d_regime,,,up,,,,,1,-0.1248,-0.0125,0.0000,0.0125,0.0000,-0.0552,76.0000,2.5033,4.2384
LINK/USDT:USDT,short_pullback_restart,btc_1d_regime,,,down,,,,,8,27.9575,2.7957,1.4396,4.0104,25.0000,0.6865,29.0000,3.4502,4.8534
LINK/USDT:USDT,short_pullback_restart,btc_1d_regime,,,range,,,,,2,69.1533,6.9153,inf,0.0000,100.0000,10.0006,38.0000,1.2474,12.0162
LINK/USDT:USDT,short_pullback_restart,btc_1d_regime,,,up,,,,,2,-23.4107,-2.3411,0.0000,2.3411,0.0000,-3.7044,30.0000,3.9044,0.8782
NEAR/USDT:USDT,long_1d_center_compression,btc_1d_regime,,,up,,,,,2,-16.7279,-1.6728,0.0000,1.6728,0.0000,-2.2072,21.5000,2.6805,4.4312
NEAR/USDT:USDT,short_compression_breakdown,btc_1d_regime,,,down,,,,,3,32.3365,3.2336,1.9182,3.2989,33.3333,1.5102,22.6667,2.2624,4.6718
NEAR/USDT:USDT,short_compression_breakdown,btc_1d_regime,,,range,,,,,1,-7.4935,-0.7494,0.0000,0.7494,0.0000,-3.3795,23.0000,3.4533,3.2329
NEAR/USDT:USDT,short_compression_breakdown,btc_1d_regime,,,up,,,,,2,-19.6400,-1.9640,0.0000,1.9640,0.0000,-2.5635,43.5000,2.8748,5.6953
NEAR/USDT:USDT,short_pullback_restart,btc_1d_regime,,,down,,,,,6,-20.3389,-2.0339,0.7101,5.0331,16.6667,-1.6787,24.0000,3.8758,3.5005
NEAR/USDT:USDT,short_pullback_restart,btc_1d_regime,,,range,,,,,6,76.6144,7.6614,3.3214,1.4932,50.0000,3.1843,61.8333,2.5227,6.9890
NEAR/USDT:USDT,short_pullback_restart,btc_1d_regime,,,up,,,,,3,7.2431,0.7243,1.3066,1.2711,33.3333,0.6931,6.0000,3.4554,4.0518
PAXG/USDT:USDT,long_1d_center_compression,btc_1d_regime,,,down,,,,,3,2.2466,0.2247,1.0679,3.3097,33.3333,-0.0541,310.3333,6.7196,8.5861
PAXG/USDT:USDT,long_1d_center_compression,btc_1d_regime,,,range,,,,,1,84.7870,8.4787,inf,0.0000,100.0000,10.0000,383.0000,1.9424,10.4774
PAXG/USDT:USDT,long_1d_center_compression,btc_1d_regime,,,up,,,,,1,-13.6790,-1.3679,0.0000,1.3679,0.0000,-2.0691,86.0000,2.0126,1.0203
SOL/USDT:USDT,long_1d_center_compression,btc_1d_regime,,,range,,,,,1,70.7877,7.0788,inf,0.0000,100.0000,9.9982,74.0000,1.0494,11.2753
SOL/USDT:USDT,long_1d_center_compression,btc_1d_regime,,,up,,,,,4,0.3504,0.0350,1.0108,3.1314,25.0000,0.9066,33.0000,2.1190,3.8135
SOL/USDT:USDT,short_compression_breakdown,btc_1d_regime,,,down,,,,,4,-42.4358,-4.2436,0.0000,4.2436,0.0000,-2.4682,48.2500,2.9118,3.0586
SOL/USDT:USDT,short_compression_breakdown,btc_1d_regime,,,range,,,,,2,20.4297,2.0430,3.3148,0.8826,50.0000,3.0158,17.0000,2.4239,8.6308
SOL/USDT:USDT,short_compression_breakdown,btc_1d_regime,,,up,,,,,3,6.6454,0.6645,1.3094,1.9029,33.3333,1.6535,36.0000,2.8029,5.7524
SOL/USDT:USDT,short_pullback_restart,btc_1d_regime,,,down,,,,,7,62.2786,6.2279,2.2111,2.7911,42.8571,2.5117,37.5714,2.8155,6.4889
SOL/USDT:USDT,short_pullback_restart,btc_1d_regime,,,range,,,,,3,63.3197,6.3320,2.9810,3.1963,33.3333,1.5242,35.6667,3.2978,6.7712
SOL/USDT:USDT,short_pullback_restart,btc_1d_regime,,,up,,,,,1,-15.0848,-1.5085,0.0000,1.5085,0.0000,-3.0931,7.0000,3.0400,0.1817
SUI/USDT:USDT,long_1d_center_compression,btc_1d_regime,,,up,,,,,1,-8.8656,-0.8866,0.0000,0.8866,0.0000,-2.1463,0.0000,3.2005,4.3219
SUI/USDT:USDT,short_compression_breakdown,btc_1d_regime,,,down,,,,,5,6.1890,0.6189,1.1916,1.7966,20.0000,0.2635,33.4000,3.1673,4.3173
SUI/USDT:USDT,short_compression_breakdown,btc_1d_regime,,,range,,,,,2,24.7283,2.4728,inf,0.0000,100.0000,5.2505,97.0000,1.3969,9.5324
SUI/USDT:USDT,short_pullback_restart,btc_1d_regime,,,down,,,,,4,-10.9613,-1.0961,0.7509,2.1925,25.0000,0.0131,62.5000,3.4038,8.2325
SUI/USDT:USDT,short_pullback_restart,btc_1d_regime,,,range,,,,,4,-2.0427,-0.2043,0.9338,2.2782,25.0000,0.4824,59.7500,2.2308,5.0092
SUI/USDT:USDT,short_pullback_restart,btc_1d_regime,,,up,,,,,3,86.9566,8.6957,10.6615,0.9000,66.6667,5.9181,15.0000,1.0517,7.2450
TAO/USDT:USDT,short_compression_breakdown,btc_1d_regime,,,down,,,,,3,35.4045,3.5405,2.1996,1.4504,33.3333,1.3404,44.6667,3.2825,6.0465
TAO/USDT:USDT,short_compression_breakdown,btc_1d_regime,,,up,,,,,1,-15.4298,-1.5430,0.0000,1.5430,0.0000,-1.9684,12.0000,2.4996,0.1736
TAO/USDT:USDT,short_pullback_restart,btc_1d_regime,,,down,,,,,3,32.0358,3.2036,2.4912,2.0392,66.6667,2.1840,51.0000,3.0638,6.9175
TAO/USDT:USDT,short_pullback_restart,btc_1d_regime,,,range,,,,,2,-5.2118,-0.5212,0.4034,0.8736,50.0000,-1.3035,75.5000,3.2047,4.3323
TAO/USDT:USDT,short_pullback_restart,btc_1d_regime,,,up,,,,,3,40.9496,4.0950,4.7870,1.0281,66.6667,5.0020,31.0000,2.4555,7.0799
XRP/USDT:USDT,long_1d_center_compression,btc_1d_regime,,,up,,,,,3,26.6345,2.6635,2.3210,1.0094,33.3333,1.9021,21.3333,1.9045,7.7271
XRP/USDT:USDT,short_compression_breakdown,btc_1d_regime,,,down,,,,,3,8.0555,0.8055,1.3055,1.8479,33.3333,1.6324,69.0000,1.8772,5.6587
XRP/USDT:USDT,short_compression_breakdown,btc_1d_regime,,,range,,,,,3,-35.9029,-3.5903,0.0000,3.5903,0.0000,-2.6612,19.6667,2.7990,1.8176
XRP/USDT:USDT,short_compression_breakdown,btc_1d_regime,,,up,,,,,4,39.2249,3.9225,2.6107,1.9947,50.0000,1.4002,56.5000,3.9952,6.8687
XRP/USDT:USDT,short_pullback_restart,btc_1d_regime,,,down,,,,,10,25.0398,2.5040,1.3087,4.1737,20.0000,-0.4070,64.9000,2.1516,4.0222
XRP/USDT:USDT,short_pullback_restart,btc_1d_regime,,,range,,,,,8,57.3080,5.7308,2.5298,3.5919,37.5000,1.6681,69.3750,1.6601,4.4410
XRP/USDT:USDT,short_pullback_restart,btc_1d_regime,,,up,,,,,5,-26.9803,-2.6980,0.0000,2.6980,0.0000,-1.4191,62.0000,2.2341,3.6361
ZEC/USDT:USDT,short_compression_breakdown,btc_1d_regime,,,down,,,,,2,82.0265,8.2026,inf,0.0000,100.0000,10.0084,40.5000,0.8064,11.4991
ZEC/USDT:USDT,short_compression_breakdown,btc_1d_regime,,,up,,,,,1,23.2557,2.3256,inf,0.0000,100.0000,9.9958,64.0000,2.5099,10.7565
ZEC/USDT:USDT,short_pullback_restart,btc_1d_regime,,,down,,,,,2,33.6505,3.3650,12.9534,0.2815,50.0000,4.3791,56.0000,1.6482,7.4615
ZEC/USDT:USDT,short_pullback_restart,btc_1d_regime,,,range,,,,,5,0.4052,0.0405,1.0099,3.2955,20.0000,0.0147,37.2000,2.4923,3.9170
ZEC/USDT:USDT,short_pullback_restart,btc_1d_regime,,,up,,,,,3,83.0163,8.3016,inf,0.0000,100.0000,9.9923,25.3333,1.1778,18.7655
ADA/USDT:USDT,long_1d_center_compression,range_market,,,,False,,,,2,40.1753,4.0175,6.6183,0.7151,50.0000,3.9563,2.0000,2.1997,5.7971
ADA/USDT:USDT,short_compression_breakdown,range_market,,,,False,,,,10,41.2114,4.1211,1.8404,2.5638,30.0000,1.0233,61.2000,2.3989,6.1318
ADA/USDT:USDT,short_compression_breakdown,range_market,,,,True,,,,3,4.4804,0.4480,1.1435,2.1679,33.3333,1.3627,47.6667,2.3399,3.8694
ADA/USDT:USDT,short_pullback_restart,range_market,,,,False,,,,10,110.5960,11.0596,2.8009,3.4100,40.0000,2.5719,50.6000,2.4772,7.3195
ADA/USDT:USDT,short_pullback_restart,range_market,,,,True,,,,7,89.4991,8.9499,3.2979,3.3592,28.5714,1.3859,22.2857,1.8848,4.7213
BNB/USDT:USDT,long_1d_center_compression,range_market,,,,False,,,,1,-15.6392,-1.5639,0.0000,1.5639,0.0000,-2.1180,13.0000,3.2171,2.5769
BNB/USDT:USDT,long_1d_center_compression,range_market,,,,True,,,,6,116.8574,11.6857,4.8049,2.8555,50.0000,4.1003,69.6667,1.2991,7.4183
BNB/USDT:USDT,short_compression_breakdown,range_market,,,,True,,,,1,17.7242,1.7724,inf,0.0000,100.0000,10.0009,24.0000,1.1967,13.3831
BNB/USDT:USDT,short_pullback_restart,range_market,,,,False,,,,8,78.6739,7.8674,2.3683,2.4314,50.0000,2.2897,55.8750,2.4624,6.3154
BNB/USDT:USDT,short_pullback_restart,range_market,,,,True,,,,3,-21.3996,-2.1400,0.2016,2.6802,33.3333,-1.8269,53.0000,2.8230,3.1362
BTC/USDT:USDT,long_1d_center_compression,range_market,,,,False,,,,4,1.6321,0.1632,1.0519,3.0451,25.0000,1.2176,140.7500,1.7194,4.6547
BTC/USDT:USDT,long_1d_center_compression,range_market,,,,True,,,,9,84.8679,8.4868,2.5280,3.0997,33.3333,2.0401,66.6667,1.5603,5.3655
BTC/USDT:USDT,short_compression_breakdown,range_market,,,,False,,,,3,-15.7422,-1.5742,0.0000,1.5742,0.0000,-1.8359,27.6667,2.1879,1.9193
BTC/USDT:USDT,short_compression_breakdown,range_market,,,,True,,,,4,109.9162,10.9916,13.7360,0.8369,75.0000,4.3258,78.2500,1.3667,8.3314
BTC/USDT:USDT,short_pullback_restart,range_market,,,,False,,,,12,66.2194,6.6219,1.7167,4.1312,33.3333,1.3306,49.2500,2.0766,5.0286
BTC/USDT:USDT,short_pullback_restart,range_market,,,,True,,,,5,-34.5551,-3.4555,0.0136,3.5033,20.0000,-1.6237,42.8000,2.3465,2.2014
DOGE/USDT:USDT,long_1d_center_compression,range_market,,,,False,,,,1,41.4745,4.1475,inf,0.0000,100.0000,10.0009,16.0000,0.5762,11.3562
DOGE/USDT:USDT,long_1d_center_compression,range_market,,,,True,,,,1,-7.1363,-0.7136,0.0000,0.7136,0.0000,-2.0967,0.0000,2.7999,0.1439
DOGE/USDT:USDT,short_compression_breakdown,range_market,,,,False,,,,5,88.1500,8.8150,9.3884,0.8707,60.0000,5.2467,46.4000,1.7517,7.5197
DOGE/USDT:USDT,short_pullback_restart,range_market,,,,False,,,,11,53.7249,5.3725,1.5896,4.0854,36.3636,1.6392,32.0000,2.7533,6.4467
DOGE/USDT:USDT,short_pullback_restart,range_market,,,,True,,,,2,-20.2613,-2.0261,0.0000,2.0261,0.0000,-1.8454,8.0000,1.8050,0.5824
ETH/USDT:USDT,long_1d_center_compression,range_market,,,,False,,,,3,45.3876,4.5388,3.0989,2.1625,33.3333,1.9054,40.0000,1.6977,3.9039
ETH/USDT:USDT,long_1d_center_compression,range_market,,,,True,,,,3,49.3258,4.9326,3.2186,1.4130,33.3333,1.9215,23.0000,1.8188,4.1072
ETH/USDT:USDT,short_compression_breakdown,range_market,,,,False,,,,1,-16.3977,-1.6398,0.0000,1.6398,0.0000,-4.2621,9.0000,4.5297,0.2860
ETH/USDT:USDT,short_compression_breakdown,range_market,,,,True,,,,5,112.9449,11.2945,13.3992,0.9109,60.0000,5.4832,53.8000,1.3081,7.6689
ETH/USDT:USDT,short_pullback_restart,range_market,,,,False,,,,15,135.9717,13.5972,2.4451,2.8656,33.3333,1.8834,38.0000,2.2261,5.4734
ETH/USDT:USDT,short_pullback_restart,range_market,,,,True,,,,3,18.5262,1.8526,2.5608,1.1061,33.3333,2.4367,51.3333,1.1857,7.1188
LINK/USDT:USDT,long_1d_center_compression,range_market,,,,True,,,,1,-7.1684,-0.7168,0.0000,0.7168,0.0000,-2.1406,34.0000,2.0190,0.7555
LINK/USDT:USDT,short_compression_breakdown,range_market,,,,False,,,,6,-18.0581,-1.8058,0.5759,2.4849,16.6667,-0.8744,33.6667,3.5110,3.1349
LINK/USDT:USDT,short_compression_breakdown,range_market,,,,True,,,,1,-22.3811,-2.2381,0.0000,2.2381,0.0000,-4.4897,25.0000,5.2889,0.6790
LINK/USDT:USDT,short_pullback_restart,range_market,,,,False,,,,12,73.7001,7.3700,1.8471,2.7998,33.3333,1.5070,30.6667,3.1588,5.3846
NEAR/USDT:USDT,long_1d_center_compression,range_market,,,,False,,,,2,-16.7279,-1.6728,0.0000,1.6728,0.0000,-2.2072,21.5000,2.6805,4.4312
NEAR/USDT:USDT,short_compression_breakdown,range_market,,,,False,,,,5,23.8217,2.3822,1.5447,2.7133,20.0000,-0.3403,30.8000,2.7447,5.2878
NEAR/USDT:USDT,short_compression_breakdown,range_market,,,,True,,,,1,-18.6187,-1.8619,0.0000,1.8619,0.0000,-2.2745,24.0000,2.2667,2.2000
NEAR/USDT:USDT,short_pullback_restart,range_market,,,,False,,,,14,70.7784,7.0778,1.5922,4.6895,35.7143,0.9660,36.5714,3.3165,5.1869
NEAR/USDT:USDT,short_pullback_restart,range_market,,,,True,,,,1,-7.2598,-0.7260,0.0000,0.7260,0.0000,-2.4110,21.0000,2.3256,2.4756
PAXG/USDT:USDT,long_1d_center_compression,range_market,,,,True,,,,5,73.3545,7.3355,2.5682,4.6776,40.0000,1.5537,280.0000,4.8228,7.4512
SOL/USDT:USDT,long_1d_center_compression,range_market,,,,False,,,,2,61.2098,6.1210,7.3908,0.9578,50.0000,3.9402,43.5000,2.3375,6.9846
SOL/USDT:USDT,long_1d_center_compression,range_market,,,,True,,,,3,9.9283,0.9928,1.4362,2.2040,33.3333,1.9147,39.6667,1.6168,4.1867
SOL/USDT:USDT,short_compression_breakdown,range_market,,,,False,,,,8,-7.5139,-0.7514,0.8842,5.1176,25.0000,0.5335,34.3750,2.6865,5.6087
SOL/USDT:USDT,short_compression_breakdown,range_market,,,,True,,,,1,-7.8467,-0.7847,0.0000,0.7847,0.0000,-3.1485,60.0000,3.4118,1.8840
SOL/USDT:USDT,short_pullback_restart,range_market,,,,False,,,,10,15.2306,1.5231,1.1547,7.2951,30.0000,0.9064,32.2000,3.1226,5.5358
SOL/USDT:USDT,short_pullback_restart,range_market,,,,True,,,,1,95.2829,9.5283,inf,0.0000,100.0000,9.9975,55.0000,1.4160,10.5591
SUI/USDT:USDT,long_1d_center_compression,range_market,,,,False,,,,1,-8.8656,-0.8866,0.0000,0.8866,0.0000,-2.1463,0.0000,3.2005,4.3219
SUI/USDT:USDT,short_compression_breakdown,range_market,,,,False,,,,7,30.9173,3.0917,1.9569,1.7543,42.8571,1.6884,51.5714,2.6615,5.8073
SUI/USDT:USDT,short_pullback_restart,range_market,,,,False,,,,10,82.9529,8.2953,2.1077,2.0061,40.0000,2.1984,53.0000,2.3440,7.4336
SUI/USDT:USDT,short_pullback_restart,range_market,,,,True,,,,1,-9.0003,-0.9000,0.0000,0.9000,0.0000,-2.2477,4.0000,2.2543,0.3658
TAO/USDT:USDT,short_compression_breakdown,range_market,,,,False,,,,3,35.4045,3.5405,2.1996,1.4504,33.3333,1.3404,44.6667,3.2825,6.0465
TAO/USDT:USDT,short_compression_breakdown,range_market,,,,True,,,,1,-15.4298,-1.5430,0.0000,1.5430,0.0000,-1.9684,12.0000,2.4996,0.1736
TAO/USDT:USDT,short_pullback_restart,range_market,,,,False,,,,8,67.7736,6.7774,2.6517,1.9723,62.5000,2.3688,49.6250,2.8709,6.3321
XRP/USDT:USDT,long_1d_center_compression,range_market,,,,False,,,,2,36.7284,3.6728,4.6479,0.9618,50.0000,3.9454,0.5000,1.1050,7.3215
XRP/USDT:USDT,long_1d_center_compression,range_market,,,,True,,,,1,-10.0939,-1.0094,0.0000,1.0094,0.0000,-2.1843,63.0000,3.5033,8.5384
XRP/USDT:USDT,short_compression_breakdown,range_market,,,,False,,,,3,-32.7448,-3.2745,0.0000,3.2745,0.0000,-2.7789,23.3333,5.1625,2.3563
XRP/USDT:USDT,short_compression_breakdown,range_market,,,,True,,,,7,44.1223,4.4122,1.8189,3.7597,42.8571,1.5501,60.2857,2.0746,6.1193
XRP/USDT:USDT,short_pullback_restart,range_market,,,,False,,,,12,58.6427,5.8643,1.9763,3.8182,33.3333,0.6512,83.5000,2.0253,5.0405
XRP/USDT:USDT,short_pullback_restart,range_market,,,,True,,,,11,-3.2752,-0.3275,0.9617,5.0725,9.0909,-0.5123,46.5455,1.9695,3.0404
ZEC/USDT:USDT,short_compression_breakdown,range_market,,,,False,,,,2,75.5986,7.5599,inf,0.0000,100.0000,9.9981,48.5000,1.3837,11.6904
ZEC/USDT:USDT,short_compression_breakdown,range_market,,,,True,,,,1,29.6836,2.9684,inf,0.0000,100.0000,10.0164,48.0000,1.3551,10.3738
ZEC/USDT:USDT,short_pullback_restart,range_market,,,,False,,,,8,123.8015,12.3801,4.3544,2.9443,62.5000,5.0964,29.6250,2.0289,10.4407
ZEC/USDT:USDT,short_pullback_restart,range_market,,,,True,,,,2,-6.7294,-0.6729,0.0000,0.6729,0.0000,-0.9814,68.5000,1.5300,3.6395
ADA/USDT:USDT,long_1d_center_compression,false_breakdown,,,,,False,,,2,40.1753,4.0175,6.6183,0.7151,50.0000,3.9563,2.0000,2.1997,5.7971
ADA/USDT:USDT,short_compression_breakdown,false_breakdown,,,,,False,,,9,67.6330,6.7633,2.1596,4.0420,44.4444,2.3762,57.4444,2.0853,6.4825
ADA/USDT:USDT,short_compression_breakdown,false_breakdown,,,,,True,,,4,-21.9412,-2.1941,0.0000,2.1941,0.0000,-1.7663,59.5000,3.0602,3.6457
ADA/USDT:USDT,short_pullback_restart,false_breakdown,,,,,False,,,9,259.5830,25.9583,7.3513,3.2517,66.6667,5.8413,50.4444,1.7821,9.0774
ADA/USDT:USDT,short_pullback_restart,false_breakdown,,,,,True,,,8,-59.4879,-5.9488,0.0000,5.9488,0.0000,-2.1439,26.0000,2.7408,3.0685
BNB/USDT:USDT,long_1d_center_compression,false_breakdown,,,,,False,,,7,101.2182,10.1218,3.1837,4.3096,42.8571,3.2119,61.5714,1.5731,6.7267
BNB/USDT:USDT,short_compression_breakdown,false_breakdown,,,,,False,,,1,17.7242,1.7724,inf,0.0000,100.0000,10.0009,24.0000,1.1967,13.3831
BNB/USDT:USDT,short_pullback_restart,false_breakdown,,,,,False,,,6,111.8031,11.1803,5.5879,1.4306,66.6667,3.7683,60.5000,2.1465,7.2706
BNB/USDT:USDT,short_pullback_restart,false_breakdown,,,,,True,,,5,-54.5287,-5.4529,0.0901,5.9931,20.0000,-1.9547,48.6000,3.0578,3.2616
BTC/USDT:USDT,long_1d_center_compression,false_breakdown,,,,,False,,,13,86.4999,8.6500,1.9943,4.1237,30.7692,1.7871,89.4615,1.6093,5.1468
BTC/USDT:USDT,short_compression_breakdown,false_breakdown,,,,,False,,,4,117.7653,11.7765,151.7286,0.0699,75.0000,5.0070,91.5000,0.5602,9.1447
BTC/USDT:USDT,short_compression_breakdown,false_breakdown,,,,,True,,,3,-23.5912,-2.3591,0.0000,2.3591,0.0000,-2.7441,10.0000,3.2633,0.8348
BTC/USDT:USDT,short_pullback_restart,false_breakdown,,,,,False,,,11,96.5425,9.6543,2.5434,3.4667,45.4545,1.7043,65.3636,1.7490,6.1662
BTC/USDT:USDT,short_pullback_restart,false_breakdown,,,,,True,,,6,-64.8783,-6.4878,0.0000,6.4878,0.0000,-1.8165,14.3333,2.9022,0.5868
DOGE/USDT:USDT,long_1d_center_compression,false_breakdown,,,,,False,,,2,34.3382,3.4338,5.8117,0.7136,50.0000,3.9521,8.0000,1.6881,5.7500
DOGE/USDT:USDT,short_compression_breakdown,false_breakdown,,,,,False,,,2,59.2096,5.9210,inf,0.0000,100.0000,10.0007,16.5000,0.6461,11.3802
DOGE/USDT:USDT,short_compression_breakdown,false_breakdown,,,,,True,,,3,28.9404,2.8940,3.7540,1.0509,33.3333,2.0774,66.3333,2.4888,4.9460
DOGE/USDT:USDT,short_pullback_restart,false_breakdown,,,,,False,,,4,-12.2339,-1.2234,0.6369,3.2986,25.0000,1.0645,36.0000,1.8851,5.3921
DOGE/USDT:USDT,short_pullback_restart,false_breakdown,,,,,True,,,9,45.6975,4.5698,1.5883,3.7861,33.3333,1.1202,24.8889,2.9284,5.6122
ETH/USDT:USDT,long_1d_center_compression,false_breakdown,,,,,False,,,6,94.7134,9.4713,3.1596,2.8818,33.3333,1.9134,31.5000,1.7583,4.0055
ETH/USDT:USDT,short_compression_breakdown,false_breakdown,,,,,False,,,3,22.8272,2.2827,3.5060,0.9109,33.3333,2.4720,37.3333,1.2425,5.4304
ETH/USDT:USDT,short_compression_breakdown,false_breakdown,,,,,True,,,3,73.7199,7.3720,5.4957,1.6048,66.6667,5.2460,55.3333,2.4476,7.4464
ETH/USDT:USDT,short_pullback_restart,false_breakdown,,,,,False,,,10,118.9669,11.8967,3.1898,2.8409,40.0000,2.6949,42.2000,1.9055,6.9693
ETH/USDT:USDT,short_pullback_restart,false_breakdown,,,,,True,,,8,35.5311,3.5531,1.6881,2.3806,25.0000,1.0766,37.7500,2.2366,4.2205
LINK/USDT:USDT,long_1d_center_compression,false_breakdown,,,,,False,,,1,-7.1684,-0.7168,0.0000,0.7168,0.0000,-2.1406,34.0000,2.0190,0.7555
LINK/USDT:USDT,short_compression_breakdown,false_breakdown,,,,,False,,,3,0.5507,0.0551,1.0230,1.4688,33.3333,1.0805,25.6667,2.9735,3.9640
LINK/USDT:USDT,short_compression_breakdown,false_breakdown,,,,,True,,,4,-40.9899,-4.0990,0.0000,4.0990,0.0000,-3.2443,37.5000,4.3586,1.8991
LINK/USDT:USDT,short_pullback_restart,false_breakdown,,,,,False,,,5,64.0277,6.4028,4.4175,1.8735,40.0000,2.7872,40.4000,2.2408,7.7827
LINK/USDT:USDT,short_pullback_restart,false_breakdown,,,,,True,,,7,9.6723,0.9672,1.1417,4.3448,28.5714,0.5926,23.7143,3.8145,3.6717
NEAR/USDT:USDT,long_1d_center_compression,false_breakdown,,,,,False,,,2,-16.7279,-1.6728,0.0000,1.6728,0.0000,-2.2072,21.5000,2.6805,4.4312
NEAR/USDT:USDT,short_compression_breakdown,false_breakdown,,,,,False,,,4,17.5116,1.7512,1.3499,3.3453,25.0000,0.2610,20.2500,2.6748,4.0094
NEAR/USDT:USDT,short_compression_breakdown,false_breakdown,,,,,True,,,2,-12.3086,-1.2309,0.0000,1.2309,0.0000,-2.5100,48.5000,2.6454,6.3007
NEAR/USDT:USDT,short_pullback_restart,false_breakdown,,,,,False,,,8,40.4166,4.0417,1.5312,4.6038,37.5000,1.4594,44.3750,2.7632,5.4784
NEAR/USDT:USDT,short_pullback_restart,false_breakdown,,,,,True,,,7,23.1020,2.3102,1.4557,4.1982,28.5714,-0.0803,25.4286,3.8074,4.4664
PAXG/USDT:USDT,long_1d_center_compression,false_breakdown,,,,,False,,,5,73.3545,7.3355,2.5682,4.6776,40.0000,1.5537,280.0000,4.8228,7.4512
SOL/USDT:USDT,long_1d_center_compression,false_breakdown,,,,,False,,,5,71.1381,7.1138,3.1998,3.1314,40.0000,2.7249,41.2000,1.9051,5.3058
SOL/USDT:USDT,short_compression_breakdown,false_breakdown,,,,,False,,,4,48.9447,4.8945,6.8046,0.7847,50.0000,4.1625,46.2500,1.4649,9.1965
SOL/USDT:USDT,short_compression_breakdown,false_breakdown,,,,,True,,,5,-64.3054,-6.4305,0.0000,6.4305,0.0000,-3.1062,30.0000,3.8088,1.9934
SOL/USDT:USDT,short_pullback_restart,false_breakdown,,,,,False,,,5,155.4273,15.5427,7.7357,1.4561,60.0000,4.5639,58.4000,2.7148,10.0265
SOL/USDT:USDT,short_pullback_restart,false_breakdown,,,,,True,,,6,-44.9138,-4.4914,0.4043,6.0248,16.6667,-0.6263,14.1667,3.1780,2.6308
SUI/USDT:USDT,long_1d_center_compression,false_breakdown,,,,,False,,,1,-8.8656,-0.8866,0.0000,0.8866,0.0000,-2.1463,0.0000,3.2005,4.3219
SUI/USDT:USDT,short_compression_breakdown,false_breakdown,,,,,False,,,6,49.3251,4.9325,4.5482,1.3901,50.0000,2.4529,59.6667,2.5404,6.7381
SUI/USDT:USDT,short_compression_breakdown,false_breakdown,,,,,True,,,1,-18.4078,-1.8408,0.0000,1.8408,0.0000,-2.8986,3.0000,3.3882,0.2228
SUI/USDT:USDT,short_pullback_restart,false_breakdown,,,,,False,,,4,53.7026,5.3703,4.7013,0.8337,50.0000,3.9691,92.5000,1.2641,8.6423
SUI/USDT:USDT,short_pullback_restart,false_breakdown,,,,,True,,,7,20.2500,2.0250,1.2919,3.1302,28.5714,0.5514,23.4286,2.9482,5.7332
TAO/USDT:USDT,short_compression_breakdown,false_breakdown,,,,,False,,,1,-15.4298,-1.5430,0.0000,1.5430,0.0000,-1.9684,12.0000,2.4996,0.1736
TAO/USDT:USDT,short_compression_breakdown,false_breakdown,,,,,True,,,3,35.4045,3.5405,2.1996,1.4504,33.3333,1.3404,44.6667,3.2825,6.0465
TAO/USDT:USDT,short_pullback_restart,false_breakdown,,,,,False,,,4,105.2821,10.5282,inf,0.0000,100.0000,7.7258,59.5000,1.0068,9.4041
TAO/USDT:USDT,short_pullback_restart,false_breakdown,,,,,True,,,4,-37.5085,-3.7509,0.0859,3.7509,25.0000,-2.9881,39.7500,4.7351,3.2601
XRP/USDT:USDT,long_1d_center_compression,false_breakdown,,,,,False,,,3,26.6345,2.6635,2.3210,1.0094,33.3333,1.9021,21.3333,1.9045,7.7271
XRP/USDT:USDT,short_compression_breakdown,false_breakdown,,,,,False,,,2,27.0337,2.7034,4.6576,0.7391,50.0000,3.9493,68.0000,1.1942,6.8130
XRP/USDT:USDT,short_compression_breakdown,false_breakdown,,,,,True,,,8,-15.6562,-1.5656,0.8024,3.9790,25.0000,-0.6730,44.5000,3.4527,4.5347
XRP/USDT:USDT,short_pullback_restart,false_breakdown,,,,,False,,,12,86.8962,8.6896,2.4616,2.5077,33.3333,0.7950,94.0000,1.8465,5.5196
XRP/USDT:USDT,short_pullback_restart,false_breakdown,,,,,True,,,11,-31.5288,-3.1529,0.6338,8.6092,9.0909,-0.6691,35.0909,2.1645,2.5177
ZEC/USDT:USDT,short_compression_breakdown,false_breakdown,,,,,False,,,2,75.5986,7.5599,inf,0.0000,100.0000,9.9981,48.5000,1.3837,11.6904
ZEC/USDT:USDT,short_compression_breakdown,false_breakdown,,,,,True,,,1,29.6836,2.9684,inf,0.0000,100.0000,10.0164,48.0000,1.3551,10.3738
ZEC/USDT:USDT,short_pullback_restart,false_breakdown,,,,,False,,,7,152.3953,15.2395,19.3325,0.8313,71.4286,6.7347,40.2857,1.2881,12.3298
ZEC/USDT:USDT,short_pullback_restart,false_breakdown,,,,,True,,,3,-35.3233,-3.5323,0.0000,3.5323,0.0000,-2.7780,30.6667,3.4248,1.4986
ADA/USDT:USDT,long_1d_center_compression,quick_reverse_1h_5h,,,,,,False,,1,47.3261,4.7326,inf,0.0000,100.0000,10.0002,3.0000,1.5537,10.4187
ADA/USDT:USDT,long_1d_center_compression,quick_reverse_1h_5h,,,,,,True,,1,-7.1508,-0.7151,0.0000,0.7151,0.0000,-2.0875,1.0000,2.8457,1.1754
ADA/USDT:USDT,short_compression_breakdown,quick_reverse_1h_5h,,,,,,False,,9,67.6330,6.7633,2.1596,4.0420,44.4444,2.3762,57.4444,2.0853,6.4825
ADA/USDT:USDT,short_compression_breakdown,quick_reverse_1h_5h,,,,,,True,,4,-21.9412,-2.1941,0.0000,2.1941,0.0000,-1.7663,59.5000,3.0602,3.6457
ADA/USDT:USDT,short_pullback_restart,quick_reverse_1h_5h,,,,,,False,,9,259.5830,25.9583,7.3513,3.2517,66.6667,5.8413,50.4444,1.7821,9.0774
ADA/USDT:USDT,short_pullback_restart,quick_reverse_1h_5h,,,,,,True,,8,-59.4879,-5.9488,0.0000,5.9488,0.0000,-2.1439,26.0000,2.7408,3.0685
BNB/USDT:USDT,long_1d_center_compression,quick_reverse_1h_5h,,,,,,False,,7,101.2182,10.1218,3.1837,4.3096,42.8571,3.2119,61.5714,1.5731,6.7267
BNB/USDT:USDT,short_compression_breakdown,quick_reverse_1h_5h,,,,,,False,,1,17.7242,1.7724,inf,0.0000,100.0000,10.0009,24.0000,1.1967,13.3831
BNB/USDT:USDT,short_pullback_restart,quick_reverse_1h_5h,,,,,,False,,6,111.8031,11.1803,5.5879,1.4306,66.6667,3.7683,60.5000,2.1465,7.2706
BNB/USDT:USDT,short_pullback_restart,quick_reverse_1h_5h,,,,,,True,,5,-54.5287,-5.4529,0.0901,5.9931,20.0000,-1.9547,48.6000,3.0578,3.2616
BTC/USDT:USDT,long_1d_center_compression,quick_reverse_1h_5h,,,,,,False,,11,107.6513,10.7651,2.6348,2.6382,36.3636,2.5034,96.9091,1.4847,5.8325
BTC/USDT:USDT,long_1d_center_compression,quick_reverse_1h_5h,,,,,,True,,2,-21.1514,-2.1151,0.0000,2.1151,0.0000,-2.1530,48.5000,2.2942,1.3756
BTC/USDT:USDT,short_compression_breakdown,quick_reverse_1h_5h,,,,,,False,,4,117.7653,11.7765,151.7286,0.0699,75.0000,5.0070,91.5000,0.5602,9.1447
BTC/USDT:USDT,short_compression_breakdown,quick_reverse_1h_5h,,,,,,True,,3,-23.5912,-2.3591,0.0000,2.3591,0.0000,-2.7441,10.0000,3.2633,0.8348
BTC/USDT:USDT,short_pullback_restart,quick_reverse_1h_5h,,,,,,False,,11,96.5425,9.6543,2.5434,3.4667,45.4545,1.7043,65.3636,1.7490,6.1662
BTC/USDT:USDT,short_pullback_restart,quick_reverse_1h_5h,,,,,,True,,6,-64.8783,-6.4878,0.0000,6.4878,0.0000,-1.8165,14.3333,2.9022,0.5868
DOGE/USDT:USDT,long_1d_center_compression,quick_reverse_1h_5h,,,,,,False,,1,41.4745,4.1475,inf,0.0000,100.0000,10.0009,16.0000,0.5762,11.3562
DOGE/USDT:USDT,long_1d_center_compression,quick_reverse_1h_5h,,,,,,True,,1,-7.1363,-0.7136,0.0000,0.7136,0.0000,-2.0967,0.0000,2.7999,0.1439
DOGE/USDT:USDT,short_compression_breakdown,quick_reverse_1h_5h,,,,,,False,,2,59.2096,5.9210,inf,0.0000,100.0000,10.0007,16.5000,0.6461,11.3802
DOGE/USDT:USDT,short_compression_breakdown,quick_reverse_1h_5h,,,,,,True,,3,28.9404,2.8940,3.7540,1.0509,33.3333,2.0774,66.3333,2.4888,4.9460
DOGE/USDT:USDT,short_pullback_restart,quick_reverse_1h_5h,,,,,,False,,4,-12.2339,-1.2234,0.6369,3.2986,25.0000,1.0645,36.0000,1.8851,5.3921
DOGE/USDT:USDT,short_pullback_restart,quick_reverse_1h_5h,,,,,,True,,9,45.6975,4.5698,1.5883,3.7861,33.3333,1.1202,24.8889,2.9284,5.6122
ETH/USDT:USDT,long_1d_center_compression,quick_reverse_1h_5h,,,,,,False,,4,115.9862,11.5986,6.1356,1.3297,50.0000,3.9266,43.2500,1.4379,5.7335
ETH/USDT:USDT,long_1d_center_compression,quick_reverse_1h_5h,,,,,,True,,2,-21.2728,-2.1273,0.0000,2.1273,0.0000,-2.1130,8.0000,2.3991,0.5496
ETH/USDT:USDT,short_compression_breakdown,quick_reverse_1h_5h,,,,,,False,,3,22.8272,2.2827,3.5060,0.9109,33.3333,2.4720,37.3333,1.2425,5.4304
ETH/USDT:USDT,short_compression_breakdown,quick_reverse_1h_5h,,,,,,True,,3,73.7199,7.3720,5.4957,1.6048,66.6667,5.2460,55.3333,2.4476,7.4464
ETH/USDT:USDT,short_pullback_restart,quick_reverse_1h_5h,,,,,,False,,10,118.9669,11.8967,3.1898,2.8409,40.0000,2.6949,42.2000,1.9055,6.9693
ETH/USDT:USDT,short_pullback_restart,quick_reverse_1h_5h,,,,,,True,,8,35.5311,3.5531,1.6881,2.3806,25.0000,1.0766,37.7500,2.2366,4.2205
LINK/USDT:USDT,long_1d_center_compression,quick_reverse_1h_5h,,,,,,True,,1,-7.1684,-0.7168,0.0000,0.7168,0.0000,-2.1406,34.0000,2.0190,0.7555
LINK/USDT:USDT,short_compression_breakdown,quick_reverse_1h_5h,,,,,,False,,3,0.5507,0.0551,1.0230,1.4688,33.3333,1.0805,25.6667,2.9735,3.9640
LINK/USDT:USDT,short_compression_breakdown,quick_reverse_1h_5h,,,,,,True,,4,-40.9899,-4.0990,0.0000,4.0990,0.0000,-3.2443,37.5000,4.3586,1.8991
LINK/USDT:USDT,short_pullback_restart,quick_reverse_1h_5h,,,,,,False,,5,64.0277,6.4028,4.4175,1.8735,40.0000,2.7872,40.4000,2.2408,7.7827
LINK/USDT:USDT,short_pullback_restart,quick_reverse_1h_5h,,,,,,True,,7,9.6723,0.9672,1.1417,4.3448,28.5714,0.5926,23.7143,3.8145,3.6717
NEAR/USDT:USDT,long_1d_center_compression,quick_reverse_1h_5h,,,,,,False,,1,-9.5130,-0.9513,0.0000,0.9513,0.0000,-2.3174,39.0000,3.1233,8.7131
NEAR/USDT:USDT,long_1d_center_compression,quick_reverse_1h_5h,,,,,,True,,1,-7.2148,-0.7215,0.0000,0.7215,0.0000,-2.0970,4.0000,2.2377,0.1492
NEAR/USDT:USDT,short_compression_breakdown,quick_reverse_1h_5h,,,,,,False,,4,17.5116,1.7512,1.3499,3.3453,25.0000,0.2610,20.2500,2.6748,4.0094
NEAR/USDT:USDT,short_compression_breakdown,quick_reverse_1h_5h,,,,,,True,,2,-12.3086,-1.2309,0.0000,1.2309,0.0000,-2.5100,48.5000,2.6454,6.3007
NEAR/USDT:USDT,short_pullback_restart,quick_reverse_1h_5h,,,,,,False,,8,40.4166,4.0417,1.5312,4.6038,37.5000,1.4594,44.3750,2.7632,5.4784
NEAR/USDT:USDT,short_pullback_restart,quick_reverse_1h_5h,,,,,,True,,7,23.1020,2.3102,1.4557,4.1982,28.5714,-0.0803,25.4286,3.8074,4.4664
PAXG/USDT:USDT,long_1d_center_compression,quick_reverse_1h_5h,,,,,,False,,2,19.1877,1.9188,2.1877,1.6156,50.0000,1.0868,251.0000,1.1737,4.9356
PAXG/USDT:USDT,long_1d_center_compression,quick_reverse_1h_5h,,,,,,True,,3,54.1668,5.4167,2.7690,3.0620,33.3333,1.8650,299.3333,7.2555,9.1283
SOL/USDT:USDT,long_1d_center_compression,quick_reverse_1h_5h,,,,,,False,,2,23.1107,2.3111,3.4129,0.9275,50.0000,3.9411,54.5000,1.8196,7.3839
SOL/USDT:USDT,long_1d_center_compression,quick_reverse_1h_5h,,,,,,True,,3,48.0274,4.8027,3.1101,2.2760,33.3333,1.9141,32.3333,1.9621,3.9205
SOL/USDT:USDT,short_compression_breakdown,quick_reverse_1h_5h,,,,,,False,,4,48.9447,4.8945,6.8046,0.7847,50.0000,4.1625,46.2500,1.4649,9.1965
SOL/USDT:USDT,short_compression_breakdown,quick_reverse_1h_5h,,,,,,True,,5,-64.3054,-6.4305,0.0000,6.4305,0.0000,-3.1062,30.0000,3.8088,1.9934
SOL/USDT:USDT,short_pullback_restart,quick_reverse_1h_5h,,,,,,False,,5,155.4273,15.5427,7.7357,1.4561,60.0000,4.5639,58.4000,2.7148,10.0265
SOL/USDT:USDT,short_pullback_restart,quick_reverse_1h_5h,,,,,,True,,6,-44.9138,-4.4914,0.4043,6.0248,16.6667,-0.6263,14.1667,3.1780,2.6308
SUI/USDT:USDT,long_1d_center_compression,quick_reverse_1h_5h,,,,,,True,,1,-8.8656,-0.8866,0.0000,0.8866,0.0000,-2.1463,0.0000,3.2005,4.3219
SUI/USDT:USDT,short_compression_breakdown,quick_reverse_1h_5h,,,,,,False,,6,49.3251,4.9325,4.5482,1.3901,50.0000,2.4529,59.6667,2.5404,6.7381
SUI/USDT:USDT,short_compression_breakdown,quick_reverse_1h_5h,,,,,,True,,1,-18.4078,-1.8408,0.0000,1.8408,0.0000,-2.8986,3.0000,3.3882,0.2228
SUI/USDT:USDT,short_pullback_restart,quick_reverse_1h_5h,,,,,,False,,4,53.7026,5.3703,4.7013,0.8337,50.0000,3.9691,92.5000,1.2641,8.6423
SUI/USDT:USDT,short_pullback_restart,quick_reverse_1h_5h,,,,,,True,,7,20.2500,2.0250,1.2919,3.1302,28.5714,0.5514,23.4286,2.9482,5.7332
TAO/USDT:USDT,short_compression_breakdown,quick_reverse_1h_5h,,,,,,False,,1,-15.4298,-1.5430,0.0000,1.5430,0.0000,-1.9684,12.0000,2.4996,0.1736
TAO/USDT:USDT,short_compression_breakdown,quick_reverse_1h_5h,,,,,,True,,3,35.4045,3.5405,2.1996,1.4504,33.3333,1.3404,44.6667,3.2825,6.0465
TAO/USDT:USDT,short_pullback_restart,quick_reverse_1h_5h,,,,,,False,,4,105.2821,10.5282,inf,0.0000,100.0000,7.7258,59.5000,1.0068,9.4041
TAO/USDT:USDT,short_pullback_restart,quick_reverse_1h_5h,,,,,,True,,4,-37.5085,-3.7509,0.0859,3.7509,25.0000,-2.9881,39.7500,4.7351,3.2601
XRP/USDT:USDT,long_1d_center_compression,quick_reverse_1h_5h,,,,,,False,,3,26.6345,2.6635,2.3210,1.0094,33.3333,1.9021,21.3333,1.9045,7.7271
XRP/USDT:USDT,short_compression_breakdown,quick_reverse_1h_5h,,,,,,False,,2,27.0337,2.7034,4.6576,0.7391,50.0000,3.9493,68.0000,1.1942,6.8130
XRP/USDT:USDT,short_compression_breakdown,quick_reverse_1h_5h,,,,,,True,,8,-15.6562,-1.5656,0.8024,3.9790,25.0000,-0.6730,44.5000,3.4527,4.5347
XRP/USDT:USDT,short_pullback_restart,quick_reverse_1h_5h,,,,,,False,,12,86.8962,8.6896,2.4616,2.5077,33.3333,0.7950,94.0000,1.8465,5.5196
XRP/USDT:USDT,short_pullback_restart,quick_reverse_1h_5h,,,,,,True,,11,-31.5288,-3.1529,0.6338,8.6092,9.0909,-0.6691,35.0909,2.1645,2.5177
ZEC/USDT:USDT,short_compression_breakdown,quick_reverse_1h_5h,,,,,,False,,2,75.5986,7.5599,inf,0.0000,100.0000,9.9981,48.5000,1.3837,11.6904
ZEC/USDT:USDT,short_compression_breakdown,quick_reverse_1h_5h,,,,,,True,,1,29.6836,2.9684,inf,0.0000,100.0000,10.0164,48.0000,1.3551,10.3738
ZEC/USDT:USDT,short_pullback_restart,quick_reverse_1h_5h,,,,,,False,,7,152.3953,15.2395,19.3325,0.8313,71.4286,6.7347,40.2857,1.2881,12.3298
ZEC/USDT:USDT,short_pullback_restart,quick_reverse_1h_5h,,,,,,True,,3,-35.3233,-3.5323,0.0000,3.5323,0.0000,-2.7780,30.6667,3.4248,1.4986
ADA/USDT:USDT,long_1d_center_compression,duration_bucket,,,,,,,<=24h,2,40.1753,4.0175,6.6183,0.7151,50.0000,3.9563,2.0000,2.1997,5.7971
ADA/USDT:USDT,short_compression_breakdown,duration_bucket,,,,,,,1-3d,3,7.4924,0.7492,1.2392,2.0661,33.3333,1.5995,61.3333,2.7767,6.9857
ADA/USDT:USDT,short_compression_breakdown,duration_bucket,,,,,,,3-7d,5,31.1857,3.1186,7.9002,0.2372,20.0000,1.7225,99.8000,1.7275,7.2128
ADA/USDT:USDT,short_compression_breakdown,duration_bucket,,,,,,,<=24h,5,7.0137,0.7014,1.1579,2.2163,40.0000,0.1820,14.4000,2.8082,3.1809
ADA/USDT:USDT,short_pullback_restart,duration_bucket,,,,,,,1-3d,5,145.6560,14.5656,4.9049,3.6103,60.0000,4.7218,45.8000,1.8957,9.4663
ADA/USDT:USDT,short_pullback_restart,duration_bucket,,,,,,,3-7d,4,68.7016,6.8702,56.4476,0.0769,50.0000,4.9085,82.0000,1.8072,8.5765
ADA/USDT:USDT,short_pullback_restart,duration_bucket,,,,,,,<=24h,8,-14.2624,-1.4262,0.7693,6.1819,12.5000,-0.9779,13.1250,2.6573,3.0759
BNB/USDT:USDT,long_1d_center_compression,duration_bucket,,,,,,,1-3d,1,-13.7224,-1.3722,0.0000,1.3722,0.0000,-2.0992,46.0000,2.1526,2.6826
BNB/USDT:USDT,long_1d_center_compression,duration_bucket,,,,,,,3-7d,3,102.0552,10.2055,16.3900,0.6397,66.6667,6.2833,112.0000,1.0921,8.2068
BNB/USDT:USDT,long_1d_center_compression,duration_bucket,,,,,,,<=24h,3,12.8855,1.2885,1.4956,2.5024,33.3333,1.9109,16.3333,1.8610,6.5946
BNB/USDT:USDT,short_compression_breakdown,duration_bucket,,,,,,,<=24h,1,17.7242,1.7724,inf,0.0000,100.0000,10.0009,24.0000,1.1967,13.3831
BNB/USDT:USDT,short_pullback_restart,duration_bucket,,,,,,,1-3d,3,-5.7907,-0.5791,0.8464,3.6536,33.3333,1.3119,33.0000,2.6343,5.1363
BNB/USDT:USDT,short_pullback_restart,duration_bucket,,,,,,,3-7d,4,42.2142,4.2214,6.2140,0.7777,75.0000,2.3237,115.0000,2.2869,7.8141
BNB/USDT:USDT,short_pullback_restart,duration_bucket,,,,,,,<=24h,4,20.8508,2.0851,1.5415,3.8502,25.0000,-0.0984,11.7500,2.7794,3.3166
BTC/USDT:USDT,long_1d_center_compression,duration_bucket,,,,,,,1-3d,3,17.8169,1.7817,1.8751,1.9611,33.3333,1.8902,45.3333,1.5380,5.1980
BTC/USDT:USDT,long_1d_center_compression,duration_bucket,,,,,,,3-7d,6,69.1376,6.9138,3.0891,1.6688,33.3333,2.3156,100.8333,1.3416,6.2984
BTC/USDT:USDT,long_1d_center_compression,duration_bucket,,,,,,,<=24h,3,-33.5450,-3.3545,0.0000,3.3545,0.0000,-2.1109,12.0000,2.5100,0.6639
BTC/USDT:USDT,long_1d_center_compression,duration_bucket,,,,,,,>7d,1,33.0904,3.3090,inf,0.0000,100.0000,10.0000,386.0000,0.7272,11.5317
BTC/USDT:USDT,short_compression_breakdown,duration_bucket,,,,,,,1-3d,1,86.9355,8.6936,inf,0.0000,100.0000,10.0000,50.0000,0.0401,10.3114
BTC/USDT:USDT,short_compression_breakdown,duration_bucket,,,,,,,3-7d,1,-0.7813,-0.0781,0.0000,0.0781,0.0000,-0.0960,76.0000,0.4003,4.3586
BTC/USDT:USDT,short_compression_breakdown,duration_bucket,,,,,,,<=24h,4,7.6260,0.7626,1.3233,2.2877,25.0000,0.4419,9.2500,2.5413,3.9829
BTC/USDT:USDT,short_compression_breakdown,duration_bucket,,,,,,,>7d,1,0.3938,0.0394,inf,0.0000,100.0000,0.1239,233.0000,1.4249,8.4818
BTC/USDT:USDT,short_pullback_restart,duration_bucket,,,,,,,1-3d,7,104.8603,10.4860,3.0154,2.2807,42.8571,2.8794,38.7143,2.1773,6.3625
BTC/USDT:USDT,short_pullback_restart,duration_bucket,,,,,,,3-7d,4,0.3647,0.0365,1.1982,0.1840,50.0000,-0.0171,118.0000,0.5505,5.9262
BTC/USDT:USDT,short_pullback_restart,duration_bucket,,,,,,,<=24h,6,-73.5607,-7.3561,0.0000,7.3561,0.0000,-2.0398,10.3333,3.2015,0.5179
DOGE/USDT:USDT,long_1d_center_compression,duration_bucket,,,,,,,<=24h,2,34.3382,3.4338,5.8117,0.7136,50.0000,3.9521,8.0000,1.6881,5.7500
DOGE/USDT:USDT,short_compression_breakdown,duration_bucket,,,,,,,3-7d,2,37.6473,3.7647,21.8951,0.1802,50.0000,4.7046,96.0000,2.1581,7.2702
DOGE/USDT:USDT,short_compression_breakdown,duration_bucket,,,,,,,<=24h,3,50.5028,5.0503,6.8003,0.8707,66.6667,5.6081,13.3333,1.4808,7.6860
DOGE/USDT:USDT,short_pullback_restart,duration_bucket,,,,,,,1-3d,7,93.0792,9.3079,2.7982,2.0709,57.1429,4.0812,36.0000,2.4285,8.8334
DOGE/USDT:USDT,short_pullback_restart,duration_bucket,,,,,,,3-7d,1,-3.7330,-0.3733,0.0000,0.3733,0.0000,-0.7110,74.0000,1.3399,5.8527
DOGE/USDT:USDT,short_pullback_restart,duration_bucket,,,,,,,<=24h,5,-55.8826,-5.5883,0.0000,5.5883,0.0000,-2.7035,8.4000,3.1113,0.8784
ETH/USDT:USDT,long_1d_center_compression,duration_bucket,,,,,,,1-3d,1,71.5587,7.1559,inf,0.0000,100.0000,9.9999,46.0000,0.8111,10.6652
ETH/USDT:USDT,long_1d_center_compression,duration_bucket,,,,,,,3-7d,1,67.0122,6.7012,inf,0.0000,100.0000,10.0001,99.0000,0.4917,10.2692
ETH/USDT:USDT,long_1d_center_compression,duration_bucket,,,,,,,<=24h,4,-43.8575,-4.3857,0.0000,4.3857,0.0000,-2.1298,11.0000,2.3117,0.7747
ETH/USDT:USDT,short_compression_breakdown,duration_bucket,,,,,,,1-3d,1,31.9363,3.1936,inf,0.0000,100.0000,10.0001,26.0000,0.0275,14.3707
ETH/USDT:USDT,short_compression_breakdown,duration_bucket,,,,,,,3-7d,2,67.9417,6.7942,187.8738,0.0364,50.0000,4.9484,104.0000,1.4119,6.8012
ETH/USDT:USDT,short_compression_breakdown,duration_bucket,,,,,,,<=24h,3,-3.3309,-0.3331,0.8675,1.6186,33.3333,1.0857,14.6667,2.7396,3.5524
ETH/USDT:USDT,short_pullback_restart,duration_bucket,,,,,,,1-3d,7,48.7443,4.8744,1.9282,2.6824,28.5714,1.1607,36.5714,2.2519,6.0969
ETH/USDT:USDT,short_pullback_restart,duration_bucket,,,,,,,3-7d,5,21.2276,2.1228,2.8479,0.6534,20.0000,1.4563,81.4000,1.7461,3.7280
ETH/USDT:USDT,short_pullback_restart,duration_bucket,,,,,,,<=24h,6,84.5260,8.4526,3.0144,2.0231,50.0000,3.3592,10.1667,2.0757,7.0232
LINK/USDT:USDT,long_1d_center_compression,duration_bucket,,,,,,,1-3d,1,-7.1684,-0.7168,0.0000,0.7168,0.0000,-2.1406,34.0000,2.0190,0.7555
LINK/USDT:USDT,short_compression_breakdown,duration_bucket,,,,,,,1-3d,3,-7.9648,-0.7965,0.7548,3.1711,33.3333,0.5243,41.0000,3.6585,4.3891
LINK/USDT:USDT,short_compression_breakdown,duration_bucket,,,,,,,3-7d,1,-0.1248,-0.0125,0.0000,0.0125,0.0000,-0.0552,76.0000,2.5033,4.2384
LINK/USDT:USDT,short_compression_breakdown,duration_bucket,,,,,,,<=24h,3,-32.3497,-3.2350,0.0000,3.2350,0.0000,-3.7511,9.3333,4.2920,0.6942
LINK/USDT:USDT,short_pullback_restart,duration_bucket,,,,,,,1-3d,5,47.8773,4.7877,2.5926,2.1914,40.0000,2.3494,40.2000,2.6044,5.7315
LINK/USDT:USDT,short_pullback_restart,duration_bucket,,,,,,,3-7d,1,-1.1359,-0.1136,0.0000,0.1136,0.0000,-0.4498,107.0000,3.6812,8.8894
LINK/USDT:USDT,short_pullback_restart,duration_bucket,,,,,,,<=24h,6,26.9586,2.6959,1.4831,2.2360,33.3333,1.1312,10.0000,3.5337,4.5114
NEAR/USDT:USDT,long_1d_center_compression,duration_bucket,,,,,,,1-3d,1,-9.5130,-0.9513,0.0000,0.9513,0.0000,-2.3174,39.0000,3.1233,8.7131
NEAR/USDT:USDT,long_1d_center_compression,duration_bucket,,,,,,,<=24h,1,-7.2148,-0.7215,0.0000,0.7215,0.0000,-2.0970,4.0000,2.2377,0.1492
NEAR/USDT:USDT,short_compression_breakdown,duration_bucket,,,,,,,1-3d,1,67.5537,6.7554,inf,0.0000,100.0000,10.0049,36.0000,1.1284,10.3708
NEAR/USDT:USDT,short_compression_breakdown,duration_bucket,,,,,,,3-7d,1,-4.8151,-0.4815,0.0000,0.4815,0.0000,-1.6405,74.0000,1.8375,9.3685
NEAR/USDT:USDT,short_compression_breakdown,duration_bucket,,,,,,,<=24h,4,-57.5356,-5.7536,0.0000,5.7536,0.0000,-3.0851,17.0000,3.2560,2.2249
NEAR/USDT:USDT,short_pullback_restart,duration_bucket,,,,,,,1-3d,5,-3.7988,-0.3799,0.9291,3.3791,20.0000,-1.1934,35.8000,4.0512,5.1459
NEAR/USDT:USDT,short_pullback_restart,duration_bucket,,,,,,,<=24h,9,22.4995,2.2500,1.3075,3.1599,33.3333,0.7895,14.5556,3.0743,4.2890
NEAR/USDT:USDT,short_pullback_restart,duration_bucket,,,,,,,>7d,1,44.8179,4.4818,inf,0.0000,100.0000,9.9741,223.0000,0.8328,10.7623
PAXG/USDT:USDT,long_1d_center_compression,duration_bucket,,,,,,,3-7d,2,-29.8349,-2.9835,0.0000,2.9835,0.0000,-2.0959,85.5000,2.0378,2.0199
PAXG/USDT:USDT,long_1d_center_compression,duration_bucket,,,,,,,>7d,3,103.1895,10.3189,7.0911,1.6941,66.6667,3.9868,409.6667,6.6795,11.0721
SOL/USDT:USDT,long_1d_center_compression,duration_bucket,,,,,,,3-7d,2,103.4762,10.3476,inf,0.0000,100.0000,9.9991,85.0000,0.5315,11.6746
SOL/USDT:USDT,long_1d_center_compression,duration_bucket,,,,,,,<=24h,3,-32.3381,-3.2338,0.0000,3.2338,0.0000,-2.1246,12.0000,2.8208,1.0600
SOL/USDT:USDT,short_compression_breakdown,duration_bucket,,,,,,,1-3d,2,-30.3646,-3.0365,0.0000,3.0365,0.0000,-3.1926,50.5000,3.6702,2.3304
SOL/USDT:USDT,short_compression_breakdown,duration_bucket,,,,,,,3-7d,2,-2.5339,-0.2534,0.0000,0.2534,0.0000,-0.5891,77.5000,1.5406,6.0782
SOL/USDT:USDT,short_compression_breakdown,duration_bucket,,,,,,,<=24h,5,17.5378,1.7538,1.4402,2.9577,40.0000,1.7365,15.8000,2.8964,5.9872
SOL/USDT:USDT,short_pullback_restart,duration_bucket,,,,,,,1-3d,5,194.0129,19.4013,13.9580,1.4034,80.0000,7.3723,40.6000,2.4896,10.9991
SOL/USDT:USDT,short_pullback_restart,duration_bucket,,,,,,,3-7d,1,-8.1028,-0.8103,0.0000,0.8103,0.0000,-4.0449,119.0000,3.9188,5.7746
SOL/USDT:USDT,short_pullback_restart,duration_bucket,,,,,,,<=24h,5,-75.3967,-7.5397,0.0000,7.5397,0.0000,-2.7510,11.0000,3.2549,1.0295
SUI/USDT:USDT,long_1d_center_compression,duration_bucket,,,,,,,<=24h,1,-8.8656,-0.8866,0.0000,0.8866,0.0000,-2.1463,0.0000,3.2005,4.3219
SUI/USDT:USDT,short_compression_breakdown,duration_bucket,,,,,,,1-3d,3,55.3817,5.5382,9.9911,0.6160,66.6667,5.8378,50.3333,1.8158,8.9243
SUI/USDT:USDT,short_compression_breakdown,duration_bucket,,,,,,,3-7d,2,1.3610,0.1361,5.1987,0.0324,50.0000,0.1416,97.5000,2.9746,6.0744
SUI/USDT:USDT,short_compression_breakdown,duration_bucket,,,,,,,<=24h,2,-25.8255,-2.5825,0.0000,2.5825,0.0000,-2.9890,7.5000,3.6170,0.8647
SUI/USDT:USDT,short_pullback_restart,duration_bucket,,,,,,,1-3d,4,59.8447,5.9845,3.0093,2.0490,50.0000,3.2445,37.2500,2.6804,9.6057
SUI/USDT:USDT,short_pullback_restart,duration_bucket,,,,,,,3-7d,1,-5.9313,-0.5931,0.0000,0.5931,0.0000,-1.2052,152.0000,1.9068,8.1722
SUI/USDT:USDT,short_pullback_restart,duration_bucket,,,,,,,<=24h,5,-8.7974,-0.8797,0.8174,2.9942,20.0000,-0.4074,7.4000,2.5664,2.7822
SUI/USDT:USDT,short_pullback_restart,duration_bucket,,,,,,,>7d,1,28.8366,2.8837,inf,0.0000,100.0000,10.0003,196.0000,0.2331,14.1958
TAO/USDT:USDT,short_compression_breakdown,duration_bucket,,,,,,,1-3d,1,64.9188,6.4919,inf,0.0000,100.0000,10.0001,41.0000,1.8833,10.4281
TAO/USDT:USDT,short_compression_breakdown,duration_bucket,,,,,,,3-7d,1,-15.0108,-1.5011,0.0000,1.5011,0.0000,-2.8906,73.0000,3.7532,6.8780
TAO/USDT:USDT,short_compression_breakdown,duration_bucket,,,,,,,<=24h,2,-29.9333,-2.9933,0.0000,2.9933,0.0000,-2.5283,16.0000,3.3552,0.5034
TAO/USDT:USDT,short_pullback_restart,duration_bucket,,,,,,,1-3d,2,51.7627,5.1763,inf,0.0000,100.0000,10.0006,45.0000,0.6032,10.4218
TAO/USDT:USDT,short_pullback_restart,duration_bucket,,,,,,,3-7d,2,7.1910,0.7191,inf,0.0000,100.0000,0.8405,134.0000,2.7487,7.2151
TAO/USDT:USDT,short_pullback_restart,duration_bucket,,,,,,,<=24h,4,8.8199,0.8820,1.2149,2.0852,25.0000,-0.6829,9.7500,4.0659,3.8458
XRP/USDT:USDT,long_1d_center_compression,duration_bucket,,,,,,,1-3d,1,-10.0939,-1.0094,0.0000,1.0094,0.0000,-2.1843,63.0000,3.5033,8.5384
XRP/USDT:USDT,long_1d_center_compression,duration_bucket,,,,,,,<=24h,2,36.7284,3.6728,4.6479,0.9618,50.0000,3.9454,0.5000,1.1050,7.3215
XRP/USDT:USDT,short_compression_breakdown,duration_bucket,,,,,,,1-3d,5,18.8547,1.8855,1.4677,2.1339,20.0000,0.2461,48.2000,2.9490,5.7111
XRP/USDT:USDT,short_compression_breakdown,duration_bucket,,,,,,,3-7d,2,38.8308,3.8831,inf,0.0000,100.0000,5.4897,107.0000,0.7506,9.1732
XRP/USDT:USDT,short_compression_breakdown,duration_bucket,,,,,,,<=24h,3,-46.3081,-4.6308,0.0000,4.6308,0.0000,-3.2319,12.3333,4.5878,1.0006
XRP/USDT:USDT,short_pullback_restart,duration_bucket,,,,,,,1-3d,7,-6.0680,-0.6068,0.8999,6.0631,14.2857,-0.7528,36.8571,2.5548,3.4490
XRP/USDT:USDT,short_pullback_restart,duration_bucket,,,,,,,3-7d,8,69.9231,6.9923,4.7670,1.2387,25.0000,0.8265,86.3750,1.6583,5.7950
XRP/USDT:USDT,short_pullback_restart,duration_bucket,,,,,,,<=24h,6,-66.3498,-6.6350,0.0000,6.6350,0.0000,-2.0175,11.5000,2.3155,0.6656
XRP/USDT:USDT,short_pullback_restart,duration_bucket,,,,,,,>7d,2,57.8622,5.7862,inf,0.0000,100.0000,6.4708,248.0000,0.4624,9.7168
ZEC/USDT:USDT,short_compression_breakdown,duration_bucket,,,,,,,1-3d,3,105.2821,10.5282,inf,0.0000,100.0000,10.0042,48.3333,1.3742,11.2516
ZEC/USDT:USDT,short_pullback_restart,duration_bucket,,,,,,,1-3d,4,90.0168,9.0017,17.3734,0.5498,75.0000,7.0992,49.0000,1.1224,12.9963
ZEC/USDT:USDT,short_pullback_restart,duration_bucket,,,,,,,3-7d,2,-4.0468,-0.4047,0.0000,0.4047,0.0000,-0.8078,73.0000,2.2209,2.4982
ZEC/USDT:USDT,short_pullback_restart,duration_bucket,,,,,,,<=24h,4,31.1021,3.1102,1.9123,3.2005,50.0000,3.0068,8.0000,2.5900,8.4557
