variant,label,window,family,key,trades,profit_mean,profit_mean_pct,profit_total_abs,profit_total,profit_total_pct,duration_avg,wins,draws,losses,winrate,cagr,expectancy,expectancy_ratio,sortino,sharpe,calmar,sqn,profit_factor,max_drawdown_account,max_drawdown_abs
raw_be_profit_lock_3y,Raw + Breakeven + ProfitLock,3y,profit_lock,BNB/USDT:USDT,27,0.012980564360754373,1.3,128.94174543,0.12894174543,12.89,21:17:00,19,0,8,0.7037037037037037,0.04121677924070899,4.775620201111111,0.8124903057349837,0.4662344066965921,0.16225284928744854,20.482443110276748,1.7578,3.7421547818555707,0.010973563107816843,12.356839499999992
raw_be_profit_lock_3y,Raw + Breakeven + ProfitLock,3y,profit_lock,TRX/USDT:USDT,33,0.007826746986221678,0.78,116.75595099,0.11675595099,11.68,"3 days, 20:16:00",13,0,20,0.3939393939393939,0.03746034585861446,3.538059120909091,0.9281450900547976,0.5537163520702565,0.1628529917455077,12.10860099993366,1.6015,2.531439398590416,0.01680818946974715,18.35472829999999
raw_be_profit_lock_3y,Raw + Breakeven + ProfitLock,3y,profit_lock,ETH/USDT:USDT,37,0.0074099373880459,0.74,116.71183633,0.11671183633,11.67,19:48:00,19,0,18,0.5135135135135135,0.03744669738141737,3.154373954864865,0.5693662686187091,0.502439634304106,0.1481923314243371,5.605905355417428,1.3786,2.1703639966051247,0.03629150837452841,36.788823429999994
raw_be_profit_lock_3y,Raw + Breakeven + ProfitLock,3y,profit_lock,ADA/USDT:USDT,36,0.007478360676442643,0.75,100.94736447999999,0.10094736448,10.09,16:35:00,21,0,15,0.5833333333333334,0.0325461760565704,2.804093457777779,0.43470611829758643,0.4657820593717318,0.1349843468584844,6.994788888508046,1.2726,2.043294683914207,0.025156849494888427,25.79019244
raw_be_profit_lock_3y,Raw + Breakeven + ProfitLock,3y,profit_lock,XRP/USDT:USDT,48,0.0054879748352446205,0.55,100.60750159,0.10060750159,10.06,21:47:00,29,0,19,0.6041666666666666,0.03244001293065368,2.095989616458333,0.3483733773824289,0.4618052560059728,0.18920802277353582,9.547896769325895,1.5503,1.8801011639135041,0.0183678586009179,19.92156827999999
raw_be_profit_lock_3y,Raw + Breakeven + ProfitLock,3y,profit_lock,DOGE/USDT:USDT,28,0.010922260336238786,1.09,82.44291942999999,0.08244291942999998,8.24,16:23:00,20,0,8,0.7142857142857143,0.02673382751095721,2.944389979642856,0.39547109141206227,0.7644282013264496,0.1327363101967419,3.580994998580435,1.4131,2.384148819942218,0.04013151231999996,40.13151232
raw_be_profit_lock_3y,Raw + Breakeven + ProfitLock,3y,profit_lock,ZEC/USDT:USDT,15,0.017169186562281485,1.72,81.76164028000001,0.08176164028,8.18,11:15:00,14,0,1,0.9333333333333333,0.026518573400909906,5.450776018666667,0.531729045078726,-100.0,0.12386235844209918,14.947872116013064,1.7725,8.975935676180887,0.00953467951760656,10.251040579999994
raw_be_profit_lock_3y,Raw + Breakeven + ProfitLock,3y,profit_lock,SOL/USDT:USDT,35,0.0007757847855049033,0.08,16.8590932,0.0168590932,1.69,15:13:00,18,0,17,0.5142857142857142,0.005583296118090164,0.48168837714285706,0.0736755587232023,0.06937620084565754,0.02508215274349545,0.5636100779492004,0.2397,1.1516849738418875,0.05214243872410026,52.94540753
raw_be_profit_lock_3y,Raw + Breakeven + ProfitLock,3y,profit_lock,BTC/USDT:USDT,42,0.0017615699993419475,0.18,10.974103459999997,0.010974103459999997,1.1,"1 day, 2:53:00",20,0,22,0.47619047619047616,0.003641402725008014,0.26128817761904743,0.046628145304902446,0.0566030502140798,0.023698521921118338,0.7305417944376579,0.2073,1.0890173683093591,0.026185439121721114,27.156001709999998
raw_be_profit_lock_3y,Raw + Breakeven + ProfitLock,3y,profit_lock,TAO/USDT:USDT,16,5.713460446537307e-06,0.0,9.17345348,0.00917345348,0.92,13:58:00,11,0,5,0.6875,0.0030457292163235117,0.5733408424999995,0.06671842218029567,0.1665933628225454,0.022508561304224125,0.5159505485184068,0.3126,1.2134989509769463,0.03099278920891657,31.147390270000002
raw_be_profit_lock_3y,Raw + Breakeven + ProfitLock,3y,profit_lock,BCH/USDT:USDT,2,0.00850334139504714,0.85,8.39770103,0.00839770103,0.84,13:42:00,2,0,0,1.0,0.0027888838433451912,4.198850515,100.0,-100.0,0.03509843298057368,-100.0,1.0068,0.0,0.0,0.0
raw_be_profit_lock_3y,Raw + Breakeven + ProfitLock,3y,profit_lock,AVAX/USDT:USDT,1,0.003336347735430996,0.33,1.0952364,0.0010952364,0.11,"1 day, 10:20:00",1,0,0,1.0,0.00036461255825082084,1.0952364,100.0,-100.0,-100.0,-100.0,-100.0,0.0,0.0,0.0
raw_be_profit_lock_3y,Raw + Breakeven + ProfitLock,3y,profit_lock,HYPE/USDT:USDT,0,0.0,0.0,0.0,0.0,0.0,0:00,0,0,0,0.0,0.0,0.0,100.0,0,0,0.0,0.0,0.0,0.0,0.0
raw_be_profit_lock_3y,Raw + Breakeven + ProfitLock,3y,profit_lock,AAVE/USDT:USDT,0,0.0,0.0,0.0,0.0,0.0,0:00,0,0,0,0.0,0.0,0.0,100.0,0,0,0.0,0.0,0.0,0.0,0.0
raw_be_profit_lock_3y,Raw + Breakeven + ProfitLock,3y,profit_lock,ONDO/USDT:USDT,0,0.0,0.0,0.0,0.0,0.0,0:00,0,0,0,0.0,0.0,0.0,100.0,0,0,0.0,0.0,0.0,0.0,0.0
raw_be_profit_lock_3y,Raw + Breakeven + ProfitLock,3y,profit_lock,WLD/USDT:USDT,0,0.0,0.0,0.0,0.0,0.0,0:00,0,0,0,0.0,0.0,0.0,100.0,0,0,0.0,0.0,0.0,0.0,0.0
raw_be_profit_lock_3y,Raw + Breakeven + ProfitLock,3y,profit_lock,DASH/USDT:USDT,0,0.0,0.0,0.0,0.0,0.0,0:00,0,0,0,0.0,0.0,0.0,100.0,0,0,0.0,0.0,0.0,0.0,0.0
raw_be_profit_lock_3y,Raw + Breakeven + ProfitLock,3y,profit_lock,UNI/USDT:USDT,0,0.0,0.0,0.0,0.0,0.0,0:00,0,0,0,0.0,0.0,0.0,100.0,0,0,0.0,0.0,0.0,0.0,0.0
raw_be_profit_lock_3y,Raw + Breakeven + ProfitLock,3y,profit_lock,ARB/USDT:USDT,0,0.0,0.0,0.0,0.0,0.0,0:00,0,0,0,0.0,0.0,0.0,100.0,0,0,0.0,0.0,0.0,0.0,0.0
raw_be_profit_lock_3y,Raw + Breakeven + ProfitLock,3y,profit_lock,APT/USDT:USDT,0,0.0,0.0,0.0,0.0,0.0,0:00,0,0,0,0.0,0.0,0.0,100.0,0,0,0.0,0.0,0.0,0.0,0.0
raw_be_profit_lock_3y,Raw + Breakeven + ProfitLock,3y,profit_lock,ICP/USDT:USDT,0,0.0,0.0,0.0,0.0,0.0,0:00,0,0,0,0.0,0.0,0.0,100.0,0,0,0.0,0.0,0.0,0.0,0.0
raw_be_profit_lock_3y,Raw + Breakeven + ProfitLock,3y,profit_lock,CRV/USDT:USDT,0,0.0,0.0,0.0,0.0,0.0,0:00,0,0,0,0.0,0.0,0.0,100.0,0,0,0.0,0.0,0.0,0.0,0.0
raw_be_profit_lock_3y,Raw + Breakeven + ProfitLock,3y,profit_lock,DOT/USDT:USDT,2,-0.0008567220614978899,-0.09,-0.5187154599999999,-0.0005187154599999999,-0.05,21:45:00,1,0,1,0.5,-0.00017277728431375206,-0.25935772999999995,-0.2653342079126553,-100.0,-0.012591263129084717,-0.925037030010937,-0.3612,0.46933158417468934,0.000977475659999982,0.97747566
raw_be_profit_lock_3y,Raw + Breakeven + ProfitLock,3y,profit_lock,LTC/USDT:USDT,3,-0.0073067347246558965,-0.73,-7.2590712,-0.0072590712,-0.73,18:33:00,0,0,3,0.0,-0.0024233586015812714,-2.4196904,-1.0,-0.03813763593638749,-0.03813763593638749,-1.7431544867283593,-1.0314,0.0,0.007259071199999994,7.2590712
raw_be_profit_lock_3y,Raw + Breakeven + ProfitLock,3y,profit_lock,LDO/USDT:USDT,2,-0.0107319200188608,-1.07,-7.351381470000001,-0.0073513814700000004,-0.74,3:42:00,0,0,2,0.0,-0.0024542513212314487,-3.6756907350000003,-1.0,-0.03559322286899796,-0.03559322286899796,-1.7431544867283628,-1.0209,0.0,0.007351381469999979,7.351381470000001
raw_be_profit_lock_3y,Raw + Breakeven + ProfitLock,3y,profit_lock,APE/USDT:USDT,1,-0.021182368501236608,-2.12,-7.54155709,-0.0075415570900000005,-0.75,0:35:00,0,0,1,0.0,-0.0025179018740625336,-7.54155709,-1.0,-100.0,-100.0,-1.7431544867283648,-100.0,0.0,0.007541557089999969,7.54155709
raw_be_profit_lock_3y,Raw + Breakeven + ProfitLock,3y,profit_lock,FIL/USDT:USDT,1,-0.02103939111450803,-2.1,-8.24154528,-0.00824154528,-0.82,0:35:00,0,0,1,0.0,-0.002752253505311608,-8.24154528,-1.0,-100.0,-100.0,-1.7431544867283641,-100.0,0.0,0.008241545279999969,8.24154528
raw_be_profit_lock_3y,Raw + Breakeven + ProfitLock,3y,profit_lock,SUI/USDT:USDT,26,-0.0007629334865494325,-0.08,-12.774778900000008,-0.012774778900000009,-1.28,8:42:00,14,0,12,0.5384615384615384,-0.004272628616254437,-0.49133765000000107,-0.06630227052765414,-0.052580804150537036,-0.02428767678357903,-0.39568161376538563,-0.2679,0.8563450805234163,0.05627861488075497,57.79736128
raw_be_profit_lock_3y,Raw + Breakeven + ProfitLock,3y,profit_lock,LINK/USDT:USDT,32,-0.004427376466910377,-0.44,-31.92609733999999,-0.031926097339999994,-3.19,19:39:00,14,0,18,0.4375,-0.010747575661066544,-0.9976905418750008,-0.1504840087236975,-0.12840490833242527,-0.05780009499128022,-1.053708378033137,-0.5769,0.7324728733800935,0.05281548574742101,53.98028857
raw_be_profit_lock_3y,Raw + Breakeven + ProfitLock,3y,profit_lock,NEAR/USDT:USDT,36,-0.004936169285568871,-0.49,-42.03239018,-0.04203239018,-4.2,10:31:00,21,0,15,0.5833333333333334,-0.01419894112866149,-1.167566393888889,-0.1601970172423386,-0.2102137279826678,-0.10246141509218144,-1.554776666806807,-0.966,0.6155271586183872,0.04712506374350432,47.34386047999999
raw_be_profit_lock_3y,Raw + Breakeven + ProfitLock,3y,profit_lock,TOTAL,423,0.003957375010570552,0.4,657.02300918,0.65702300918,65.7,23:26:00,237,0,186,0.5602836879432624,0.1831581707091967,1.5532458845862882,0.2556166574905132,2.8810467785132774,1.0521183858496124,12.250048236410251,2.9312,1.581321753325199,0.09349290584275283,97.69631339
raw_be_guard_profit_lock_3y,Raw + Breakeven + Guard + ProfitLock,3y,profit_lock,ETH/USDT:USDT,35,0.009759929386098156,0.98,139.57962662,0.13957962662,13.96,20:20:00,19,0,16,0.5428571428571428,0.04447400096267229,3.9879893319999997,0.7733073098180581,0.5932844314495511,0.17172110779718766,8.446960944255643,1.6412,2.691609740227002,0.0288043065434065,29.199021889999997
raw_be_guard_profit_lock_3y,Raw + Breakeven + Guard + ProfitLock,3y,profit_lock,BNB/USDT:USDT,27,0.012980564358989692,1.3,131.5600476,0.13156004759999998,13.16,21:17:00,19,0,8,0.7037037037037037,0.04202037216621246,4.872594355555554,0.8092017236143814,0.46170898803489907,0.16192182770674698,20.112281708141982,1.7543,3.7310558171985377,0.011402459978237956,12.871707810000004
raw_be_guard_profit_lock_3y,Raw + Breakeven + Guard + ProfitLock,3y,profit_lock,TRX/USDT:USDT,33,0.007581046013785086,0.76,116.48116033,0.11648116033,11.65,"3 days, 21:52:00",13,0,20,0.3939393939393939,0.037375323499974966,3.52973213121212,0.8767993128064713,0.5563331433488479,0.15905130044556626,9.892172865868428,1.5641,2.446718866130678,0.02052578942985743,21.32067288
raw_be_guard_profit_lock_3y,Raw + Breakeven + Guard + ProfitLock,3y,profit_lock,ADA/USDT:USDT,35,0.007820832993867892,0.78,105.77142913999998,0.10577142913999998,10.58,16:46:00,21,0,14,0.6,0.034050719819667785,3.022040832571428,0.43631740807377417,0.4910348423477227,0.13612547622642118,7.178082067366002,1.301,2.0907935201844356,0.025685961729428695,26.356115110000005
raw_be_guard_profit_lock_3y,Raw + Breakeven + Guard + ProfitLock,3y,profit_lock,XRP/USDT:USDT,48,0.005487974835141836,0.55,102.72320299999998,0.10272320299999999,10.27,21:47:00,29,0,19,0.6041666666666666,0.03310054033997978,2.140066729166667,0.3481368100447322,0.4600483126894971,0.18906491348765794,9.53116977541788,1.5491,1.879503520113008,0.018787034164723725,20.405908740000015
raw_be_guard_profit_lock_3y,Raw + Breakeven + Guard + ProfitLock,3y,profit_lock,DOGE/USDT:USDT,28,0.010922260330843378,1.09,85.42726229,0.08542726229,8.54,16:23:00,20,0,8,0.7142857142857143,0.02767568461045289,3.0509736532142866,0.40319790360419017,0.7559227280005072,0.13381225966392268,3.674441872700794,1.4246,2.4111926626146656,0.04052667608000002,40.52667608000001
raw_be_guard_profit_lock_3y,Raw + Breakeven + Guard + ProfitLock,3y,profit_lock,ZEC/USDT:USDT,15,0.017169186561516434,1.72,83.50004966999998,0.08350004966999998,8.35,11:15:00,14,0,1,0.9333333333333333,0.027067655144027647,5.566669977999999,0.5306863718928447,-100.0,0.12371477272101997,14.938629344235121,1.7703,8.960295578392673,0.009743429793341174,10.489566480000008
raw_be_guard_profit_lock_3y,Raw + Breakeven + Guard + ProfitLock,3y,profit_lock,SOL/USDT:USDT,33,0.0033904094532797493,0.34,25.88792095,0.02588792095,2.59,15:31:00,18,0,15,0.5454545454545454,0.008548055129106169,0.7844824530303023,0.11175210399741253,0.10455255975201876,0.03665653210571961,1.0031540492380944,0.3605,1.2458546287943078,0.044984761403630565,45.68035978
raw_be_guard_profit_lock_3y,Raw + Breakeven + Guard + ProfitLock,3y,profit_lock,BTC/USDT:USDT,40,0.0033430247938683474,0.33,25.589049170000003,0.025589049170000003,2.56,"1 day, 3:36:00",20,0,20,0.5,0.008450194929187527,0.6397262292499999,0.11471987100599534,0.12547919044341513,0.054367844441323435,1.7246458405702414,0.4869,1.2294397420119905,0.02586366709181841,27.156001709999998
raw_be_guard_profit_lock_3y,Raw + Breakeven + Guard + ProfitLock,3y,profit_lock,TAO/USDT:USDT,16,5.713463025665191e-06,0.0,9.581208569999998,0.009581208569999998,0.96,13:58:00,11,0,5,0.6875,0.0031806808378251894,0.5988255356249996,0.06802879258538996,0.1683755343044703,0.022888083305674538,0.5269871206061149,0.3178,1.2176921362732478,0.031692476066334234,31.85159728
raw_be_guard_profit_lock_3y,Raw + Breakeven + Guard + ProfitLock,3y,profit_lock,BCH/USDT:USDT,2,0.008503341395966682,0.85,8.60785877,0.00860785877,0.86,13:42:00,2,0,0,1.0,0.0028584783855756246,4.303929385,100.0,-100.0,0.035102339017948625,-100.0,1.0069,0.0,0.0,0.0
raw_be_guard_profit_lock_3y,Raw + Breakeven + Guard + ProfitLock,3y,profit_lock,AVAX/USDT:USDT,1,0.003336347735430996,0.33,1.0952364,0.0010952364,0.11,"1 day, 10:20:00",1,0,0,1.0,0.00036461255825082084,1.0952364,100.0,-100.0,-100.0,-100.0,-100.0,0.0,0.0,0.0
raw_be_guard_profit_lock_3y,Raw + Breakeven + Guard + ProfitLock,3y,profit_lock,HYPE/USDT:USDT,0,0.0,0.0,0.0,0.0,0.0,0:00,0,0,0,0.0,0.0,0.0,100.0,0,0,0.0,0.0,0.0,0.0,0.0
raw_be_guard_profit_lock_3y,Raw + Breakeven + Guard + ProfitLock,3y,profit_lock,AAVE/USDT:USDT,0,0.0,0.0,0.0,0.0,0.0,0:00,0,0,0,0.0,0.0,0.0,100.0,0,0,0.0,0.0,0.0,0.0,0.0
raw_be_guard_profit_lock_3y,Raw + Breakeven + Guard + ProfitLock,3y,profit_lock,ONDO/USDT:USDT,0,0.0,0.0,0.0,0.0,0.0,0:00,0,0,0,0.0,0.0,0.0,100.0,0,0,0.0,0.0,0.0,0.0,0.0
raw_be_guard_profit_lock_3y,Raw + Breakeven + Guard + ProfitLock,3y,profit_lock,WLD/USDT:USDT,0,0.0,0.0,0.0,0.0,0.0,0:00,0,0,0,0.0,0.0,0.0,100.0,0,0,0.0,0.0,0.0,0.0,0.0
raw_be_guard_profit_lock_3y,Raw + Breakeven + Guard + ProfitLock,3y,profit_lock,DASH/USDT:USDT,0,0.0,0.0,0.0,0.0,0.0,0:00,0,0,0,0.0,0.0,0.0,100.0,0,0,0.0,0.0,0.0,0.0,0.0
raw_be_guard_profit_lock_3y,Raw + Breakeven + Guard + ProfitLock,3y,profit_lock,UNI/USDT:USDT,0,0.0,0.0,0.0,0.0,0.0,0:00,0,0,0,0.0,0.0,0.0,100.0,0,0,0.0,0.0,0.0,0.0,0.0
raw_be_guard_profit_lock_3y,Raw + Breakeven + Guard + ProfitLock,3y,profit_lock,ARB/USDT:USDT,0,0.0,0.0,0.0,0.0,0.0,0:00,0,0,0,0.0,0.0,0.0,100.0,0,0,0.0,0.0,0.0,0.0,0.0
raw_be_guard_profit_lock_3y,Raw + Breakeven + Guard + ProfitLock,3y,profit_lock,APT/USDT:USDT,0,0.0,0.0,0.0,0.0,0.0,0:00,0,0,0,0.0,0.0,0.0,100.0,0,0,0.0,0.0,0.0,0.0,0.0
raw_be_guard_profit_lock_3y,Raw + Breakeven + Guard + ProfitLock,3y,profit_lock,ICP/USDT:USDT,0,0.0,0.0,0.0,0.0,0.0,0:00,0,0,0,0.0,0.0,0.0,100.0,0,0,0.0,0.0,0.0,0.0,0.0
raw_be_guard_profit_lock_3y,Raw + Breakeven + Guard + ProfitLock,3y,profit_lock,CRV/USDT:USDT,0,0.0,0.0,0.0,0.0,0.0,0:00,0,0,0,0.0,0.0,0.0,100.0,0,0,0.0,0.0,0.0,0.0,0.0
raw_be_guard_profit_lock_3y,Raw + Breakeven + Guard + ProfitLock,3y,profit_lock,DOT/USDT:USDT,2,-0.000856722059467109,-0.09,-0.52100499,-0.00052100499,-0.05,21:45:00,1,0,1,0.5,-0.00017354002914193867,-0.260502495,-0.26334020427341565,-100.0,-0.01246281285548921,-0.918085317230386,-0.3575,0.4733195914531688,0.000989224169999943,0.98922417
raw_be_guard_profit_lock_3y,Raw + Breakeven + Guard + ProfitLock,3y,profit_lock,LTC/USDT:USDT,3,-0.0073067347250004,-0.73,-7.259399,-0.007259399000000001,-0.73,18:33:00,0,0,3,0.0,-0.0024234683003243607,-2.4197996666666666,-1.0,-0.03814026893051442,-0.03814026893051442,-1.7431544867283504,-1.0314,0.0,0.00725939900000003,7.259399
raw_be_guard_profit_lock_3y,Raw + Breakeven + Guard + ProfitLock,3y,profit_lock,LDO/USDT:USDT,2,-0.0107319200156214,-1.07,-7.3532759500000004,-0.007353275950000001,-0.74,3:42:00,0,0,2,0.0,-0.0024548853513532976,-3.6766379750000002,-1.0,-0.03561176487401791,-0.03561176487401791,-1.7431544867283548,-1.0215,0.0,0.007353275950000011,7.3532759500000004
raw_be_guard_profit_lock_3y,Raw + Breakeven + Guard + ProfitLock,3y,profit_lock,APE/USDT:USDT,1,-0.021182368507598973,-2.12,-7.6258203,-0.0076258203,-0.76,0:35:00,0,0,1,0.0,-0.0025461068274509335,-7.6258203,-1.0,-100.0,-100.0,-1.7431544867283608,-100.0,0.0,0.007625820299999987,7.6258203
raw_be_guard_profit_lock_3y,Raw + Breakeven + Guard + ProfitLock,3y,profit_lock,FIL/USDT:USDT,1,-0.021039391108905323,-2.1,-8.42038532,-0.00842038532,-0.84,0:35:00,0,0,1,0.0,-0.002812145715404557,-8.42038532,-1.0,-100.0,-100.0,-1.74315448672835,-100.0,0.0,0.008420385320000036,8.42038532
raw_be_guard_profit_lock_3y,Raw + Breakeven + Guard + ProfitLock,3y,profit_lock,SUI/USDT:USDT,25,-0.001553100371013135,-0.16,-17.786088149999998,-0.017786088149999997,-1.78,8:52:00,13,0,12,0.52,-0.005958771436741173,-0.711443526,-0.09379141644073574,-0.07128499463537617,-0.03259350455443148,-0.5348011482475262,-0.3664,0.8046012157484673,0.057972761392929534,59.30110278000001
raw_be_guard_profit_lock_3y,Raw + Breakeven + Guard + ProfitLock,3y,profit_lock,LINK/USDT:USDT,32,-0.0044273764701182215,-0.44,-32.969036419999995,-0.03296903641999999,-3.3,19:39:00,14,0,18,0.4375,-0.011102630927563695,-1.0302823881250003,-0.15188200795313433,-0.12902932661587763,-0.05851576152078005,-1.0612259067854861,-0.5841,0.72998754141665,0.05415446738641531,55.367441060000004
raw_be_guard_profit_lock_3y,Raw + Breakeven + Guard + ProfitLock,3y,profit_lock,NEAR/USDT:USDT,36,-0.004936169283414899,-0.49,-43.28710499,-0.043287104990000005,-4.33,10:31:00,21,0,15,0.5833333333333334,-0.014629126443669427,-1.202419583055556,-0.16130896323485988,-0.20919410467010427,-0.10327227565069472,-1.5473389426316122,-0.9736,0.6128584882363365,0.0487650825568115,49.01057821999999
raw_be_guard_profit_lock_3y,Raw + Breakeven + Guard + ProfitLock,3y,profit_lock,TOTAL,415,0.004489817760011133,0.45,710.58193739,0.71058193739,71.06,23:49:00,236,0,179,0.5686746987951807,0.19575916922384096,1.71224563226506,0.2752723672333839,3.040088566043554,1.1064061075314975,15.539883190502033,3.1119,1.6382012983343814,0.07970806969170605,83.80658766000002
raw_be_profit_lock_1y,Raw + Breakeven + ProfitLock,1y,profit_lock,ADA/USDT:USDT,14,0.017497550597172878,1.75,67.65328307999998,0.06765328307999997,6.77,20:21:00,11,0,3,0.7857142857142857,0.06765328307999985,4.832377362857144,0.7903206577473574,0.9602187830807174,0.3039089982465958,38.6007686287366,1.4953,4.688163069487668,0.009173741369356439,9.564789730000001
raw_be_profit_lock_1y,Raw + Breakeven + ProfitLock,1y,profit_lock,BNB/USDT:USDT,13,0.016562111442108306,1.66,66.54211946,0.06654211946,6.65,"1 day, 4:37:00",9,0,4,0.6923076923076923,0.06654211946,5.118624573846153,1.1261817481933307,0.789787219153623,0.27707288699090726,40.00323325845897,1.4105,4.660090681628324,0.00870673051855247,9.267629620000001
raw_be_profit_lock_1y,Raw + Breakeven + ProfitLock,1y,profit_lock,ETH/USDT:USDT,15,0.011334041438140607,1.13,60.17668121,0.06017668121,6.02,22:40:00,7,0,8,0.4666666666666667,0.06017668120999997,4.0117787473333335,0.999064121037776,0.862626531947922,0.2460196833022402,25.36583245868451,1.1724,2.87324522694583,0.012417457451357979,13.260179659999999
raw_be_profit_lock_1y,Raw + Breakeven + ProfitLock,1y,profit_lock,TRX/USDT:USDT,13,0.010919930150073245,1.09,53.16054302999999,0.05316054302999999,5.32,"4 days, 18:08:00",6,0,7,0.46153846153846156,0.053160543030000174,4.089272540769231,1.9259741290873107,1.1157588338859032,0.2673955576730202,20.76280798741582,1.3613,4.576809096876434,0.013401607324333618,13.86423885
raw_be_profit_lock_1y,Raw + Breakeven + ProfitLock,1y,profit_lock,TAO/USDT:USDT,11,0.008363731492621972,0.84,19.02882735,0.01902882735,1.9,17:36:00,9,0,2,0.8181818181818182,0.01902882735000011,1.729893395454546,0.24164350931920042,1.8863992551460835,0.19044116398971722,12.958154219329467,1.046,2.3290393012556025,0.007686390580976075,7.68686319
raw_be_profit_lock_1y,Raw + Breakeven + ProfitLock,1y,profit_lock,SOL/USDT:USDT,15,0.0011716906386972934,0.12,16.141022140000004,0.016141022140000003,1.61,13:12:00,7,0,8,0.4666666666666667,0.016141022140000016,1.0760681426666663,0.22279884708694375,0.23590754337014802,0.07238327705514253,3.392219417193459,0.345,1.4177478382880195,0.024905809689999954,24.905809689999998
raw_be_profit_lock_1y,Raw + Breakeven + ProfitLock,1y,profit_lock,ZEC/USDT:USDT,2,0.02865121291863994,2.87,12.72896851,0.012728968509999999,1.27,5:38:00,2,0,0,1.0,0.01272896851000005,6.364484255,100.0,-100.0,0.17221086524216625,-100.0,1.645,0.0,0.0,0.0
raw_be_profit_lock_1y,Raw + Breakeven + ProfitLock,1y,profit_lock,XRP/USDT:USDT,23,0.000874064881202545,0.09,12.07125439,0.01207125439,1.21,22:34:00,13,0,10,0.5652173913043478,0.012071254390000119,0.5248371473913043,0.11128643670033767,0.17928013649522165,0.1081675860202264,4.206497011565811,0.4214,1.255958804410777,0.015020534440000005,15.020534439999999
raw_be_profit_lock_1y,Raw + Breakeven + ProfitLock,1y,profit_lock,BCH/USDT:USDT,1,0.016941876785624737,1.69,6.3111189,0.0063111189,0.63,22:55:00,1,0,0,1.0,0.006311118900000023,6.3111189,100.0,-100.0,-100.0,-100.0,-100.0,0.0,0.0,0.0
raw_be_profit_lock_1y,Raw + Breakeven + ProfitLock,1y,profit_lock,HYPE/USDT:USDT,0,0.0,0.0,0.0,0.0,0.0,0:00,0,0,0,0.0,0.0,0.0,100.0,0,0,0.0,0.0,0.0,0.0,0.0
raw_be_profit_lock_1y,Raw + Breakeven + ProfitLock,1y,profit_lock,AVAX/USDT:USDT,0,0.0,0.0,0.0,0.0,0.0,0:00,0,0,0,0.0,0.0,0.0,100.0,0,0,0.0,0.0,0.0,0.0,0.0
raw_be_profit_lock_1y,Raw + Breakeven + ProfitLock,1y,profit_lock,FIL/USDT:USDT,0,0.0,0.0,0.0,0.0,0.0,0:00,0,0,0,0.0,0.0,0.0,100.0,0,0,0.0,0.0,0.0,0.0,0.0
raw_be_profit_lock_1y,Raw + Breakeven + ProfitLock,1y,profit_lock,AAVE/USDT:USDT,0,0.0,0.0,0.0,0.0,0.0,0:00,0,0,0,0.0,0.0,0.0,100.0,0,0,0.0,0.0,0.0,0.0,0.0
raw_be_profit_lock_1y,Raw + Breakeven + ProfitLock,1y,profit_lock,APE/USDT:USDT,0,0.0,0.0,0.0,0.0,0.0,0:00,0,0,0,0.0,0.0,0.0,100.0,0,0,0.0,0.0,0.0,0.0,0.0
raw_be_profit_lock_1y,Raw + Breakeven + ProfitLock,1y,profit_lock,DOT/USDT:USDT,0,0.0,0.0,0.0,0.0,0.0,0:00,0,0,0,0.0,0.0,0.0,100.0,0,0,0.0,0.0,0.0,0.0,0.0
raw_be_profit_lock_1y,Raw + Breakeven + ProfitLock,1y,profit_lock,ONDO/USDT:USDT,0,0.0,0.0,0.0,0.0,0.0,0:00,0,0,0,0.0,0.0,0.0,100.0,0,0,0.0,0.0,0.0,0.0,0.0
raw_be_profit_lock_1y,Raw + Breakeven + ProfitLock,1y,profit_lock,WLD/USDT:USDT,0,0.0,0.0,0.0,0.0,0.0,0:00,0,0,0,0.0,0.0,0.0,100.0,0,0,0.0,0.0,0.0,0.0,0.0
raw_be_profit_lock_1y,Raw + Breakeven + ProfitLock,1y,profit_lock,DASH/USDT:USDT,0,0.0,0.0,0.0,0.0,0.0,0:00,0,0,0,0.0,0.0,0.0,100.0,0,0,0.0,0.0,0.0,0.0,0.0
raw_be_profit_lock_1y,Raw + Breakeven + ProfitLock,1y,profit_lock,UNI/USDT:USDT,0,0.0,0.0,0.0,0.0,0.0,0:00,0,0,0,0.0,0.0,0.0,100.0,0,0,0.0,0.0,0.0,0.0,0.0
raw_be_profit_lock_1y,Raw + Breakeven + ProfitLock,1y,profit_lock,ARB/USDT:USDT,0,0.0,0.0,0.0,0.0,0.0,0:00,0,0,0,0.0,0.0,0.0,100.0,0,0,0.0,0.0,0.0,0.0,0.0
raw_be_profit_lock_1y,Raw + Breakeven + ProfitLock,1y,profit_lock,APT/USDT:USDT,0,0.0,0.0,0.0,0.0,0.0,0:00,0,0,0,0.0,0.0,0.0,100.0,0,0,0.0,0.0,0.0,0.0,0.0
raw_be_profit_lock_1y,Raw + Breakeven + ProfitLock,1y,profit_lock,ICP/USDT:USDT,0,0.0,0.0,0.0,0.0,0.0,0:00,0,0,0,0.0,0.0,0.0,100.0,0,0,0.0,0.0,0.0,0.0,0.0
raw_be_profit_lock_1y,Raw + Breakeven + ProfitLock,1y,profit_lock,CRV/USDT:USDT,0,0.0,0.0,0.0,0.0,0.0,0:00,0,0,0,0.0,0.0,0.0,100.0,0,0,0.0,0.0,0.0,0.0,0.0
raw_be_profit_lock_1y,Raw + Breakeven + ProfitLock,1y,profit_lock,LDO/USDT:USDT,0,0.0,0.0,0.0,0.0,0.0,0:00,0,0,0,0.0,0.0,0.0,100.0,0,0,0.0,0.0,0.0,0.0,0.0
raw_be_profit_lock_1y,Raw + Breakeven + ProfitLock,1y,profit_lock,LTC/USDT:USDT,1,-2.7868699350397456e-05,-0.0,-0.01033075,-1.033075e-05,-0.0,7:30:00,0,0,1,0.0,-1.0330750000009381e-05,-0.01033075,-1.0,-100.0,-100.0,-5.2342392259122335,-100.0,0.0,1.033074999998007e-05,0.01033075
raw_be_profit_lock_1y,Raw + Breakeven + ProfitLock,1y,profit_lock,DOGE/USDT:USDT,8,0.00030453519007439273,0.03,-4.31515432,-0.00431515432,-0.43,17:32:00,6,0,2,0.75,-0.00431515432000007,-0.5393942899999999,-0.07508950008987625,-0.3771361194485711,-0.05493239304668964,-1.9587092575419838,-0.3471,0.6996419996404951,0.011531343878932442,11.615031639999998
raw_be_profit_lock_1y,Raw + Breakeven + ProfitLock,1y,profit_lock,BTC/USDT:USDT,14,0.0018145848358729053,0.18,-4.91902069,-0.00491902069,-0.49,22:58:00,9,0,5,0.6428571428571429,-0.004919020690000053,-0.35135862071428536,-0.0690413035030496,-0.07816410719653738,-0.05872834688868702,-1.5303728619766996,-0.289,0.8066843501914609,0.01682422087344503,17.016268779999997
raw_be_profit_lock_1y,Raw + Breakeven + ProfitLock,1y,profit_lock,SUI/USDT:USDT,11,-0.005685705067678423,-0.57,-16.781636140000007,-0.016781636140000007,-1.68,12:25:00,6,0,5,0.5454545454545454,-0.016781636140000056,-1.525603285454546,-0.1871311709820319,-2.212105057024198,-0.1400261190752136,-2.889891549904263,-0.7691,0.5883114238395301,0.030395292225313755,30.395917320000002
raw_be_profit_lock_1y,Raw + Breakeven + ProfitLock,1y,profit_lock,LINK/USDT:USDT,11,-0.0069397169812493225,-0.69,-18.50862054,-0.01850862054,-1.85,22:01:00,5,0,6,0.45454545454545453,-0.01850862054000002,-1.6826018672727268,-0.26397745505647063,-0.27582072555890047,-0.1517769890092078,-3.2882689283651967,-0.8336,0.5160413323964705,0.02946186876995196,29.794367979999997
raw_be_profit_lock_1y,Raw + Breakeven + ProfitLock,1y,profit_lock,NEAR/USDT:USDT,16,-0.004551215195815361,-0.46,-19.509681050000005,-0.019509681050000005,-1.95,10:06:00,11,0,5,0.6875,-0.01950968105000006,-1.2193550656249998,-0.18924218088250688,-0.3327172811609249,-0.2459962492140974,-4.019672456118731,-1.1376,0.39442502117597783,0.025404641535233904,25.54517934
raw_be_profit_lock_1y,Raw + Breakeven + ProfitLock,1y,profit_lock,TOTAL,168,0.004715955871267667,0.47,249.76937458,0.24976937458,24.98,"1 day, 2:24:00",102,0,66,0.6071428571428571,0.24976937458000004,1.4867224677380946,0.293191800256843,3.6233757137495215,1.45524805010994,35.59862045804758,2.1386,1.746306400653782,0.036724812395367255,41.03680525
raw_be_guard_profit_lock_1y,Raw + Breakeven + Guard + ProfitLock,1y,profit_lock,ADA/USDT:USDT,13,0.019190298375637693,1.92,69.18589112000001,0.06918589112000001,6.92,21:09:00,11,0,2,0.8461538461538461,0.06918589111999984,5.321991624615385,0.6089797637560197,4.023887829576627,0.29998364398757493,39.181978834580484,1.5272,4.958368464414128,0.009242399591612554,9.63915711
raw_be_guard_profit_lock_1y,Raw + Breakeven + Guard + ProfitLock,1y,profit_lock,ETH/USDT:USDT,14,0.01518800712216436,1.52,68.54303517999999,0.06854303517999999,6.85,23:34:00,7,0,7,0.5,0.06854303518000004,4.895931084285714,1.4341667269262723,1.0245121100749397,0.280030444167904,35.28613167489889,1.3778,3.8683334538525447,0.010167468814859092,10.975975880000007
raw_be_guard_profit_lock_1y,Raw + Breakeven + Guard + ProfitLock,1y,profit_lock,BNB/USDT:USDT,13,0.016562111442165437,1.66,66.54084035999999,0.06654084035999999,6.65,"1 day, 4:37:00",9,0,4,0.6923076923076923,0.06654084035999985,5.118526181538462,1.1156286115473804,0.7815614429906791,0.2765833559879961,39.27514677020644,1.4081,4.625792987528985,0.00886796626820023,9.43925239
raw_be_guard_profit_lock_1y,Raw + Breakeven + Guard + ProfitLock,1y,profit_lock,TRX/USDT:USDT,13,0.010919930152675245,1.09,53.31769133,0.05331769133,5.33,"4 days, 18:08:00",6,0,7,0.46153846153846156,0.05331769132999997,4.101360871538462,1.9184328083326374,1.1102232477994667,0.2676706639185854,20.682510807748745,1.3627,4.56280378690347,0.01349340773894199,13.959208269999998
raw_be_guard_profit_lock_1y,Raw + Breakeven + Guard + ProfitLock,1y,profit_lock,TAO/USDT:USDT,11,0.00836373150254626,0.84,19.199352920000003,0.019199352920000003,1.92,17:36:00,9,0,2,0.8181818181818182,0.01919935292000008,1.74539572,0.24298215872534956,1.99536442577423,0.1911333677038043,13.074277856049473,1.0498,2.336401872989421,0.007686390580976075,7.68686319
raw_be_guard_profit_lock_1y,Raw + Breakeven + Guard + ProfitLock,1y,profit_lock,SOL/USDT:USDT,15,0.001171690633553977,0.12,16.264870240000004,0.016264870240000003,1.63,13:12:00,7,0,8,0.4666666666666667,0.016264870240000118,1.0843246826666668,0.2233883718525176,0.23670509896250091,0.07252725421596438,3.4020706195441277,0.3456,1.4188531972234706,0.02502423710000005,25.0242371
raw_be_guard_profit_lock_1y,Raw + Breakeven + Guard + ProfitLock,1y,profit_lock,ZEC/USDT:USDT,2,0.02865121291983139,2.87,12.82040517,0.01282040517,1.28,5:38:00,2,0,0,1.0,0.012820405170000049,6.410202585,100.0,-100.0,0.17226182473783494,-100.0,1.6455,0.0,0.0,0.0
raw_be_guard_profit_lock_1y,Raw + Breakeven + Guard + ProfitLock,1y,profit_lock,XRP/USDT:USDT,23,0.0008740648837129798,0.09,12.243853960000001,0.01224385396,1.22,22:34:00,13,0,10,0.5652173913043478,0.01224385396000005,0.5323414765217387,0.11241840300171457,0.18114136985687018,0.10917497633465757,4.26664316969864,0.4254,1.2585623269039437,0.015020534440000005,15.020534439999999
raw_be_guard_profit_lock_1y,Raw + Breakeven + Guard + ProfitLock,1y,profit_lock,BCH/USDT:USDT,1,0.016941876785624737,1.69,6.3111189,0.0063111189,0.63,22:55:00,1,0,0,1.0,0.006311118900000023,6.3111189,100.0,-100.0,-100.0,-100.0,-100.0,0.0,0.0,0.0
raw_be_guard_profit_lock_1y,Raw + Breakeven + Guard + ProfitLock,1y,profit_lock,HYPE/USDT:USDT,0,0.0,0.0,0.0,0.0,0.0,0:00,0,0,0,0.0,0.0,0.0,100.0,0,0,0.0,0.0,0.0,0.0,0.0
raw_be_guard_profit_lock_1y,Raw + Breakeven + Guard + ProfitLock,1y,profit_lock,AVAX/USDT:USDT,0,0.0,0.0,0.0,0.0,0.0,0:00,0,0,0,0.0,0.0,0.0,100.0,0,0,0.0,0.0,0.0,0.0,0.0
raw_be_guard_profit_lock_1y,Raw + Breakeven + Guard + ProfitLock,1y,profit_lock,FIL/USDT:USDT,0,0.0,0.0,0.0,0.0,0.0,0:00,0,0,0,0.0,0.0,0.0,100.0,0,0,0.0,0.0,0.0,0.0,0.0
raw_be_guard_profit_lock_1y,Raw + Breakeven + Guard + ProfitLock,1y,profit_lock,AAVE/USDT:USDT,0,0.0,0.0,0.0,0.0,0.0,0:00,0,0,0,0.0,0.0,0.0,100.0,0,0,0.0,0.0,0.0,0.0,0.0
raw_be_guard_profit_lock_1y,Raw + Breakeven + Guard + ProfitLock,1y,profit_lock,APE/USDT:USDT,0,0.0,0.0,0.0,0.0,0.0,0:00,0,0,0,0.0,0.0,0.0,100.0,0,0,0.0,0.0,0.0,0.0,0.0
raw_be_guard_profit_lock_1y,Raw + Breakeven + Guard + ProfitLock,1y,profit_lock,DOT/USDT:USDT,0,0.0,0.0,0.0,0.0,0.0,0:00,0,0,0,0.0,0.0,0.0,100.0,0,0,0.0,0.0,0.0,0.0,0.0
raw_be_guard_profit_lock_1y,Raw + Breakeven + Guard + ProfitLock,1y,profit_lock,ONDO/USDT:USDT,0,0.0,0.0,0.0,0.0,0.0,0:00,0,0,0,0.0,0.0,0.0,100.0,0,0,0.0,0.0,0.0,0.0,0.0
raw_be_guard_profit_lock_1y,Raw + Breakeven + Guard + ProfitLock,1y,profit_lock,WLD/USDT:USDT,0,0.0,0.0,0.0,0.0,0.0,0:00,0,0,0,0.0,0.0,0.0,100.0,0,0,0.0,0.0,0.0,0.0,0.0
raw_be_guard_profit_lock_1y,Raw + Breakeven + Guard + ProfitLock,1y,profit_lock,DASH/USDT:USDT,0,0.0,0.0,0.0,0.0,0.0,0:00,0,0,0,0.0,0.0,0.0,100.0,0,0,0.0,0.0,0.0,0.0,0.0
raw_be_guard_profit_lock_1y,Raw + Breakeven + Guard + ProfitLock,1y,profit_lock,UNI/USDT:USDT,0,0.0,0.0,0.0,0.0,0.0,0:00,0,0,0,0.0,0.0,0.0,100.0,0,0,0.0,0.0,0.0,0.0,0.0
raw_be_guard_profit_lock_1y,Raw + Breakeven + Guard + ProfitLock,1y,profit_lock,ARB/USDT:USDT,0,0.0,0.0,0.0,0.0,0.0,0:00,0,0,0,0.0,0.0,0.0,100.0,0,0,0.0,0.0,0.0,0.0,0.0
raw_be_guard_profit_lock_1y,Raw + Breakeven + Guard + ProfitLock,1y,profit_lock,APT/USDT:USDT,0,0.0,0.0,0.0,0.0,0.0,0:00,0,0,0,0.0,0.0,0.0,100.0,0,0,0.0,0.0,0.0,0.0,0.0
raw_be_guard_profit_lock_1y,Raw + Breakeven + Guard + ProfitLock,1y,profit_lock,ICP/USDT:USDT,0,0.0,0.0,0.0,0.0,0.0,0:00,0,0,0,0.0,0.0,0.0,100.0,0,0,0.0,0.0,0.0,0.0,0.0
raw_be_guard_profit_lock_1y,Raw + Breakeven + Guard + ProfitLock,1y,profit_lock,CRV/USDT:USDT,0,0.0,0.0,0.0,0.0,0.0,0:00,0,0,0,0.0,0.0,0.0,100.0,0,0,0.0,0.0,0.0,0.0,0.0
raw_be_guard_profit_lock_1y,Raw + Breakeven + Guard + ProfitLock,1y,profit_lock,LDO/USDT:USDT,0,0.0,0.0,0.0,0.0,0.0,0:00,0,0,0,0.0,0.0,0.0,100.0,0,0,0.0,0.0,0.0,0.0,0.0
raw_be_guard_profit_lock_1y,Raw + Breakeven + Guard + ProfitLock,1y,profit_lock,LTC/USDT:USDT,1,-2.7868699350397456e-05,-0.0,-0.01033075,-1.033075e-05,-0.0,7:30:00,0,0,1,0.0,-1.0330750000009381e-05,-0.01033075,-1.0,-100.0,-100.0,-5.2342392259122335,-100.0,0.0,1.033074999998007e-05,0.01033075
raw_be_guard_profit_lock_1y,Raw + Breakeven + Guard + ProfitLock,1y,profit_lock,DOGE/USDT:USDT,8,0.0003045351925287619,0.03,-4.349083610000001,-0.004349083610000001,-0.43,17:32:00,6,0,2,0.75,-0.004349083609999971,-0.5436354512499999,-0.07511774968834417,-0.3771763434086709,-0.05495473483483062,-1.9593349221177088,-0.3472,0.6995290012466233,0.011618301583470934,11.70324757
raw_be_guard_profit_lock_1y,Raw + Breakeven + Guard + ProfitLock,1y,profit_lock,BTC/USDT:USDT,14,0.0018145848358729053,0.18,-4.91902069,-0.00491902069,-0.49,22:58:00,9,0,5,0.6428571428571429,-0.004919020690000053,-0.35135862071428536,-0.0690413035030496,-0.07816410719653738,-0.05872834688868702,-1.5303728619766996,-0.289,0.8066843501914609,0.01682422087344503,17.016268779999997
raw_be_guard_profit_lock_1y,Raw + Breakeven + Guard + ProfitLock,1y,profit_lock,SUI/USDT:USDT,11,-0.0056857050730232395,-0.57,-16.772964449999996,-0.016772964449999997,-1.68,12:25:00,6,0,5,0.5454545454545454,-0.016772964449999983,-1.5248149499999992,-0.18649675778687747,-2.2221133056884175,-0.1394590751581603,-2.879793390167635,-0.766,0.5897071328688697,0.03048611360752568,30.48674057
raw_be_guard_profit_lock_1y,Raw + Breakeven + Guard + ProfitLock,1y,profit_lock,LINK/USDT:USDT,11,-0.006939716988067398,-0.69,-18.602673849999995,-0.018602673849999994,-1.86,22:01:00,5,0,6,0.45454545454545453,-0.01860267385000003,-1.6911521681818185,-0.26385356421052464,-0.2751079567644671,-0.15158716498288674,-3.2809701952650294,-0.8326,0.516268465614038,0.029677454953067166,30.01617873
raw_be_guard_profit_lock_1y,Raw + Breakeven + Guard + ProfitLock,1y,profit_lock,NEAR/USDT:USDT,16,-0.004551215198685436,-0.46,-19.760432710000003,-0.019760432710000005,-1.98,10:06:00,11,0,5,0.6875,-0.019760432710000053,-1.235027044375,-0.18983806294052374,-0.3335591751133356,-0.24706866398900093,-4.0311708523775795,-1.1426,0.3925181985903239,0.02565776440620925,25.799702480000004
raw_be_guard_profit_lock_1y,Raw + Breakeven + Guard + ProfitLock,1y,profit_lock,TOTAL,166,0.005056688162654583,0.51,260.01255312,0.26001255312,26.0,"1 day, 2:36:00",102,0,64,0.6144578313253012,0.26001255312000016,1.5663406814457839,0.3065249911729713,3.7540390162135786,1.5059024275039015,42.054042380164226,2.2263,1.7950491958548935,0.0323623563334211,35.80444754000001
raw_be_profit_lock_strong,Raw + Breakeven + ProfitLock,strong_2026_01_01_2026_02_28,profit_lock,BNB/USDT:USDT,2,0.05085707322148828,5.09,23.784493949999998,0.02378449395,2.38,7:28:00,2,0,0,1.0,0.15942709577671388,11.892246974999999,100.0,-100.0,0.6803990186392054,-100.0,1.0328,0.0,0.0,0.0
raw_be_profit_lock_strong,Raw + Breakeven + ProfitLock,strong_2026_01_01_2026_02_28,profit_lock,TAO/USDT:USDT,5,0.019607320945012403,1.96,19.784995209999998,0.01978499521,1.98,11:52:00,5,0,0,1.0,0.1312161865591237,3.9569990419999996,100.0,-100.0,1.9472967331978532,-100.0,2.3647,0.0,0.0,0.0
raw_be_profit_lock_strong,Raw + Breakeven + ProfitLock,strong_2026_01_01_2026_02_28,profit_lock,TRX/USDT:USDT,3,0.018201940495526047,1.82,19.5021653,0.019502165300000002,1.95,"6 days, 23:33:00",2,0,1,0.6666666666666666,0.1292432712806777,6.5007217666666675,7.135783288003271,-100.0,1.1777227301302788,713.6524349335083,1.6855,22.407349864009817,0.0009001492416497508,0.9110032500000003
raw_be_profit_lock_strong,Raw + Breakeven + ProfitLock,strong_2026_01_01_2026_02_28,profit_lock,ADA/USDT:USDT,5,0.013413814824380366,1.34,15.05053238,0.01505053238,1.51,"1 day, 1:07:00",4,0,1,0.8,0.09856949758079381,3.0101064760000007,0.4243091821998204,-100.0,0.8097183314402701,70.07615744413938,0.9833,3.1215459109991017,0.007074569564614776,7.09413466
raw_be_profit_lock_strong,Raw + Breakeven + ProfitLock,strong_2026_01_01_2026_02_28,profit_lock,XRP/USDT:USDT,4,0.007638909651275739,0.76,10.80417561,0.01080417561,1.08,15:04:00,3,0,1,0.75,0.0699662666199039,2.7010439025000004,1.6584307174812798,-100.0,0.9184145086731881,219.3906005872319,1.2073,7.633722869925119,0.001622153904321262,1.62867455
raw_be_profit_lock_strong,Raw + Breakeven + ProfitLock,strong_2026_01_01_2026_02_28,profit_lock,SUI/USDT:USDT,2,0.01777873628521627,1.78,9.18978885,0.00918978885,0.92,14:42:00,2,0,0,1.0,0.0592574836101778,4.594894425,100.0,-100.0,3.3559970278798574,-100.0,5.0942,0.0,0.0,0.0
raw_be_profit_lock_strong,Raw + Breakeven + ProfitLock,strong_2026_01_01_2026_02_28,profit_lock,BTC/USDT:USDT,3,0.019068765221535652,1.91,5.98403076,0.00598403076,0.6,10:17:00,3,0,0,1.0,0.038259650455129135,1.9946769199999999,100.0,-100.0,1.427969702059987,-100.0,2.0436,0.0,0.0,0.0
raw_be_profit_lock_strong,Raw + Breakeven + ProfitLock,strong_2026_01_01_2026_02_28,profit_lock,ZEC/USDT:USDT,1,0.010557211272686256,1.06,2.27808956,0.00227808956,0.23,4:50:00,1,0,0,1.0,0.014422970017369252,2.27808956,100.0,-100.0,-100.0,-100.0,-100.0,0.0,0.0,0.0
raw_be_profit_lock_strong,Raw + Breakeven + ProfitLock,strong_2026_01_01_2026_02_28,profit_lock,HYPE/USDT:USDT,0,0.0,0.0,0.0,0.0,0.0,0:00,0,0,0,0.0,0.0,0.0,100.0,0,0,0.0,0.0,0.0,0.0,0.0
raw_be_profit_lock_strong,Raw + Breakeven + ProfitLock,strong_2026_01_01_2026_02_28,profit_lock,AVAX/USDT:USDT,0,0.0,0.0,0.0,0.0,0.0,0:00,0,0,0,0.0,0.0,0.0,100.0,0,0,0.0,0.0,0.0,0.0,0.0
raw_be_profit_lock_strong,Raw + Breakeven + ProfitLock,strong_2026_01_01_2026_02_28,profit_lock,FIL/USDT:USDT,0,0.0,0.0,0.0,0.0,0.0,0:00,0,0,0,0.0,0.0,0.0,100.0,0,0,0.0,0.0,0.0,0.0,0.0
raw_be_profit_lock_strong,Raw + Breakeven + ProfitLock,strong_2026_01_01_2026_02_28,profit_lock,AAVE/USDT:USDT,0,0.0,0.0,0.0,0.0,0.0,0:00,0,0,0,0.0,0.0,0.0,100.0,0,0,0.0,0.0,0.0,0.0,0.0
raw_be_profit_lock_strong,Raw + Breakeven + ProfitLock,strong_2026_01_01_2026_02_28,profit_lock,APE/USDT:USDT,0,0.0,0.0,0.0,0.0,0.0,0:00,0,0,0,0.0,0.0,0.0,100.0,0,0,0.0,0.0,0.0,0.0,0.0
raw_be_profit_lock_strong,Raw + Breakeven + ProfitLock,strong_2026_01_01_2026_02_28,profit_lock,DOT/USDT:USDT,0,0.0,0.0,0.0,0.0,0.0,0:00,0,0,0,0.0,0.0,0.0,100.0,0,0,0.0,0.0,0.0,0.0,0.0
raw_be_profit_lock_strong,Raw + Breakeven + ProfitLock,strong_2026_01_01_2026_02_28,profit_lock,ONDO/USDT:USDT,0,0.0,0.0,0.0,0.0,0.0,0:00,0,0,0,0.0,0.0,0.0,100.0,0,0,0.0,0.0,0.0,0.0,0.0
raw_be_profit_lock_strong,Raw + Breakeven + ProfitLock,strong_2026_01_01_2026_02_28,profit_lock,WLD/USDT:USDT,0,0.0,0.0,0.0,0.0,0.0,0:00,0,0,0,0.0,0.0,0.0,100.0,0,0,0.0,0.0,0.0,0.0,0.0
raw_be_profit_lock_strong,Raw + Breakeven + ProfitLock,strong_2026_01_01_2026_02_28,profit_lock,DASH/USDT:USDT,0,0.0,0.0,0.0,0.0,0.0,0:00,0,0,0,0.0,0.0,0.0,100.0,0,0,0.0,0.0,0.0,0.0,0.0
raw_be_profit_lock_strong,Raw + Breakeven + ProfitLock,strong_2026_01_01_2026_02_28,profit_lock,BCH/USDT:USDT,0,0.0,0.0,0.0,0.0,0.0,0:00,0,0,0,0.0,0.0,0.0,100.0,0,0,0.0,0.0,0.0,0.0,0.0
raw_be_profit_lock_strong,Raw + Breakeven + ProfitLock,strong_2026_01_01_2026_02_28,profit_lock,LTC/USDT:USDT,0,0.0,0.0,0.0,0.0,0.0,0:00,0,0,0,0.0,0.0,0.0,100.0,0,0,0.0,0.0,0.0,0.0,0.0
raw_be_profit_lock_strong,Raw + Breakeven + ProfitLock,strong_2026_01_01_2026_02_28,profit_lock,UNI/USDT:USDT,0,0.0,0.0,0.0,0.0,0.0,0:00,0,0,0,0.0,0.0,0.0,100.0,0,0,0.0,0.0,0.0,0.0,0.0
raw_be_profit_lock_strong,Raw + Breakeven + ProfitLock,strong_2026_01_01_2026_02_28,profit_lock,ARB/USDT:USDT,0,0.0,0.0,0.0,0.0,0.0,0:00,0,0,0,0.0,0.0,0.0,100.0,0,0,0.0,0.0,0.0,0.0,0.0
raw_be_profit_lock_strong,Raw + Breakeven + ProfitLock,strong_2026_01_01_2026_02_28,profit_lock,APT/USDT:USDT,0,0.0,0.0,0.0,0.0,0.0,0:00,0,0,0,0.0,0.0,0.0,100.0,0,0,0.0,0.0,0.0,0.0,0.0
raw_be_profit_lock_strong,Raw + Breakeven + ProfitLock,strong_2026_01_01_2026_02_28,profit_lock,ICP/USDT:USDT,0,0.0,0.0,0.0,0.0,0.0,0:00,0,0,0,0.0,0.0,0.0,100.0,0,0,0.0,0.0,0.0,0.0,0.0
raw_be_profit_lock_strong,Raw + Breakeven + ProfitLock,strong_2026_01_01_2026_02_28,profit_lock,CRV/USDT:USDT,0,0.0,0.0,0.0,0.0,0.0,0:00,0,0,0,0.0,0.0,0.0,100.0,0,0,0.0,0.0,0.0,0.0,0.0
raw_be_profit_lock_strong,Raw + Breakeven + ProfitLock,strong_2026_01_01_2026_02_28,profit_lock,LDO/USDT:USDT,0,0.0,0.0,0.0,0.0,0.0,0:00,0,0,0,0.0,0.0,0.0,100.0,0,0,0.0,0.0,0.0,0.0,0.0
raw_be_profit_lock_strong,Raw + Breakeven + ProfitLock,strong_2026_01_01_2026_02_28,profit_lock,ETH/USDT:USDT,2,-0.005178319324995543,-0.52,-0.3304800600000002,-0.00033048006000000016,-0.03,11:30:00,1,0,1,0.5,-0.002077927052302253,-0.1652400300000001,-0.02099264141735291,-100.0,-0.014126337099664401,-1.3934076340560269,-0.0214,0.9580147171652941,0.007812418754379838,7.87133104
raw_be_profit_lock_strong,Raw + Breakeven + ProfitLock,strong_2026_01_01_2026_02_28,profit_lock,SOL/USDT:USDT,4,0.006151053377880005,0.62,-0.6210658800000002,-0.0006210658800000001,-0.06,6:42:00,3,0,1,0.75,-0.0039020133148894853,-0.15526647000000016,-0.023633398953288975,-100.0,-0.05422555620011112,-3.1138996760403836,-0.0713,0.9054664041868442,0.006569790079999961,6.56979008
raw_be_profit_lock_strong,Raw + Breakeven + ProfitLock,strong_2026_01_01_2026_02_28,profit_lock,LINK/USDT:USDT,5,0.0024958565807118396,0.25,-0.9909895200000012,-0.0009909895200000012,-0.1,"1 day, 4:27:00",3,0,2,0.6,-0.006220066505573163,-0.19819790400000015,-0.02433592396567552,-1.5716021676341008,-0.04528127882657296,-2.034696370486452,-0.055,0.9391601900858113,0.01604308520313782,16.288504539999998
raw_be_profit_lock_strong,Raw + Breakeven + ProfitLock,strong_2026_01_01_2026_02_28,profit_lock,NEAR/USDT:USDT,4,0.0021701673646356253,0.22,-1.794009270000001,-0.001794009270000001,-0.18,9:40:00,3,0,1,0.75,-0.011236419654260255,-0.44850231750000025,-0.06559582446079437,-100.0,-0.15522985569578923,-8.686391913183511,-0.2041,0.7376167021568224,0.00680305060446131,6.83736078
raw_be_profit_lock_strong,Raw + Breakeven + ProfitLock,strong_2026_01_01_2026_02_28,profit_lock,DOGE/USDT:USDT,2,-0.008231076110560764,-0.82,-4.59287503,-0.0045928750300000005,-0.46,"1 day, 4:55:00",1,0,1,0.5,-0.028554408693928335,-2.296437515,-0.32345744269001786,-100.0,-0.31497092237219076,-21.309123329996527,-0.4781,0.3530851146199642,0.007099658910000016,7.09965891
raw_be_profit_lock_strong,Raw + Breakeven + ProfitLock,strong_2026_01_01_2026_02_28,profit_lock,TOTAL,42,0.011291610473615628,1.13,98.04885186,0.09804885186,9.8,"1 day, 2:35:00",33,0,9,0.7857142857142857,0.8015085278657745,2.3344964728571433,0.3869298547947966,12.384048988919346,5.217259937799806,220.42721167412805,2.4147,2.805672655709051,0.014651960667439994,16.223287319999997
raw_be_profit_lock_pressure,Raw + Breakeven + ProfitLock,pressure_2026_03_01_2026_05_31,profit_lock,ZEC/USDT:USDT,1,0.04674521457387058,4.67,8.4864638,0.0084864638,0.85,6:25:00,1,0,0,1.0,0.03447648710689921,8.4864638,100.0,-100.0,-100.0,-100.0,-100.0,0.0,0.0,0.0
raw_be_profit_lock_pressure,Raw + Breakeven + ProfitLock,pressure_2026_03_01_2026_05_31,profit_lock,XRP/USDT:USDT,7,0.002033587192360842,0.2,6.7182948,0.0067182948,0.67,"1 day, 14:31:00",4,0,3,0.5714285714285714,0.027220787743843067,0.9597563999999998,0.1993360687198873,0.4118707332415814,0.24064102796649386,18.315064609320984,0.4011,1.4651174936797369,0.007701151050000021,7.70115105
raw_be_profit_lock_pressure,Raw + Breakeven + ProfitLock,pressure_2026_03_01_2026_05_31,profit_lock,SUI/USDT:USDT,1,0.015338356988704593,1.53,2.91144341,0.0029114434099999998,0.29,"1 day, 5:15:00",1,0,0,1.0,0.011729053039744697,2.91144341,100.0,-100.0,-100.0,-100.0,-100.0,0.0,0.0,0.0
raw_be_profit_lock_pressure,Raw + Breakeven + ProfitLock,pressure_2026_03_01_2026_05_31,profit_lock,BNB/USDT:USDT,3,0.00021700749395652552,0.02,1.9897420299999995,0.0019897420299999995,0.2,"1 day, 16:45:00",2,0,1,0.6666666666666666,0.00800477227092955,0.663247343333333,0.0858792208954251,-100.0,0.05857104405044691,5.4089677300804535,0.1315,1.2576376626862757,0.007723024689999989,7.72302469
raw_be_profit_lock_pressure,Raw + Breakeven + ProfitLock,pressure_2026_03_01_2026_05_31,profit_lock,NEAR/USDT:USDT,2,0.0007968582416165686,0.08,0.41729205999999996,0.00041729205999999997,0.04,12:15:00,2,0,0,1.0,0.0016748056650985887,0.20864602999999998,100.0,-100.0,1.1364200581140045,-100.0,2.7065,0.0,0.0,0.0
raw_be_profit_lock_pressure,Raw + Breakeven + ProfitLock,pressure_2026_03_01_2026_05_31,profit_lock,TRX/USDT:USDT,1,0.00013114924796754035,0.01,0.04553155,4.553155e-05,0.0,"4 days, 14:00:00",1,0,0,1.0,0.0001826390656778365,0.04553155,100.0,-100.0,-100.0,-100.0,-100.0,0.0,0.0,0.0
raw_be_profit_lock_pressure,Raw + Breakeven + ProfitLock,pressure_2026_03_01_2026_05_31,profit_lock,LINK/USDT:USDT,1,0.00021438427158748243,0.02,0.04287751,4.287751e-05,0.0,"1 day, 11:05:00",1,0,0,1.0,0.00017199232345510573,0.04287751,100.0,-100.0,-100.0,-100.0,-100.0,0.0,0.0,0.0
raw_be_profit_lock_pressure,Raw + Breakeven + ProfitLock,pressure_2026_03_01_2026_05_31,profit_lock,DOGE/USDT:USDT,0,0.0,0.0,0.0,0.0,0.0,0:00,0,0,0,0.0,0.0,0.0,100.0,0,0,0.0,0.0,0.0,0.0,0.0
raw_be_profit_lock_pressure,Raw + Breakeven + ProfitLock,pressure_2026_03_01_2026_05_31,profit_lock,HYPE/USDT:USDT,0,0.0,0.0,0.0,0.0,0.0,0:00,0,0,0,0.0,0.0,0.0,100.0,0,0,0.0,0.0,0.0,0.0,0.0
raw_be_profit_lock_pressure,Raw + Breakeven + ProfitLock,pressure_2026_03_01_2026_05_31,profit_lock,AVAX/USDT:USDT,0,0.0,0.0,0.0,0.0,0.0,0:00,0,0,0,0.0,0.0,0.0,100.0,0,0,0.0,0.0,0.0,0.0,0.0
raw_be_profit_lock_pressure,Raw + Breakeven + ProfitLock,pressure_2026_03_01_2026_05_31,profit_lock,FIL/USDT:USDT,0,0.0,0.0,0.0,0.0,0.0,0:00,0,0,0,0.0,0.0,0.0,100.0,0,0,0.0,0.0,0.0,0.0,0.0
raw_be_profit_lock_pressure,Raw + Breakeven + ProfitLock,pressure_2026_03_01_2026_05_31,profit_lock,AAVE/USDT:USDT,0,0.0,0.0,0.0,0.0,0.0,0:00,0,0,0,0.0,0.0,0.0,100.0,0,0,0.0,0.0,0.0,0.0,0.0
raw_be_profit_lock_pressure,Raw + Breakeven + ProfitLock,pressure_2026_03_01_2026_05_31,profit_lock,APE/USDT:USDT,0,0.0,0.0,0.0,0.0,0.0,0:00,0,0,0,0.0,0.0,0.0,100.0,0,0,0.0,0.0,0.0,0.0,0.0
raw_be_profit_lock_pressure,Raw + Breakeven + ProfitLock,pressure_2026_03_01_2026_05_31,profit_lock,DOT/USDT:USDT,0,0.0,0.0,0.0,0.0,0.0,0:00,0,0,0,0.0,0.0,0.0,100.0,0,0,0.0,0.0,0.0,0.0,0.0
raw_be_profit_lock_pressure,Raw + Breakeven + ProfitLock,pressure_2026_03_01_2026_05_31,profit_lock,ONDO/USDT:USDT,0,0.0,0.0,0.0,0.0,0.0,0:00,0,0,0,0.0,0.0,0.0,100.0,0,0,0.0,0.0,0.0,0.0,0.0
raw_be_profit_lock_pressure,Raw + Breakeven + ProfitLock,pressure_2026_03_01_2026_05_31,profit_lock,WLD/USDT:USDT,0,0.0,0.0,0.0,0.0,0.0,0:00,0,0,0,0.0,0.0,0.0,100.0,0,0,0.0,0.0,0.0,0.0,0.0
raw_be_profit_lock_pressure,Raw + Breakeven + ProfitLock,pressure_2026_03_01_2026_05_31,profit_lock,DASH/USDT:USDT,0,0.0,0.0,0.0,0.0,0.0,0:00,0,0,0,0.0,0.0,0.0,100.0,0,0,0.0,0.0,0.0,0.0,0.0
raw_be_profit_lock_pressure,Raw + Breakeven + ProfitLock,pressure_2026_03_01_2026_05_31,profit_lock,BCH/USDT:USDT,0,0.0,0.0,0.0,0.0,0.0,0:00,0,0,0,0.0,0.0,0.0,100.0,0,0,0.0,0.0,0.0,0.0,0.0
raw_be_profit_lock_pressure,Raw + Breakeven + ProfitLock,pressure_2026_03_01_2026_05_31,profit_lock,LTC/USDT:USDT,0,0.0,0.0,0.0,0.0,0.0,0:00,0,0,0,0.0,0.0,0.0,100.0,0,0,0.0,0.0,0.0,0.0,0.0
raw_be_profit_lock_pressure,Raw + Breakeven + ProfitLock,pressure_2026_03_01_2026_05_31,profit_lock,UNI/USDT:USDT,0,0.0,0.0,0.0,0.0,0.0,0:00,0,0,0,0.0,0.0,0.0,100.0,0,0,0.0,0.0,0.0,0.0,0.0
raw_be_profit_lock_pressure,Raw + Breakeven + ProfitLock,pressure_2026_03_01_2026_05_31,profit_lock,ARB/USDT:USDT,0,0.0,0.0,0.0,0.0,0.0,0:00,0,0,0,0.0,0.0,0.0,100.0,0,0,0.0,0.0,0.0,0.0,0.0
raw_be_profit_lock_pressure,Raw + Breakeven + ProfitLock,pressure_2026_03_01_2026_05_31,profit_lock,APT/USDT:USDT,0,0.0,0.0,0.0,0.0,0.0,0:00,0,0,0,0.0,0.0,0.0,100.0,0,0,0.0,0.0,0.0,0.0,0.0
raw_be_profit_lock_pressure,Raw + Breakeven + ProfitLock,pressure_2026_03_01_2026_05_31,profit_lock,ICP/USDT:USDT,0,0.0,0.0,0.0,0.0,0.0,0:00,0,0,0,0.0,0.0,0.0,100.0,0,0,0.0,0.0,0.0,0.0,0.0
raw_be_profit_lock_pressure,Raw + Breakeven + ProfitLock,pressure_2026_03_01_2026_05_31,profit_lock,CRV/USDT:USDT,0,0.0,0.0,0.0,0.0,0.0,0:00,0,0,0,0.0,0.0,0.0,100.0,0,0,0.0,0.0,0.0,0.0,0.0
raw_be_profit_lock_pressure,Raw + Breakeven + ProfitLock,pressure_2026_03_01_2026_05_31,profit_lock,LDO/USDT:USDT,0,0.0,0.0,0.0,0.0,0.0,0:00,0,0,0,0.0,0.0,0.0,100.0,0,0,0.0,0.0,0.0,0.0,0.0
raw_be_profit_lock_pressure,Raw + Breakeven + ProfitLock,pressure_2026_03_01_2026_05_31,profit_lock,ETH/USDT:USDT,1,-0.0003976130255926407,-0.04,-0.06483995,-6.483994999999999e-05,-0.01,"2 days, 12:00:00",0,0,1,0.0,-0.0002600469407569861,-0.06483995,-1.0,-100.0,-100.0,-20.99447601599271,-100.0,0.0,6.483994999996412e-05,0.06483995
raw_be_profit_lock_pressure,Raw + Breakeven + ProfitLock,pressure_2026_03_01_2026_05_31,profit_lock,TAO/USDT:USDT,1,-0.019683787050854867,-1.97,-5.50542303,-0.0055054230300000005,-0.55,12:00:00,0,0,1,0.0,-0.021899840097620138,-5.50542303,-1.0,-100.0,-100.0,-20.994476015981196,-100.0,0.0,0.0055054230299999745,5.50542303
raw_be_profit_lock_pressure,Raw + Breakeven + ProfitLock,pressure_2026_03_01_2026_05_31,profit_lock,BTC/USDT:USDT,2,-0.00921688477643849,-0.92,-5.76937403,-0.00576937403,-0.58,10:05:00,1,0,1,0.5,-0.022940675742394556,-2.884687015,-0.4502594730422047,-100.0,-0.34390630649206533,-18.917973056639333,-0.819,0.09948105391559064,0.006402640723581639,6.40672143
raw_be_profit_lock_pressure,Raw + Breakeven + ProfitLock,pressure_2026_03_01_2026_05_31,profit_lock,SOL/USDT:USDT,2,-0.019620168164955386,-1.96,-6.67100905,-0.00667100905,-0.67,15:10:00,1,0,1,0.5,-0.026489815172261233,-3.335504525,-0.47583195909669296,-100.0,-0.38116946755003084,-19.98645498379743,-0.9078,0.04833608180661419,0.0070074627849789645,7.00983711
raw_be_profit_lock_pressure,Raw + Breakeven + ProfitLock,pressure_2026_03_01_2026_05_31,profit_lock,ADA/USDT:USDT,2,-0.01104241117039795,-1.1,-7.22887361,-0.0072288736099999995,-0.72,7:12:00,1,0,1,0.5,-0.028680906193579547,-3.614436805,-0.4552102326510544,-100.0,-0.3508472766706871,-19.127395787959,-0.8356,0.08957953469789112,0.007934504796687643,7.94014841
raw_be_profit_lock_pressure,Raw + Breakeven + ProfitLock,pressure_2026_03_01_2026_05_31,profit_lock,TOTAL,24,-0.0008721405794280142,-0.09,-4.627874510000003,-0.004627874510000004,-0.46,"1 day, 6:35:00",15,0,9,0.625,-0.01843342616987631,-0.1928281045833331,-0.035349384129976014,-0.32565634066428883,-0.18456041176623408,-3.658438999750574,-0.1757,0.9057349756533971,0.026557720495487158,26.99190412
raw_be_profit_lock_repair,Raw + Breakeven + ProfitLock,repair_2026_06_01_2026_06_18,profit_lock,XRP/USDT:USDT,2,0.015803313447460325,1.58,5.5392414599999995,0.005539241459999999,0.55,5:05:00,2,0,0,1.0,0.12592237739987322,2.7696207299999998,100.0,-100.0,8.621274580291999,-100.0,3.8357,0.0,0.0,0.0
raw_be_profit_lock_repair,Raw + Breakeven + ProfitLock,repair_2026_06_01_2026_06_18,profit_lock,ETH/USDT:USDT,2,0.011907306688162625,1.19,4.44110515,0.00444110515,0.44,13:52:00,1,0,1,0.5,0.09981504872025626,2.220552575,73.9068936641275,-100.0,2.217638067737348,16685.911024314883,0.9867,148.813787328255,2.9911531045363284e-05,0.03004526999999957
raw_be_profit_lock_repair,Raw + Breakeven + ProfitLock,repair_2026_06_01_2026_06_18,profit_lock,ADA/USDT:USDT,1,0.014456907090297004,1.45,2.56989991,0.0025698999100000003,0.26,13:25:00,1,0,0,1.0,0.05665312532508504,2.56989991,100.0,-100.0,-100.0,-100.0,-100.0,0.0,0.0,0.0
raw_be_profit_lock_repair,Raw + Breakeven + ProfitLock,repair_2026_06_01_2026_06_18,profit_lock,SOL/USDT:USDT,1,0.002048073119048555,0.2,0.43080107,0.00043080107,0.04,15:15:00,1,0,0,1.0,0.00929045139710194,0.43080107,100.0,-100.0,-100.0,-100.0,-100.0,0.0,0.0,0.0
raw_be_profit_lock_repair,Raw + Breakeven + ProfitLock,repair_2026_06_01_2026_06_18,profit_lock,DOGE/USDT:USDT,1,0.00015284999752670725,0.02,0.0339073,3.39073e-05,0.0,"1 day, 9:15:00",1,0,0,1.0,0.0007282623887028272,0.0339073,100.0,-100.0,-100.0,-100.0,-100.0,0.0,0.0,0.0
raw_be_profit_lock_repair,Raw + Breakeven + ProfitLock,repair_2026_06_01_2026_06_18,profit_lock,BNB/USDT:USDT,1,5.388399995039967e-05,0.01,0.00847255,8.47255e-06,0.0,9:35:00,1,0,0,1.0,0.0001819264083366967,0.00847255,100.0,-100.0,-100.0,-100.0,-100.0,0.0,0.0,0.0
raw_be_profit_lock_repair,Raw + Breakeven + ProfitLock,repair_2026_06_01_2026_06_18,profit_lock,ZEC/USDT:USDT,0,0.0,0.0,0.0,0.0,0.0,0:00,0,0,0,0.0,0.0,0.0,100.0,0,0,0.0,0.0,0.0,0.0,0.0
raw_be_profit_lock_repair,Raw + Breakeven + ProfitLock,repair_2026_06_01_2026_06_18,profit_lock,TAO/USDT:USDT,0,0.0,0.0,0.0,0.0,0.0,0:00,0,0,0,0.0,0.0,0.0,100.0,0,0,0.0,0.0,0.0,0.0,0.0
raw_be_profit_lock_repair,Raw + Breakeven + ProfitLock,repair_2026_06_01_2026_06_18,profit_lock,SUI/USDT:USDT,0,0.0,0.0,0.0,0.0,0.0,0:00,0,0,0,0.0,0.0,0.0,100.0,0,0,0.0,0.0,0.0,0.0,0.0
raw_be_profit_lock_repair,Raw + Breakeven + ProfitLock,repair_2026_06_01_2026_06_18,profit_lock,PAXG/USDT:USDT,0,0.0,0.0,0.0,0.0,0.0,0:00,0,0,0,0.0,0.0,0.0,100.0,0,0,0.0,0.0,0.0,0.0,0.0
raw_be_profit_lock_repair,Raw + Breakeven + ProfitLock,repair_2026_06_01_2026_06_18,profit_lock,NEAR/USDT:USDT,0,0.0,0.0,0.0,0.0,0.0,0:00,0,0,0,0.0,0.0,0.0,100.0,0,0,0.0,0.0,0.0,0.0,0.0
raw_be_profit_lock_repair,Raw + Breakeven + ProfitLock,repair_2026_06_01_2026_06_18,profit_lock,LINK/USDT:USDT,2,-0.006741328855998726,-0.67,-3.90546965,-0.00390546965,-0.39,3:28:00,1,0,1,0.5,-0.08058428257311745,-1.952734825,-0.2531288144209738,-100.0,-0.7617691609528763,-57.111049757844185,-0.3389,0.49374237115805253,0.007685119678200777,7.7143917
raw_be_profit_lock_repair,Raw + Breakeven + ProfitLock,repair_2026_06_01_2026_06_18,profit_lock,BTC/USDT:USDT,2,-0.01378728738802215,-1.38,-6.63772506,-0.00663772506,-0.66,4:05:00,1,0,1,0.5,-0.13323809185483804,-3.31886253,-0.4605505568077326,-100.0,-1.9189076271070478,-103.51536509802948,-0.8537,0.07889888638453477,0.007206293599999981,7.2062936
raw_be_profit_lock_repair,Raw + Breakeven + ProfitLock,repair_2026_06_01_2026_06_18,profit_lock,TOTAL,12,0.0025896434991689006,0.26,2.480232729999999,0.002480232729999999,0.25,10:22:00,9,0,3,0.75,0.05462592007186373,0.20668606083333363,0.041473437006764424,0.7943827205121493,0.7428974742485555,18.939362851154517,0.1827,1.1658937480270573,0.014717179287228275,14.9206853
raw_be_guard_profit_lock_strong,Raw + Breakeven + Guard + ProfitLock,strong_2026_01_01_2026_02_28,profit_lock,PAXG/USDT:USDT,1,0.099999608533448,10.0,34.27559112,0.034275591120000004,3.43,"15 days, 23:05:00",1,0,0,1.0,0.2362536749143902,34.27559112,100.0,-100.0,-100.0,-100.0,-100.0,0.0,0.0,0.0
raw_be_guard_profit_lock_strong,Raw + Breakeven + Guard + ProfitLock,strong_2026_01_01_2026_02_28,profit_lock,BNB/USDT:USDT,2,0.05085707322148828,5.09,23.795284,0.023795284,2.38,7:28:00,2,0,0,1.0,0.15950399737037202,11.897642,100.0,-100.0,0.6810267746832771,-100.0,1.0338,0.0,0.0,0.0
raw_be_guard_profit_lock_strong,Raw + Breakeven + Guard + ProfitLock,strong_2026_01_01_2026_02_28,profit_lock,TAO/USDT:USDT,4,0.02402611155798025,2.4,22.803203180000004,0.022803203180000006,2.28,12:58:00,4,0,0,1.0,0.1524512652523602,5.700800795000001,100.0,-100.0,2.5056783137303085,-100.0,3.2939,0.0,0.0,0.0
raw_be_guard_profit_lock_strong,Raw + Breakeven + Guard + ProfitLock,strong_2026_01_01_2026_02_28,profit_lock,ADA/USDT:USDT,5,0.013413814836864985,1.34,15.37828866,0.015378288660000001,1.54,"1 day, 1:07:00",4,0,1,0.8,0.10080372259777692,3.075657732,0.43874159529475154,-100.0,0.8212498102643261,72.45740534225003,0.9973,3.1937079764737577,0.006991070297805649,7.0101804
raw_be_guard_profit_lock_strong,Raw + Breakeven + Guard + ProfitLock,strong_2026_01_01_2026_02_28,profit_lock,XRP/USDT:USDT,3,0.01328177762339842,1.33,12.53896547,0.012538965470000002,1.25,19:40:00,3,0,0,1.0,0.08157507900752403,4.179655156666667,100.0,-100.0,1.2042627952465648,-100.0,1.7234,0.0,0.0,0.0
raw_be_guard_profit_lock_strong,Raw + Breakeven + Guard + ProfitLock,strong_2026_01_01_2026_02_28,profit_lock,DOGE/USDT:USDT,1,0.012937592233725455,1.29,2.52487905,0.00252487905,0.25,"1 day, 7:15:00",1,0,0,1.0,0.015995885501800755,2.52487905,100.0,-100.0,-100.0,-100.0,-100.0,0.0,0.0,0.0
raw_be_guard_profit_lock_strong,Raw + Breakeven + Guard + ProfitLock,strong_2026_01_01_2026_02_28,profit_lock,NEAR/USDT:USDT,4,0.0021701673389100335,0.22,2.10383689,0.0021038368900000003,0.21,9:40:00,3,0,1,0.75,0.013313602804527758,0.5259592225,0.07664355881907703,-100.0,0.14318067480225385,10.188980440797762,0.1882,1.3065742352763077,0.006801422850318376,6.86240606
raw_be_guard_profit_lock_strong,Raw + Breakeven + Guard + ProfitLock,strong_2026_01_01_2026_02_28,profit_lock,BTC/USDT:USDT,1,0.011823238603196066,1.18,1.8070631,0.0018070630999999998,0.18,3:25:00,1,0,0,1.0,0.011426562475240765,1.8070631,100.0,-100.0,-100.0,-100.0,-100.0,0.0,0.0,0.0
raw_be_guard_profit_lock_strong,Raw + Breakeven + Guard + ProfitLock,strong_2026_01_01_2026_02_28,profit_lock,SUI/USDT:USDT,0,0.0,0.0,0.0,0.0,0.0,0:00,0,0,0,0.0,0.0,0.0,100.0,0,0,0.0,0.0,0.0,0.0,0.0
raw_be_guard_profit_lock_strong,Raw + Breakeven + Guard + ProfitLock,strong_2026_01_01_2026_02_28,profit_lock,ETH/USDT:USDT,2,-0.005178319330039814,-0.52,-0.20266903000000003,-0.00020266903000000004,-0.02,11:30:00,1,0,1,0.5,-0.0012747332692255586,-0.10133451500000001,-0.012873872853910617,-100.0,-0.00859181669804567,-0.8546246250234402,-0.013,0.9742522542921788,0.007811427840079016,7.87133104
raw_be_guard_profit_lock_strong,Raw + Breakeven + Guard + ProfitLock,strong_2026_01_01_2026_02_28,profit_lock,SOL/USDT:USDT,3,0.0027074007626937645,0.27,-1.5613811799999993,-0.0015613811799999992,-0.16,8:18:00,2,0,1,0.6666666666666666,-0.009785420426557612,-0.5204603933333332,-0.07760350741067512,-100.0,-0.11742031457190215,-7.66868755516226,-0.168,0.7671894777679747,0.006706660700000043,6.7066607
raw_be_guard_profit_lock_strong,Raw + Breakeven + Guard + ProfitLock,strong_2026_01_01_2026_02_28,profit_lock,LINK/USDT:USDT,3,-0.006001623014990556,-0.6,-6.266912619999999,-0.00626691262,-0.63,14:47:00,1,0,2,0.3333333333333333,-0.03879005280032166,-2.0889708733333325,-0.2559313845243727,-9.552650373228692,-0.2402943914169376,-12.772601486830364,-0.3439,0.6161029232134411,0.01616191118635041,16.324460379999998
raw_be_guard_profit_lock_strong,Raw + Breakeven + Guard + ProfitLock,strong_2026_01_01_2026_02_28,profit_lock,ZEC/USDT:USDT,1,-0.04261419825415998,-4.26,-7.96470283,-0.00796470283,-0.8,9:30:00,0,0,1,0.0,-0.049078126052169324,-7.96470283,-1.0,-100.0,-100.0,-32.939608921625656,-100.0,0.0,0.007964702829999965,7.96470283
raw_be_guard_profit_lock_strong,Raw + Breakeven + Guard + ProfitLock,strong_2026_01_01_2026_02_28,profit_lock,TOTAL,30,0.012510686826143248,1.25,99.23144581,0.09923144581,9.92,"1 day, 2:59:00",23,0,7,0.7666666666666667,0.8137533704844067,3.3077148603333324,0.4390238443213734,53.71593030670792,3.604274374669825,223.45127806649992,1.9642,2.8815307613773147,0.01462799875656166,16.249657959999993
raw_be_guard_profit_lock_pressure,Raw + Breakeven + Guard + ProfitLock,pressure_2026_03_01_2026_05_31,profit_lock,ZEC/USDT:USDT,1,0.04674521457387058,4.67,8.4864638,0.0084864638,0.85,6:25:00,1,0,0,1.0,0.03447648710689921,8.4864638,100.0,-100.0,-100.0,-100.0,-100.0,0.0,0.0,0.0
raw_be_guard_profit_lock_pressure,Raw + Breakeven + Guard + ProfitLock,pressure_2026_03_01_2026_05_31,profit_lock,XRP/USDT:USDT,7,0.0020335871938131985,0.2,6.71790988,0.006717909879999999,0.67,"1 day, 14:31:00",4,0,3,0.5714285714285714,0.027219212392099346,0.9597014114285716,0.1993246478992987,0.4118471353960926,0.2406271322636837,18.314015260508626,0.4011,1.4650908450983637,0.007701151050000021,7.70115105
raw_be_guard_profit_lock_pressure,Raw + Breakeven + Guard + ProfitLock,pressure_2026_03_01_2026_05_31,profit_lock,SUI/USDT:USDT,1,0.015338356988704593,1.53,2.91144341,0.0029114434099999998,0.29,"1 day, 5:15:00",1,0,0,1.0,0.011729053039744697,2.91144341,100.0,-100.0,-100.0,-100.0,-100.0,0.0,0.0,0.0
raw_be_guard_profit_lock_pressure,Raw + Breakeven + Guard + ProfitLock,pressure_2026_03_01_2026_05_31,profit_lock,BNB/USDT:USDT,2,0.0003171062253922337,0.03,1.9865645299999999,0.0019865645299999997,0.2,"2 days, 8:00:00",1,0,1,0.5,0.007991950905727352,0.9932822649999999,0.12861311531039532,-100.0,0.04784925725379501,5.400329929449419,0.114,1.2572262306207906,0.007723024689999989,7.72302469
raw_be_guard_profit_lock_pressure,Raw + Breakeven + Guard + ProfitLock,pressure_2026_03_01_2026_05_31,profit_lock,NEAR/USDT:USDT,2,0.0007968582416165686,0.08,0.41729205999999996,0.00041729205999999997,0.04,12:15:00,2,0,0,1.0,0.0016748056650985887,0.20864602999999998,100.0,-100.0,1.1364200581140045,-100.0,2.7065,0.0,0.0,0.0
raw_be_guard_profit_lock_pressure,Raw + Breakeven + Guard + ProfitLock,pressure_2026_03_01_2026_05_31,profit_lock,DOGE/USDT:USDT,0,0.0,0.0,0.0,0.0,0.0,0:00,0,0,0,0.0,0.0,0.0,100.0,0,0,0.0,0.0,0.0,0.0,0.0
raw_be_guard_profit_lock_pressure,Raw + Breakeven + Guard + ProfitLock,pressure_2026_03_01_2026_05_31,profit_lock,PAXG/USDT:USDT,0,0.0,0.0,0.0,0.0,0.0,0:00,0,0,0,0.0,0.0,0.0,100.0,0,0,0.0,0.0,0.0,0.0,0.0
raw_be_guard_profit_lock_pressure,Raw + Breakeven + Guard + ProfitLock,pressure_2026_03_01_2026_05_31,profit_lock,LINK/USDT:USDT,0,0.0,0.0,0.0,0.0,0.0,0:00,0,0,0,0.0,0.0,0.0,100.0,0,0,0.0,0.0,0.0,0.0,0.0
raw_be_guard_profit_lock_pressure,Raw + Breakeven + Guard + ProfitLock,pressure_2026_03_01_2026_05_31,profit_lock,ETH/USDT:USDT,1,-0.0003976130255926407,-0.04,-0.06483995,-6.483994999999999e-05,-0.01,"2 days, 12:00:00",0,0,1,0.0,-0.0002600469407569861,-0.06483995,-1.0,-100.0,-100.0,-20.99447601599271,-100.0,0.0,6.483994999996412e-05,0.06483995
raw_be_guard_profit_lock_pressure,Raw + Breakeven + Guard + ProfitLock,pressure_2026_03_01_2026_05_31,profit_lock,TAO/USDT:USDT,1,-0.019683787050854867,-1.97,-5.50542303,-0.0055054230300000005,-0.55,12:00:00,0,0,1,0.0,-0.021899840097620138,-5.50542303,-1.0,-100.0,-100.0,-20.994476015981196,-100.0,0.0,0.0055054230299999745,5.50542303
raw_be_guard_profit_lock_pressure,Raw + Breakeven + Guard + ProfitLock,pressure_2026_03_01_2026_05_31,profit_lock,BTC/USDT:USDT,2,-0.00921688477643849,-0.92,-5.76937403,-0.00576937403,-0.58,10:05:00,1,0,1,0.5,-0.022940675742394556,-2.884687015,-0.4502594730422047,-100.0,-0.34390630649206533,-18.917973056639333,-0.819,0.09948105391559064,0.006402640723581639,6.40672143
raw_be_guard_profit_lock_pressure,Raw + Breakeven + Guard + ProfitLock,pressure_2026_03_01_2026_05_31,profit_lock,SOL/USDT:USDT,2,-0.019620168164955386,-1.96,-6.67100905,-0.00667100905,-0.67,15:10:00,1,0,1,0.5,-0.026489815172261233,-3.335504525,-0.47583195909669296,-100.0,-0.38116946755003084,-19.98645498379743,-0.9078,0.04833608180661419,0.0070074627849789645,7.00983711
raw_be_guard_profit_lock_pressure,Raw + Breakeven + Guard + ProfitLock,pressure_2026_03_01_2026_05_31,profit_lock,ADA/USDT:USDT,2,-0.01104241117039795,-1.1,-7.22887361,-0.0072288736099999995,-0.72,7:12:00,1,0,1,0.5,-0.028680906193579547,-3.614436805,-0.4552102326510544,-100.0,-0.3508472766706871,-19.127395787959,-0.8356,0.08957953469789112,0.007934504796687643,7.94014841
raw_be_guard_profit_lock_pressure,Raw + Breakeven + Guard + ProfitLock,pressure_2026_03_01_2026_05_31,profit_lock,TOTAL,21,-0.0010139865450831426,-0.1,-4.719845990000002,-0.004719845990000002,-0.47,"1 day, 3:33:00",12,0,9,0.5714285714285714,-0.018797155664977194,-0.22475457095238083,-0.041202166461840384,-0.33212823085006626,-0.1760942901457367,-3.7246910082050015,-0.1786,0.903861611589039,0.02660373524082828,27.03743567
raw_be_guard_profit_lock_repair,Raw + Breakeven + Guard + ProfitLock,repair_2026_06_01_2026_06_18,profit_lock,XRP/USDT:USDT,2,0.015803313447460325,1.58,5.5392414599999995,0.005539241459999999,0.55,5:05:00,2,0,0,1.0,0.12592237739987322,2.7696207299999998,100.0,-100.0,8.621274580291999,-100.0,3.8357,0.0,0.0,0.0
raw_be_guard_profit_lock_repair,Raw + Breakeven + Guard + ProfitLock,repair_2026_06_01_2026_06_18,profit_lock,ETH/USDT:USDT,2,0.011907306688162625,1.19,4.44110515,0.00444110515,0.44,13:52:00,1,0,1,0.5,0.09981504872025626,2.220552575,73.9068936641275,-100.0,2.217638067737348,16685.911024314883,0.9867,148.813787328255,2.9911531045363284e-05,0.03004526999999957
raw_be_guard_profit_lock_repair,Raw + Breakeven + Guard + ProfitLock,repair_2026_06_01_2026_06_18,profit_lock,ADA/USDT:USDT,1,0.014456907090297004,1.45,2.56989991,0.0025698999100000003,0.26,13:25:00,1,0,0,1.0,0.05665312532508504,2.56989991,100.0,-100.0,-100.0,-100.0,-100.0,0.0,0.0,0.0
raw_be_guard_profit_lock_repair,Raw + Breakeven + Guard + ProfitLock,repair_2026_06_01_2026_06_18,profit_lock,SOL/USDT:USDT,1,0.002048073119048555,0.2,0.43080107,0.00043080107,0.04,15:15:00,1,0,0,1.0,0.00929045139710194,0.43080107,100.0,-100.0,-100.0,-100.0,-100.0,0.0,0.0,0.0
raw_be_guard_profit_lock_repair,Raw + Breakeven + Guard + ProfitLock,repair_2026_06_01_2026_06_18,profit_lock,DOGE/USDT:USDT,1,0.00015284999752670725,0.02,0.0339073,3.39073e-05,0.0,"1 day, 9:15:00",1,0,0,1.0,0.0007282623887028272,0.0339073,100.0,-100.0,-100.0,-100.0,-100.0,0.0,0.0,0.0
raw_be_guard_profit_lock_repair,Raw + Breakeven + Guard + ProfitLock,repair_2026_06_01_2026_06_18,profit_lock,BNB/USDT:USDT,1,5.388399995039967e-05,0.01,0.00847255,8.47255e-06,0.0,9:35:00,1,0,0,1.0,0.0001819264083366967,0.00847255,100.0,-100.0,-100.0,-100.0,-100.0,0.0,0.0,0.0
raw_be_guard_profit_lock_repair,Raw + Breakeven + Guard + ProfitLock,repair_2026_06_01_2026_06_18,profit_lock,ZEC/USDT:USDT,0,0.0,0.0,0.0,0.0,0.0,0:00,0,0,0,0.0,0.0,0.0,100.0,0,0,0.0,0.0,0.0,0.0,0.0
raw_be_guard_profit_lock_repair,Raw + Breakeven + Guard + ProfitLock,repair_2026_06_01_2026_06_18,profit_lock,TAO/USDT:USDT,0,0.0,0.0,0.0,0.0,0.0,0:00,0,0,0,0.0,0.0,0.0,100.0,0,0,0.0,0.0,0.0,0.0,0.0
raw_be_guard_profit_lock_repair,Raw + Breakeven + Guard + ProfitLock,repair_2026_06_01_2026_06_18,profit_lock,SUI/USDT:USDT,0,0.0,0.0,0.0,0.0,0.0,0:00,0,0,0,0.0,0.0,0.0,100.0,0,0,0.0,0.0,0.0,0.0,0.0
raw_be_guard_profit_lock_repair,Raw + Breakeven + Guard + ProfitLock,repair_2026_06_01_2026_06_18,profit_lock,PAXG/USDT:USDT,0,0.0,0.0,0.0,0.0,0.0,0:00,0,0,0,0.0,0.0,0.0,100.0,0,0,0.0,0.0,0.0,0.0,0.0
raw_be_guard_profit_lock_repair,Raw + Breakeven + Guard + ProfitLock,repair_2026_06_01_2026_06_18,profit_lock,NEAR/USDT:USDT,0,0.0,0.0,0.0,0.0,0.0,0:00,0,0,0,0.0,0.0,0.0,100.0,0,0,0.0,0.0,0.0,0.0,0.0
raw_be_guard_profit_lock_repair,Raw + Breakeven + Guard + ProfitLock,repair_2026_06_01_2026_06_18,profit_lock,LINK/USDT:USDT,2,-0.006741328855998726,-0.67,-3.90546965,-0.00390546965,-0.39,3:28:00,1,0,1,0.5,-0.08058428257311745,-1.952734825,-0.2531288144209738,-100.0,-0.7617691609528763,-57.111049757844185,-0.3389,0.49374237115805253,0.007685119678200777,7.7143917
raw_be_guard_profit_lock_repair,Raw + Breakeven + Guard + ProfitLock,repair_2026_06_01_2026_06_18,profit_lock,BTC/USDT:USDT,2,-0.01378728738802215,-1.38,-6.63772506,-0.00663772506,-0.66,4:05:00,1,0,1,0.5,-0.13323809185483804,-3.31886253,-0.4605505568077326,-100.0,-1.9189076271070478,-103.51536509802948,-0.8537,0.07889888638453477,0.007206293599999981,7.2062936
raw_be_guard_profit_lock_repair,Raw + Breakeven + Guard + ProfitLock,repair_2026_06_01_2026_06_18,profit_lock,TOTAL,12,0.0025896434991689006,0.26,2.480232729999999,0.002480232729999999,0.25,10:22:00,9,0,3,0.75,0.05462592007186373,0.20668606083333363,0.041473437006764424,0.7943827205121493,0.7428974742485555,18.939362851154517,0.1827,1.1658937480270573,0.014717179287228275,14.9206853
