enter_tag,rule,terms,blocked_share,bad_capture,loser_capture,winner_kill,quality_score,sample_size
short_compression_breakdown,atr_percentile_1h >= 0.25 AND compression_width >= 0.02,2,0.5308641975308642,0.5692307692307692,0.5660377358490566,0.4642857142857143,0.19780219780219777,81
short_compression_breakdown,prev_6h_return <= -0.008 AND pullback_depth >= 0.02,2,0.4444444444444444,0.5076923076923077,0.4716981132075472,0.39285714285714285,0.19340659340659339,81
short_compression_breakdown,prev_3h_return <= -0.004 AND atr_percentile_1h >= 0.3,2,0.37037037037037035,0.4153846153846154,0.41509433962264153,0.2857142857142857,0.18681318681318684,81
short_compression_breakdown,prev_6h_return <= -0.008 AND atr_percentile_1h >= 0.3,2,0.2839506172839506,0.35384615384615387,0.32075471698113206,0.21428571428571427,0.18241758241758244,81
short_compression_breakdown,prev_6h_return <= -0.008,1,0.4567901234567901,0.5230769230769231,0.4716981132075472,0.42857142857142855,0.18021978021978025,81
short_compression_breakdown,prev_3h_return <= -0.01,1,0.2222222222222222,0.23076923076923078,0.3018867924528302,0.07142857142857142,0.17362637362637365,81
short_compression_breakdown,prev_3h_return <= -0.01 AND compression_width >= 0.02,2,0.20987654320987653,0.23076923076923078,0.2830188679245283,0.07142857142857142,0.17362637362637365,81
short_compression_breakdown,prev_3h_return <= -0.01 AND pullback_depth >= 0.02,2,0.2222222222222222,0.23076923076923078,0.3018867924528302,0.07142857142857142,0.17362637362637365,81
short_compression_breakdown,prev_3h_return <= -0.008 AND atr_percentile_1h >= 0.3,2,0.20987654320987653,0.23076923076923078,0.2830188679245283,0.07142857142857142,0.17362637362637365,81
short_compression_breakdown,prev_3h_return <= -0.004 AND atr_percentile_1h >= 0.25,2,0.3950617283950617,0.4307692307692308,0.4339622641509434,0.32142857142857145,0.17362637362637362,81
short_compression_breakdown,prev_3h_return <= -0.01 AND atr_percentile_1h >= 0.25,2,0.19753086419753085,0.2,0.2830188679245283,0.03571428571428571,0.17142857142857143,81
short_compression_breakdown,prev_6h_return <= -0.008 AND atr_percentile_1h >= 0.25,2,0.30864197530864196,0.36923076923076925,0.33962264150943394,0.25,0.16923076923076924,81
short_compression_breakdown,prev_6h_return <= -0.01 AND atr_percentile_1h >= 0.3,2,0.24691358024691357,0.3076923076923077,0.2830188679245283,0.17857142857142858,0.16483516483516483,81
short_compression_breakdown,atr_percentile_1h >= 0.3 AND pullback_depth >= 0.02,2,0.49382716049382713,0.5076923076923077,0.5283018867924528,0.42857142857142855,0.1648351648351648,81
short_compression_breakdown,prev_6h_return <= -0.008 AND compression_width >= 0.02,2,0.41975308641975306,0.47692307692307695,0.4339622641509434,0.39285714285714285,0.16263736263736267,81
short_compression_breakdown,prev_3h_return <= -0.006 AND atr_percentile_1h >= 0.3,2,0.25925925925925924,0.27692307692307694,0.32075471698113206,0.14285714285714285,0.16263736263736267,81
short_compression_breakdown,prev_3h_return <= -0.008 AND atr_percentile_1h >= 0.25,2,0.2345679012345679,0.24615384615384617,0.3018867924528302,0.10714285714285714,0.16043956043956045,81
short_compression_breakdown,prev_6h_return <= -0.01 AND pullback_depth >= 0.02,2,0.3950617283950617,0.4461538461538462,0.41509433962264153,0.35714285714285715,0.16043956043956042,81
short_compression_breakdown,prev_3h_return <= -0.008 AND atr_percentile_1h >= 0.35,2,0.19753086419753085,0.2153846153846154,0.2641509433962264,0.07142857142857142,0.15824175824175826,81
short_compression_breakdown,prev_3h_return <= -0.004 AND pullback_depth >= 0.02,2,0.5185185185185185,0.5538461538461539,0.5283018867924528,0.5,0.15384615384615385,81
short_compression_breakdown,compression_width >= 0.02 AND pullback_depth >= 0.025,2,0.5308641975308642,0.5538461538461539,0.5471698113207547,0.5,0.15384615384615385,81
short_compression_breakdown,prev_3h_return <= -0.008,1,0.345679012345679,0.35384615384615387,0.39622641509433965,0.25,0.15384615384615385,81
short_compression_breakdown,prev_3h_return <= -0.004 AND atr_percentile_1h >= 0.35,2,0.32098765432098764,0.35384615384615387,0.3584905660377358,0.25,0.15384615384615385,81
short_compression_breakdown,prev_3h_return <= -0.004 AND compression_width >= 0.02,2,0.48148148148148145,0.5230769230769231,0.49056603773584906,0.4642857142857143,0.15164835164835166,81
short_compression_breakdown,prev_6h_return <= -0.01 AND atr_percentile_1h >= 0.25,2,0.2716049382716049,0.3230769230769231,0.3018867924528302,0.21428571428571427,0.15164835164835166,81
short_compression_breakdown,atr_percentile_1h >= 0.3 AND compression_width >= 0.02,2,0.4567901234567901,0.49230769230769234,0.4716981132075472,0.42857142857142855,0.14945054945054947,81
short_compression_breakdown,prev_3h_return <= -0.006 AND atr_percentile_1h >= 0.25,2,0.2839506172839506,0.2923076923076923,0.33962264150943394,0.17857142857142858,0.14945054945054945,81
short_compression_breakdown,prev_3h_return <= -0.004 AND atr_percentile_1h >= 0.4,2,0.2716049382716049,0.2923076923076923,0.32075471698113206,0.17857142857142858,0.14945054945054945,81
short_compression_breakdown,prev_6h_return <= -0.01,1,0.4074074074074074,0.46153846153846156,0.41509433962264153,0.39285714285714285,0.14725274725274728,81
short_compression_breakdown,prev_3h_return <= -0.006,1,0.41975308641975306,0.4307692307692308,0.4528301886792453,0.35714285714285715,0.14505494505494504,81
short_compression_breakdown,close_not_low_enough == True,1,0.19753086419753085,0.2,0.2641509433962264,0.07142857142857142,0.14285714285714288,81
short_compression_breakdown,prev_3h_return <= -0.008 AND atr_percentile_1h >= 0.4,2,0.18518518518518517,0.2,0.24528301886792453,0.07142857142857142,0.14285714285714288,81
short_compression_breakdown,prev_3h_return <= -0.006 AND pullback_depth >= 0.02,2,0.3950617283950617,0.4,0.4339622641509434,0.32142857142857145,0.14285714285714285,81
short_compression_breakdown,prev_3h_return <= -0.008 AND compression_width >= 0.02,2,0.32098765432098764,0.3384615384615385,0.3584905660377358,0.25,0.13846153846153847,81
short_compression_breakdown,prev_3h_return <= -0.008 AND pullback_depth >= 0.02,2,0.3333333333333333,0.3384615384615385,0.37735849056603776,0.25,0.13846153846153847,81
short_compression_breakdown,prev_6h_return <= -0.008 AND atr_percentile_1h >= 0.35,2,0.24691358024691357,0.3076923076923077,0.2641509433962264,0.21428571428571427,0.13626373626373628,81
short_compression_breakdown,compression_width >= 0.0225 AND pullback_depth >= 0.025,2,0.49382716049382713,0.5076923076923077,0.5094339622641509,0.4642857142857143,0.13626373626373622,81
short_compression_breakdown,compression_width >= 0.025,1,0.4567901234567901,0.47692307692307695,0.4716981132075472,0.42857142857142855,0.1340659340659341,81
short_compression_breakdown,compression_width >= 0.025 AND pullback_depth >= 0.02,2,0.4567901234567901,0.47692307692307695,0.4716981132075472,0.42857142857142855,0.1340659340659341,81
short_compression_breakdown,compression_width >= 0.025 AND pullback_depth >= 0.0225,2,0.4567901234567901,0.47692307692307695,0.4716981132075472,0.42857142857142855,0.1340659340659341,81
short_compression_breakdown,compression_width >= 0.025 AND pullback_depth >= 0.025,2,0.4567901234567901,0.47692307692307695,0.4716981132075472,0.42857142857142855,0.1340659340659341,81
short_compression_breakdown,prev_3h_return <= -0.004 AND atr_percentile_1h >= 0.45,2,0.2345679012345679,0.27692307692307694,0.2641509433962264,0.17857142857142858,0.13406593406593406,81
short_compression_breakdown,atr_percentile_1h >= 0.35 AND pullback_depth >= 0.02,2,0.4444444444444444,0.4461538461538462,0.4716981132075472,0.39285714285714285,0.1318681318681319,81
short_compression_breakdown,prev_3h_return <= -0.006 AND atr_percentile_1h >= 0.35,2,0.2345679012345679,0.24615384615384617,0.2830188679245283,0.14285714285714285,0.1318681318681319,81
short_compression_breakdown,prev_6h_return <= -0.008 AND atr_percentile_1h >= 0.4,2,0.19753086419753085,0.24615384615384617,0.22641509433962265,0.14285714285714285,0.1318681318681319,81
short_compression_breakdown,prev_3h_return <= -0.006 AND atr_percentile_1h >= 0.4,2,0.20987654320987653,0.2153846153846154,0.2641509433962264,0.10714285714285714,0.12967032967032968,81
short_compression_breakdown,prev_6h_return <= -0.01 AND compression_width >= 0.02,2,0.37037037037037035,0.4153846153846154,0.37735849056603776,0.35714285714285715,0.12967032967032965,81
short_compression_breakdown,atr_percentile_1h >= 0.25 AND pullback_depth >= 0.025,2,0.4074074074074074,0.4153846153846154,0.4339622641509434,0.35714285714285715,0.12967032967032965,81
short_compression_breakdown,prev_3h_return <= -0.006 AND compression_width >= 0.02,2,0.37037037037037035,0.38461538461538464,0.39622641509433965,0.32142857142857145,0.12747252747252746,81
short_compression_breakdown,atr_percentile_1h >= 0.4 AND pullback_depth >= 0.02,2,0.38271604938271603,0.38461538461538464,0.41509433962264153,0.32142857142857145,0.12747252747252746,81
short_compression_breakdown,prev_3h_return <= -0.006 AND pullback_depth >= 0.0225,2,0.3333333333333333,0.35384615384615387,0.3584905660377358,0.2857142857142857,0.1252747252747253,81
short_compression_breakdown,atr_percentile_1h >= 0.45 AND pullback_depth >= 0.02,2,0.3333333333333333,0.35384615384615387,0.3584905660377358,0.2857142857142857,0.1252747252747253,81
short_compression_breakdown,prev_3h_return <= -0.004 AND pullback_depth >= 0.0225,2,0.4444444444444444,0.49230769230769234,0.4339622641509434,0.4642857142857143,0.1208791208791209,81
short_compression_breakdown,prev_3h_return <= -0.008 AND pullback_depth >= 0.0225,2,0.2716049382716049,0.2923076923076923,0.3018867924528302,0.21428571428571427,0.1208791208791209,81
short_compression_breakdown,prev_3h_return <= -0.006 AND pullback_depth >= 0.025,2,0.2839506172839506,0.2923076923076923,0.32075471698113206,0.21428571428571427,0.1208791208791209,81
short_compression_breakdown,atr_percentile_1h >= 0.35 AND compression_width >= 0.02,2,0.43209876543209874,0.46153846153846156,0.4339622641509434,0.42857142857142855,0.1186813186813187,81
short_compression_breakdown,prev_3h_return <= -0.008 AND prev_6h_return <= -0.008,2,0.2345679012345679,0.26153846153846155,0.2641509433962264,0.17857142857142858,0.11868131868131868,81
short_compression_breakdown,prev_6h_return <= -0.01 AND atr_percentile_1h >= 0.35,2,0.20987654320987653,0.26153846153846155,0.22641509433962265,0.17857142857142858,0.11868131868131868,81
short_compression_breakdown,prev_3h_return <= -0.008 AND pullback_depth >= 0.025,2,0.2222222222222222,0.23076923076923078,0.2641509433962264,0.14285714285714285,0.1164835164835165,81
short_compression_breakdown,prev_6h_return <= -0.008 AND atr_percentile_1h >= 0.45,2,0.18518518518518517,0.23076923076923078,0.20754716981132076,0.14285714285714285,0.1164835164835165,81
short_compression_breakdown,prev_3h_return <= -0.006 AND atr_percentile_1h >= 0.45,2,0.1728395061728395,0.2,0.20754716981132076,0.10714285714285714,0.1142857142857143,81
short_compression_breakdown,atr_percentile_1h >= 0.4 AND compression_width >= 0.02,2,0.38271604938271603,0.4,0.39622641509433965,0.35714285714285715,0.11428571428571427,81
short_compression_breakdown,atr_percentile_1h >= 0.3 AND pullback_depth >= 0.025,2,0.35802469135802467,0.36923076923076925,0.37735849056603776,0.32142857142857145,0.11208791208791208,81
short_compression_breakdown,atr_percentile_1h >= 0.45 AND compression_width >= 0.02,2,0.345679012345679,0.36923076923076925,0.3584905660377358,0.32142857142857145,0.11208791208791208,81
short_compression_breakdown,prev_3h_return <= -0.006 AND prev_6h_return <= -0.008,2,0.2962962962962963,0.3384615384615385,0.3018867924528302,0.2857142857142857,0.10989010989010992,81
short_compression_breakdown,atr_percentile_1h >= 0.25 AND compression_width >= 0.025,2,0.32098765432098764,0.3384615384615385,0.33962264150943394,0.2857142857142857,0.10989010989010992,81
short_compression_breakdown,atr_percentile_1h >= 0.25 AND pullback_depth >= 0.0225,2,0.4691358024691358,0.47692307692307695,0.4716981132075472,0.4642857142857143,0.10549450549450551,81
short_compression_breakdown,prev_3h_return <= -0.008 AND compression_width >= 0.0225,2,0.25925925925925924,0.27692307692307694,0.2830188679245283,0.21428571428571427,0.10549450549450551,81
short_compression_breakdown,prev_3h_return <= -0.004 AND prev_6h_return <= -0.008,2,0.35802469135802467,0.4153846153846154,0.33962264150943394,0.39285714285714285,0.10109890109890113,81
short_compression_breakdown,prev_3h_return <= -0.004 AND compression_width >= 0.0225,2,0.38271604938271603,0.4153846153846154,0.37735849056603776,0.39285714285714285,0.10109890109890113,81
short_compression_breakdown,prev_3h_return <= -0.004 AND pullback_depth >= 0.025,2,0.38271604938271603,0.4153846153846154,0.37735849056603776,0.39285714285714285,0.10109890109890113,81
short_compression_breakdown,prev_6h_return <= -0.008 AND pullback_depth >= 0.0225,2,0.37037037037037035,0.4153846153846154,0.3584905660377358,0.39285714285714285,0.10109890109890113,81
short_compression_breakdown,prev_3h_return <= -0.008 AND compression_width >= 0.025,2,0.20987654320987653,0.2153846153846154,0.24528301886792453,0.14285714285714285,0.10109890109890111,81
short_compression_breakdown,prev_6h_return <= -0.012 AND atr_percentile_1h >= 0.3,2,0.1728395061728395,0.2153846153846154,0.18867924528301888,0.14285714285714285,0.10109890109890111,81
short_compression_breakdown,prev_6h_return <= -0.01 AND atr_percentile_1h >= 0.4,2,0.1728395061728395,0.2153846153846154,0.18867924528301888,0.14285714285714285,0.10109890109890111,81
short_compression_breakdown,prev_3h_return <= -0.006 AND compression_width >= 0.0225,2,0.30864197530864196,0.3230769230769231,0.32075471698113206,0.2857142857142857,0.09450549450549453,81
short_compression_breakdown,atr_percentile_1h >= 0.35,1,0.5308641975308642,0.5230769230769231,0.5283018867924528,0.5357142857142857,0.0945054945054945,81
short_compression_breakdown,atr_percentile_1h >= 0.3 AND compression_width >= 0.025,2,0.2716049382716049,0.2923076923076923,0.2830188679245283,0.25,0.09230769230769231,81
short_compression_breakdown,prev_3h_return <= -0.006 AND compression_width >= 0.025,2,0.25925925925925924,0.26153846153846155,0.2830188679245283,0.21428571428571427,0.09010989010989012,81
short_compression_breakdown,atr_percentile_1h >= 0.4 AND pullback_depth >= 0.025,2,0.25925925925925924,0.26153846153846155,0.2830188679245283,0.21428571428571427,0.09010989010989012,81
short_compression_breakdown,prev_3h_return <= -0.008 AND prev_6h_return <= -0.01,2,0.20987654320987653,0.23076923076923078,0.22641509433962265,0.17857142857142858,0.0879120879120879,81
short_compression_breakdown,atr_percentile_1h >= 0.4 AND compression_width >= 0.025,2,0.2222222222222222,0.23076923076923078,0.24528301886792453,0.17857142857142858,0.0879120879120879,81
short_compression_breakdown,atr_percentile_1h >= 0.45 AND pullback_depth >= 0.025,2,0.2222222222222222,0.23076923076923078,0.24528301886792453,0.17857142857142858,0.0879120879120879,81
short_compression_breakdown,prev_6h_return <= -0.012 AND atr_percentile_1h >= 0.35,2,0.16049382716049382,0.2,0.16981132075471697,0.14285714285714285,0.08571428571428573,81
short_compression_breakdown,prev_6h_return <= -0.01 AND atr_percentile_1h >= 0.45,2,0.16049382716049382,0.2,0.16981132075471697,0.14285714285714285,0.08571428571428573,81
short_compression_breakdown,atr_percentile_1h >= 0.45 AND compression_width >= 0.025,2,0.18518518518518517,0.2,0.20754716981132076,0.14285714285714285,0.08571428571428573,81
short_compression_breakdown,prev_6h_return <= -0.008 AND pullback_depth >= 0.025,2,0.3333333333333333,0.36923076923076925,0.32075471698113206,0.35714285714285715,0.0835164835164835,81
short_compression_breakdown,atr_percentile_1h >= 0.35 AND pullback_depth >= 0.025,2,0.30864197530864196,0.3076923076923077,0.32075471698113206,0.2857142857142857,0.07912087912087915,81
short_compression_breakdown,atr_percentile_1h >= 0.35 AND compression_width >= 0.025,2,0.25925925925925924,0.27692307692307694,0.2641509433962264,0.25,0.07692307692307693,81
short_compression_breakdown,atr_percentile_1h >= 0.4,1,0.4567901234567901,0.4461538461538462,0.4528301886792453,0.4642857142857143,0.07472527472527474,81
short_compression_breakdown,atr_percentile_1h >= 0.25 AND compression_width >= 0.0275,2,0.2222222222222222,0.24615384615384617,0.22641509433962265,0.21428571428571427,0.07472527472527474,81
short_compression_breakdown,atr_percentile_1h >= 0.45,1,0.4074074074074074,0.4153846153846154,0.39622641509433965,0.42857142857142855,0.07252747252747255,81
short_compression_breakdown,atr_percentile_1h >= 0.25 AND compression_width >= 0.0225,2,0.4074074074074074,0.4153846153846154,0.39622641509433965,0.42857142857142855,0.07252747252747255,81
short_compression_breakdown,atr_percentile_1h >= 0.3 AND pullback_depth >= 0.0225,2,0.4074074074074074,0.4153846153846154,0.39622641509433965,0.42857142857142855,0.07252747252747255,81
short_compression_breakdown,prev_6h_return <= -0.012 AND atr_percentile_1h >= 0.25,2,0.18518518518518517,0.2153846153846154,0.18867924528301888,0.17857142857142858,0.07252747252747252,81
short_compression_breakdown,prev_6h_return <= -0.008 AND compression_width >= 0.0225,2,0.345679012345679,0.38461538461538464,0.32075471698113206,0.39285714285714285,0.07032967032967036,81
short_compression_breakdown,prev_3h_return <= -0.004 AND prev_6h_return <= -0.01,2,0.30864197530864196,0.35384615384615387,0.2830188679245283,0.35714285714285715,0.06813186813186811,81
short_compression_breakdown,prev_6h_return <= -0.01 AND pullback_depth >= 0.0225,2,0.32098765432098764,0.35384615384615387,0.3018867924528302,0.35714285714285715,0.06813186813186811,81
short_compression_breakdown,prev_3h_return <= -0.004 AND compression_width >= 0.025,2,0.30864197530864196,0.3230769230769231,0.3018867924528302,0.32142857142857145,0.06593406593406592,81
short_compression_breakdown,prev_3h_return <= -0.006 AND prev_6h_return <= -0.01,2,0.25925925925925924,0.2923076923076923,0.24528301886792453,0.2857142857142857,0.06373626373626376,81
short_compression_breakdown,compression_width >= 0.0275,1,0.32098765432098764,0.3384615384615385,0.3018867924528302,0.35714285714285715,0.052747252747252726,81
short_compression_breakdown,compression_width >= 0.0275 AND pullback_depth >= 0.02,2,0.32098765432098764,0.3384615384615385,0.3018867924528302,0.35714285714285715,0.052747252747252726,81
short_compression_breakdown,compression_width >= 0.0275 AND pullback_depth >= 0.0225,2,0.32098765432098764,0.3384615384615385,0.3018867924528302,0.35714285714285715,0.052747252747252726,81
short_compression_breakdown,compression_width >= 0.0275 AND pullback_depth >= 0.025,2,0.32098765432098764,0.3384615384615385,0.3018867924528302,0.35714285714285715,0.052747252747252726,81
short_compression_breakdown,prev_6h_return <= -0.01 AND pullback_depth >= 0.025,2,0.2839506172839506,0.3076923076923077,0.2641509433962264,0.32142857142857145,0.050549450549450536,81
short_compression_breakdown,atr_percentile_1h >= 0.4 AND pullback_depth >= 0.0225,2,0.30864197530864196,0.3076923076923077,0.3018867924528302,0.32142857142857145,0.050549450549450536,81
short_compression_breakdown,atr_percentile_1h >= 0.45 AND pullback_depth >= 0.0225,2,0.2716049382716049,0.27692307692307694,0.2641509433962264,0.2857142857142857,0.048351648351648374,81
short_compression_breakdown,atr_percentile_1h >= 0.3 AND compression_width >= 0.0275,2,0.19753086419753085,0.2153846153846154,0.18867924528301888,0.21428571428571427,0.043956043956043966,81
short_compression_breakdown,atr_percentile_1h >= 0.3 AND compression_width >= 0.0225,2,0.345679012345679,0.35384615384615387,0.32075471698113206,0.39285714285714285,0.039560439560439586,81
short_compression_breakdown,atr_percentile_1h >= 0.35 AND pullback_depth >= 0.0225,2,0.35802469135802467,0.35384615384615387,0.33962264150943394,0.39285714285714285,0.039560439560439586,81
short_compression_breakdown,prev_6h_return <= -0.01 AND compression_width >= 0.0225,2,0.2962962962962963,0.3230769230769231,0.2641509433962264,0.35714285714285715,0.03736263736263734,81
short_compression_breakdown,atr_percentile_1h >= 0.35 AND compression_width >= 0.0275,2,0.18518518518518517,0.2,0.16981132075471697,0.21428571428571427,0.02857142857142858,81
short_compression_breakdown,prev_6h_return <= -0.012,1,0.2839506172839506,0.3076923076923077,0.24528301886792453,0.35714285714285715,0.021978021978021955,81
short_compression_breakdown,prev_6h_return <= -0.012 AND compression_width >= 0.02,2,0.2839506172839506,0.3076923076923077,0.24528301886792453,0.35714285714285715,0.021978021978021955,81
short_compression_breakdown,prev_6h_return <= -0.012 AND pullback_depth >= 0.02,2,0.2839506172839506,0.3076923076923077,0.24528301886792453,0.35714285714285715,0.021978021978021955,81
short_compression_breakdown,prev_6h_return <= -0.008 AND compression_width >= 0.025,2,0.2839506172839506,0.3076923076923077,0.24528301886792453,0.35714285714285715,0.021978021978021955,81
short_compression_breakdown,atr_percentile_1h >= 0.4 AND compression_width >= 0.0225,2,0.2839506172839506,0.27692307692307694,0.2641509433962264,0.32142857142857145,0.019780219780219765,81
short_compression_breakdown,atr_percentile_1h >= 0.45 AND compression_width >= 0.0225,2,0.24691358024691357,0.24615384615384617,0.22641509433962265,0.2857142857142857,0.017582417582417603,81
short_compression_breakdown,atr_percentile_1h >= 0.35 AND compression_width >= 0.0225,2,0.32098765432098764,0.3230769230769231,0.2830188679245283,0.39285714285714285,0.008791208791208815,81
short_compression_breakdown,prev_3h_return <= -0.004 AND compression_width >= 0.0275,2,0.2222222222222222,0.23076923076923078,0.18867924528301888,0.2857142857142857,0.0021978021978022177,81
short_compression_breakdown,prev_3h_return <= -0.006 AND prev_6h_return <= -0.012,2,0.18518518518518517,0.2,0.1509433962264151,0.25,0.0,81
short_compression_breakdown,prev_3h_return <= -0.004 AND pullback_depth >= 0.03,2,0.19753086419753085,0.2,0.16981132075471697,0.25,0.0,81
short_compression_breakdown,prev_3h_return <= -0.004 AND prev_6h_return <= -0.012,2,0.2222222222222222,0.24615384615384617,0.16981132075471697,0.32142857142857145,-0.010989010989011005,81
short_compression_breakdown,prev_6h_return <= -0.01 AND compression_width >= 0.025,2,0.2345679012345679,0.24615384615384617,0.18867924528301888,0.32142857142857145,-0.010989010989011005,81
short_compression_breakdown,pullback_depth >= 0.03,1,0.24691358024691357,0.23076923076923078,0.20754716981132076,0.32142857142857145,-0.02637362637362639,81
short_compression_breakdown,compression_width >= 0.0225 AND pullback_depth >= 0.03,2,0.20987654320987653,0.2,0.16981132075471697,0.2857142857142857,-0.028571428571428553,81
short_compression_breakdown,prev_6h_return <= -0.012 AND compression_width >= 0.0225,2,0.2345679012345679,0.24615384615384617,0.16981132075471697,0.35714285714285715,-0.039560439560439586,81
short_compression_breakdown,prev_6h_return <= -0.012 AND pullback_depth >= 0.0225,2,0.2345679012345679,0.24615384615384617,0.16981132075471697,0.35714285714285715,-0.039560439560439586,81
short_compression_breakdown,prev_6h_return <= -0.012 AND pullback_depth >= 0.025,2,0.20987654320987653,0.2153846153846154,0.1509433962264151,0.32142857142857145,-0.041758241758241776,81
short_compression_breakdown,compression_width >= 0.02 AND pullback_depth >= 0.03,2,0.2222222222222222,0.2153846153846154,0.16981132075471697,0.32142857142857145,-0.041758241758241776,81
short_compression_breakdown,prev_6h_return <= -0.008 AND compression_width >= 0.0275,2,0.18518518518518517,0.2,0.11320754716981132,0.32142857142857145,-0.05714285714285716,81
short_pullback_restart,breakdown_depth <= 0.005,1,0.5329341317365269,0.5639097744360902,0.6146788990825688,0.3793103448275862,0.2604614985740213,167
short_pullback_restart,breakdown_depth <= 0.005 AND distance_to_ema50_4h >= -0.05,2,0.38323353293413176,0.42105263157894735,0.46788990825688076,0.22413793103448276,0.2417422867513611,167
short_pullback_restart,breakdown_depth <= 0.004,1,0.4251497005988024,0.44360902255639095,0.48623853211009177,0.3103448275862069,0.1953331604874254,167
short_pullback_restart,breakdown_depth <= 0.006 AND distance_to_ema50_4h >= -0.05,2,0.41317365269461076,0.42857142857142855,0.47706422018348627,0.29310344827586204,0.1940886699507389,167
short_pullback_restart,breakdown_depth <= 0.005 AND distance_to_ema50_4h >= -0.04,2,0.30538922155688625,0.3383458646616541,0.3669724770642202,0.1896551724137931,0.18662172673061964,167
short_pullback_restart,breakdown_depth <= 0.004 AND distance_to_ema50_4h >= -0.05,2,0.31736526946107785,0.3458646616541353,0.3761467889908257,0.20689655172413793,0.18034742027482498,167
short_pullback_restart,distance_to_ema50_4h >= -0.04,1,0.4491017964071856,0.45112781954887216,0.5045871559633027,0.3448275862068966,0.17526575058335486,167
short_pullback_restart,breakdown_depth <= 0.007 AND distance_to_ema50_4h >= -0.05,2,0.437125748502994,0.45112781954887216,0.48623853211009177,0.3448275862068966,0.17526575058335486,167
short_pullback_restart,distance_to_ema50_4h >= -0.03,1,0.31137724550898205,0.3458646616541353,0.3577981651376147,0.22413793103448276,0.1665543168265491,167
short_pullback_restart,breakdown_depth <= 0.005 AND distance_to_ema50_4h >= -0.03,2,0.25149700598802394,0.2857142857142857,0.30275229357798167,0.15517241379310345,0.1615763546798029,167
short_pullback_restart,breakdown_depth <= 0.006 AND distance_to_ema50_4h >= -0.04,2,0.32934131736526945,0.3458646616541353,0.3761467889908257,0.2413793103448276,0.15276121337827323,167
short_pullback_restart,breakdown_depth <= 0.006 AND distance_to_ema50_4h >= -0.03,2,0.2694610778443114,0.2932330827067669,0.3119266055045872,0.1896551724137931,0.14150894477573242,167
short_pullback_restart,breakdown_depth <= 0.004 AND distance_to_ema50_4h >= -0.04,2,0.25149700598802394,0.2781954887218045,0.29357798165137616,0.1724137931034483,0.14026445423904585,167
short_pullback_restart,breakdown_depth <= 0.005 AND entry_candle_body_ratio <= 0.65,2,0.31137724550898205,0.3233082706766917,0.3486238532110092,0.2413793103448276,0.13020482240082962,167
short_pullback_restart,breakdown_depth <= 0.007 AND distance_to_ema50_4h >= -0.03,2,0.281437125748503,0.3082706766917293,0.3119266055045872,0.22413793103448276,0.12896033186414307,167
short_pullback_restart,breakdown_depth <= 0.007 AND distance_to_ema50_4h >= -0.04,2,0.3473053892215569,0.3609022556390977,0.3761467889908257,0.29310344827586204,0.12641949701840807,167
short_pullback_restart,breakdown_depth <= 0.004 AND distance_to_ema50_4h >= -0.03,2,0.2215568862275449,0.24812030075187969,0.25688073394495414,0.15517241379310345,0.12398236971739691,167
short_pullback_restart,breakdown_depth <= 0.003 AND distance_to_ema50_4h >= -0.05,2,0.23952095808383234,0.24812030075187969,0.27522935779816515,0.1724137931034483,0.11018926626912104,167
short_pullback_restart,breakdown_depth <= 0.003,1,0.30538922155688625,0.3157894736842105,0.3302752293577982,0.25862068965517243,0.10889292196007255,167
short_pullback_restart,breakdown_depth <= 0.005 AND prev_3h_return <= -0.004,2,0.2874251497005988,0.3007518796992481,0.3119266055045872,0.2413793103448276,0.10764843142338601,167
short_pullback_restart,breakdown_depth <= 0.007 AND entry_candle_body_ratio <= 0.65,2,0.3413173652694611,0.3383458646616541,0.3669724770642202,0.29310344827586204,0.10386310604096446,167
short_pullback_restart,entry_candle_body_ratio <= 0.65,1,0.4251497005988024,0.42105263157894735,0.44036697247706424,0.39655172413793105,0.1038112522686025,167
short_pullback_restart,breakdown_depth <= 0.006 AND entry_candle_body_ratio <= 0.65,2,0.33532934131736525,0.3308270676691729,0.3577981651376147,0.29310344827586204,0.09634430904848326,167
short_pullback_restart,breakdown_depth <= 0.003 AND distance_to_ema50_4h >= -0.04,2,0.19161676646706588,0.20300751879699247,0.22018348623853212,0.13793103448275862,0.09266269121078557,167
short_pullback_restart,entry_candle_body_ratio <= 0.65 AND distance_to_ema50_4h >= -0.05,2,0.281437125748503,0.2857142857142857,0.30275229357798167,0.2413793103448276,0.0926108374384236,167
short_pullback_restart,breakdown_depth <= 0.005 AND entry_candle_body_ratio <= 0.55,2,0.19161676646706588,0.21052631578947367,0.21100917431192662,0.15517241379310345,0.0863883847549909,167
short_pullback_restart,breakdown_depth <= 0.004 AND entry_candle_body_ratio <= 0.65,2,0.25748502994011974,0.2631578947368421,0.27522935779816515,0.22413793103448276,0.08384754990925586,167
short_pullback_restart,prev_3h_return <= -0.004 AND distance_to_ema50_4h >= -0.05,2,0.33532934131736525,0.3458646616541353,0.3394495412844037,0.3275862068965517,0.08379569613689392,167
short_pullback_restart,breakdown_depth <= 0.006 AND entry_candle_body_ratio <= 0.55,2,0.20359281437125748,0.21804511278195488,0.22018348623853212,0.1724137931034483,0.08011407829919623,167
short_pullback_restart,breakdown_depth <= 0.007 AND entry_candle_body_ratio <= 0.55,2,0.20359281437125748,0.21804511278195488,0.22018348623853212,0.1724137931034483,0.08011407829919623,167
short_pullback_restart,breakdown_depth <= 0.004 AND prev_3h_return <= -0.004,2,0.2215568862275449,0.22556390977443608,0.23853211009174313,0.1896551724137931,0.0738397718434016,167
short_pullback_restart,entry_candle_body_ratio <= 0.6 AND prev_3h_return <= -0.004,2,0.23353293413173654,0.23308270676691728,0.24770642201834864,0.20689655172413793,0.06756546538760694,167
short_pullback_restart,entry_candle_body_ratio <= 0.55,1,0.20958083832335328,0.21804511278195488,0.22018348623853212,0.1896551724137931,0.0663209748509204,167
short_pullback_restart,prev_3h_return <= -0.004 AND distance_to_ema50_4h >= -0.04,2,0.2215568862275449,0.21804511278195488,0.23853211009174313,0.1896551724137931,0.0663209748509204,167
short_pullback_restart,entry_candle_body_ratio <= 0.65 AND prev_3h_return <= -0.004,2,0.30538922155688625,0.3007518796992481,0.3119266055045872,0.29310344827586204,0.06626912107855845,167
short_pullback_restart,entry_candle_body_ratio <= 0.6 AND distance_to_ema50_4h >= -0.05,2,0.20359281437125748,0.20300751879699247,0.22018348623853212,0.1724137931034483,0.06507648431423382,167
short_pullback_restart,entry_candle_body_ratio <= 0.6,1,0.2934131736526946,0.2857142857142857,0.30275229357798167,0.27586206896551724,0.06502463054187191,167
short_pullback_restart,breakdown_depth <= 0.007 AND entry_candle_body_ratio <= 0.6,2,0.24550898203592814,0.24060150375939848,0.25688073394495414,0.22413793103448276,0.06129115893181225,167
short_pullback_restart,breakdown_depth <= 0.005 AND entry_candle_body_ratio <= 0.6,2,0.2275449101796407,0.22556390977443608,0.23853211009174313,0.20689655172413793,0.060046668395125735,167
short_pullback_restart,breakdown_depth <= 0.005 AND prev_3h_return <= -0.006,2,0.2215568862275449,0.22556390977443608,0.22935779816513763,0.20689655172413793,0.060046668395125735,167
short_pullback_restart,breakdown_depth <= 0.006 AND entry_candle_body_ratio <= 0.6,2,0.23952095808383234,0.23308270676691728,0.24770642201834864,0.22413793103448276,0.05377236193933105,167
short_pullback_restart,breakdown_depth <= 0.007 AND prev_3h_return <= -0.004,2,0.33532934131736525,0.3157894736842105,0.3394495412844037,0.3275862068965517,0.053720508166969105,167
short_pullback_restart,breakdown_depth <= 0.003 AND entry_candle_body_ratio <= 0.65,2,0.2155688622754491,0.21804511278195488,0.22018348623853212,0.20689655172413793,0.05252787140264453,167
short_pullback_restart,breakdown_depth <= 0.004 AND entry_candle_body_ratio <= 0.6,2,0.20359281437125748,0.20300751879699247,0.21100917431192662,0.1896551724137931,0.05128338086595799,167
short_pullback_restart,entry_candle_body_ratio <= 0.65 AND distance_to_ema50_4h >= -0.04,2,0.20958083832335328,0.20300751879699247,0.22018348623853212,0.1896551724137931,0.05128338086595799,167
short_pullback_restart,prev_3h_return <= -0.006 AND distance_to_ema50_4h >= -0.05,2,0.23952095808383234,0.24060150375939848,0.23853211009174313,0.2413793103448276,0.04749805548353639,167
short_pullback_restart,breakdown_depth <= 0.006 AND prev_3h_return <= -0.004,2,0.32335329341317365,0.3082706766917293,0.3211009174311927,0.3275862068965517,0.0462017111744879,167
short_pullback_restart,entry_candle_body_ratio <= 0.65 AND prev_3h_return <= -0.006,2,0.25149700598802394,0.24812030075187969,0.24770642201834864,0.25862068965517243,0.04122374902774173,167
short_pullback_restart,prev_3h_return <= -0.01,1,0.2634730538922156,0.2631578947368421,0.24770642201834864,0.29310344827586204,0.02867513611615244,167
short_pullback_restart,breakdown_depth <= 0.007 AND prev_3h_return <= -0.006,2,0.25149700598802394,0.23308270676691728,0.24770642201834864,0.25862068965517243,0.026186155042779324,167
short_pullback_restart,prev_6h_return <= -0.008 AND distance_to_ema50_4h >= -0.05,2,0.2275449101796407,0.21804511278195488,0.22018348623853212,0.2413793103448276,0.02494166450609278,167
short_pullback_restart,entry_candle_body_ratio <= 0.65 AND prev_6h_return <= -0.008,2,0.2215568862275449,0.20300751879699247,0.22018348623853212,0.22413793103448276,0.023697173969406238,167
short_pullback_restart,breakdown_depth <= 0.006 AND prev_3h_return <= -0.006,2,0.23952095808383234,0.22556390977443608,0.22935779816513763,0.25862068965517243,0.018667358050298122,167
short_pullback_restart,prev_3h_return <= -0.006,1,0.41916167664670656,0.41353383458646614,0.3761467889908257,0.5,0.01353383458646612,167
short_pullback_restart,prev_3h_return <= -0.008,1,0.31736526946107785,0.3082706766917293,0.28440366972477066,0.3793103448275862,0.004822400829660345,167
short_pullback_restart,prev_3h_return <= -0.008 AND prev_6h_return <= -0.008,2,0.23952095808383234,0.23308270676691728,0.21100917431192662,0.29310344827586204,-0.0014000518537723716,167
short_pullback_restart,prev_3h_return <= -0.006 AND prev_6h_return <= -0.01,2,0.2215568862275449,0.22556390977443608,0.1834862385321101,0.29310344827586204,-0.008918848846253574,167
short_pullback_restart,prev_6h_return <= -0.012,1,0.24550898203592814,0.24812030075187969,0.2018348623853211,0.3275862068965517,-0.013948664765361718,167
short_pullback_restart,prev_3h_return <= -0.004 AND prev_6h_return <= -0.012,2,0.20958083832335328,0.20300751879699247,0.1743119266055046,0.27586206896551724,-0.01768213637542132,167
short_pullback_restart,prev_3h_return <= -0.006 AND prev_6h_return <= -0.008,2,0.2874251497005988,0.2706766917293233,0.24770642201834864,0.3620689655172414,-0.018978480684469834,167
short_pullback_restart,prev_6h_return <= -0.008,1,0.40119760479041916,0.38345864661654133,0.3394495412844037,0.5172413793103449,-0.03033445683173458,167
short_pullback_restart,prev_3h_return <= -0.004 AND prev_6h_return <= -0.008,2,0.33532934131736525,0.3082706766917293,0.28440366972477066,0.43103448275862066,-0.03655690951516727,167
short_pullback_restart,prev_6h_return <= -0.01,1,0.2934131736526946,0.2932330827067669,0.22935779816513763,0.41379310344827586,-0.037801400051853784,167
short_pullback_restart,prev_3h_return <= -0.004 AND prev_6h_return <= -0.01,2,0.25748502994011974,0.24812030075187969,0.2018348623853211,0.3620689655172414,-0.04153487166191344,167
