pair,side,entry_tag,open_date,close_date,open_rate,close_rate,profit_abs,profit_ratio,exit_reason,trade_duration,is_short,stake_amount,amount,max_rate,min_rate,fee_open,fee_close,initial_stop_loss_abs,stop_loss_abs,funding_fees
SUI/USDT:USDT,short,short_pullback_restart,2023-07-30 20:00:00+00:00,2023-08-01 00:00:00+00:00,0.6172,0.6348,-7.61347307,-0.0298036098511566,trailing_stop_loss,1680,True,255.58252,414.1,0.6369,0.5901,0.0005,0.0005,0.6542,0.6348,-0.0660864725380669
NEAR/USDT:USDT,short,short_compression_breakdown,2023-07-31 20:00:00+00:00,2023-08-01 19:00:00+00:00,1.361,1.406,-7.4935012,-0.033795295884533005,stop_loss,1380,True,221.843,163.0,1.408,1.317,0.0005,0.0005,1.442,1.406,0.0670093
ZEC/USDT:USDT,short,short_pullback_restart,2023-07-30 07:00:00+00:00,2023-08-01 23:00:00+00:00,30.04,30.51,-5.49773801,-0.01587527898795786,stop_loss,3840,True,346.48136,11.534,30.54,28.61,0.0005,0.0005,31.84,30.51,0.272433836411254
ADA/USDT:USDT,short,short_pullback_restart,2023-08-06 14:00:00+00:00,2023-08-07 02:00:00+00:00,0.2919,0.2959,-4.38805503,-0.01451761973238025,stop_loss,720,True,302.4084,1036.0,0.2961,0.2903,0.0005,0.0005,0.3094,0.2959,0.06042536822000001
ETH/USDT:USDT,short,short_pullback_restart,2023-08-02 15:00:00+00:00,2023-08-07 03:00:00+00:00,1840.95,1843.96,-0.47812071,-0.0014121958828705301,stale_loss_72h,6480,True,338.7348,0.184,1858.9,1808.77,0.0005,0.0005,1951.4,1868.78,0.4147310147167722
ZEC/USDT:USDT,short,short_pullback_restart,2023-08-04 09:00:00+00:00,2023-08-07 10:00:00+00:00,29.38,29.48,-1.23169905,-0.003752036550358121,stale_loss_72h,4380,True,328.43902,11.179,29.79,28.64,0.0005,0.0005,31.14,29.94,0.21519891901186733
NEAR/USDT:USDT,short,short_pullback_restart,2023-08-07 15:00:00+00:00,2023-08-08 12:00:00+00:00,1.333,1.364,-7.25983496,-0.024110452480421013,stop_loss,1260,True,301.258,226.0,1.364,1.3,0.0005,0.0005,1.412,1.364,0.0509260365615476
LINK/USDT:USDT,long,long_1d_center_compression,2023-08-10 00:00:00+00:00,2023-08-11 10:00:00+00:00,7.677,7.524,-7.16839161,-0.02140556029208329,stop_loss,2040,False,334.7172,43.6,7.735,7.522,0.0005,0.0005,7.217,7.524,-0.1662098072748
ADA/USDT:USDT,short,short_pullback_restart,2023-08-15 19:00:00+00:00,2023-08-17 21:00:00+00:00,0.2871,0.258,33.18063122,0.0999390677102063,roi,3000,True,332.1747,1157.0,0.2871,0.2319,0.0005,0.0005,0.3043,0.2908,-0.1727284277399434
BTC/USDT:USDT,short,short_compression_breakdown,2023-08-17 14:00:00+00:00,2023-08-17 21:00:00+00:00,28393.4,25531.3,31.21722703,0.10000033122846688,roi,420,True,312.3274,0.011,28500.0,24581.0,0.0005,0.0005,30097.0,28717.7,0.030712879999999998
ETH/USDT:USDT,short,short_pullback_restart,2023-08-17 15:00:00+00:00,2023-08-17 21:00:00+00:00,1778.48,1599.16,30.3961746,0.0999979359802387,roi,360,True,304.12008,0.171,1779.46,1492.66,0.0005,0.0005,1885.18,1804.4,0.021242822244839667
XRP/USDT:USDT,short,short_pullback_restart,2023-08-22 14:00:00+00:00,2023-08-22 23:00:00+00:00,0.5131,0.5237,-7.92131236,-0.02170888017839492,stop_loss,540,True,365.07065,711.5,0.5254,0.5021,0.0005,0.0005,0.5438,0.5237,-0.010570758570834
NEAR/USDT:USDT,short,short_pullback_restart,2023-08-21 11:00:00+00:00,2023-08-23 06:00:00+00:00,1.138,1.174,-8.04651781,-0.03417531851600303,stop_loss,2580,True,235.566,207.0,1.174,1.092,0.0005,0.0005,1.206,1.174,-0.3552258056315661
LINK/USDT:USDT,short,short_pullback_restart,2023-08-21 11:00:00+00:00,2023-08-23 09:00:00+00:00,6.136,6.261,-7.64436016,-0.020948649250397335,stop_loss,2760,True,365.092,59.5,6.309,5.837,0.0005,0.0005,6.504,6.261,0.161950585748
ETH/USDT:USDT,short,short_pullback_restart,2023-08-24 15:00:00+00:00,2023-08-27 16:00:00+00:00,1645.07,1654.69,-2.44779869,-0.0068921507156421815,stale_loss_72h,4380,True,355.33512,0.216,1676.73,1631.66,0.0005,0.0005,1743.77,1680.21,-0.01350460545468403
ZEC/USDT:USDT,short,short_pullback_restart,2023-08-24 15:00:00+00:00,2023-08-27 16:00:00+00:00,24.62,24.88,-2.81513325,-0.012403832720147414,stale_loss_72h,4380,True,227.07026,9.223,25.37,24.01,0.0005,0.0005,26.09,25.44,-0.1888840016076152
SOL/USDT:USDT,short,short_pullback_restart,2023-08-24 15:00:00+00:00,2023-08-29 14:00:00+00:00,21.231,22.041,-8.10275442,-0.040448966852475655,stop_loss,7140,True,200.42064,9.44,22.063,20.005,0.0005,0.0005,22.504,22.041,-0.2521105791960553
SOL/USDT:USDT,short,short_compression_breakdown,2023-09-01 15:00:00+00:00,2023-09-04 03:00:00+00:00,19.374,19.96,-7.84673411,-0.03148533335723555,stop_loss,3600,True,249.34338,12.87,20.035,19.009,0.0005,0.0005,20.536,19.96,-0.05179981605997384
XRP/USDT:USDT,short,short_compression_breakdown,2023-09-01 15:00:00+00:00,2023-09-04 03:00:00+00:00,0.5013,0.5112,-7.39109693,-0.020992223483958305,stop_loss,3600,True,352.26351,702.7,0.5127,0.4863,0.0005,0.0005,0.5313,0.5112,-0.07862505712893861
ETH/USDT:USDT,short,short_compression_breakdown,2023-09-01 15:00:00+00:00,2023-09-04 18:00:00+00:00,1629.81,1629.76,-0.36357009,-0.0010332719025842809,stale_loss_72h,4500,True,352.03896,0.216,1648.24,1601.22,0.0005,0.0005,1727.59,1653.96,-0.02233652624211667
DOGE/USDT:USDT,short,short_pullback_restart,2023-09-04 22:00:00+00:00,2023-09-05 02:00:00+00:00,0.06227,0.06352,-7.29830747,-0.021052578549672095,stop_loss,240,True,346.8439,5570.0,0.06354,0.06218,0.0005,0.0005,0.066,0.06352,0.014517679053864002
BTC/USDT:USDT,short,short_pullback_restart,2023-09-04 22:00:00+00:00,2023-09-06 17:00:00+00:00,25664.1,25981.6,-4.44146419,-0.013319072265917425,trailing_stop_loss,2580,True,333.6333,0.013,26052.0,25326.0,0.0005,0.0005,27203.9,25981.6,0.021732855232675177
XRP/USDT:USDT,short,short_pullback_restart,2023-09-06 15:00:00+00:00,2023-09-07 21:00:00+00:00,0.4987,0.5056,-4.99553516,-0.014516404810934108,stop_loss,1800,True,344.30248,690.4,0.5066,0.4907,0.0005,0.0005,0.5286,0.5056,0.11490920241973665
SUI/USDT:USDT,short,short_compression_breakdown,2023-09-11 09:00:00+00:00,2023-09-14 10:00:00+00:00,0.4379,0.438,-0.32414622,-0.0021336766482857672,stale_loss_72h,4380,True,151.99509,347.1,0.458,0.4172,0.0005,0.0005,0.4641,0.4589,-0.13742377493669058
SUI/USDT:USDT,short,short_compression_breakdown,2023-09-17 17:00:00+00:00,2023-09-18 22:00:00+00:00,0.4392,0.4498,-6.15958576,-0.02490075160268316,trailing_stop_loss,1740,True,247.4892,563.5,0.4531,0.4223,0.0005,0.0005,0.4655,0.4498,0.06398999182156735
ADA/USDT:USDT,short,short_pullback_restart,2023-09-26 16:00:00+00:00,2023-09-27 11:00:00+00:00,0.2445,0.2469,-3.5698265,-0.0105471633884907,trailing_stop_loss,1140,True,338.6325,1385.0,0.2484,0.2428,0.0005,0.0005,0.2591,0.2469,0.09446799678366
XRP/USDT:USDT,short,short_pullback_restart,2023-10-12 09:00:00+00:00,2023-10-13 20:00:00+00:00,0.4763,0.4894,-7.3982703,-0.02818383273452098,stop_loss,2100,True,262.63182,551.4,0.49,0.4715,0.0005,0.0005,0.5048,0.4894,0.09131318782462548
ETH/USDT:USDT,short,short_pullback_restart,2023-10-12 10:00:00+00:00,2023-10-13 21:00:00+00:00,1540.98,1570.34,-6.71322558,-0.019902485917121612,stop_loss,2100,True,337.47462,0.219,1575.53,1514.5,0.0005,0.0005,1633.43,1570.34,0.05730395741850674
SUI/USDT:USDT,short,short_pullback_restart,2023-10-09 09:00:00+00:00,2023-10-17 13:00:00+00:00,0.429,0.3855,28.83655931,0.10000254695332346,roi,11760,True,288.5025,672.5,0.43,0.3681,0.0005,0.0005,0.4547,0.4397,-0.143315067668127
ADA/USDT:USDT,long,long_1d_center_compression,2023-11-03 00:00:00+00:00,2023-11-03 01:00:00+00:00,0.3233,0.3169,-7.15081025,-0.020875481253971623,stop_loss,60,False,342.3747,1059.0,0.3271,0.3141,0.0005,0.0005,0.304,0.3169,-0.034224353226
DOGE/USDT:USDT,long,long_1d_center_compression,2023-11-07 00:00:00+00:00,2023-11-07 00:00:00+00:00,0.07643,0.07491,-7.13634616,-0.020967051464794807,stop_loss,0,False,340.18993,4451.0,0.07654,0.07429,0.0005,0.0005,0.07185,0.07491,-0.034018993
BTC/USDT:USDT,long,long_1d_center_compression,2023-10-24 00:00:00+00:00,2023-11-09 02:00:00+00:00,33074.0,36587.2,33.0904137,0.09999962738592003,roi,23160,False,330.74,0.01,36888.0,32833.5,0.0005,0.0005,31089.6,32412.6,-1.6932802953629202
ETH/USDT:USDT,long,long_1d_center_compression,2023-11-10 00:00:00+00:00,2023-11-10 12:00:00+00:00,2122.92,2080.47,-7.54531354,-0.02166121044683879,stop_loss,720,False,348.15888,0.164,2139.6,2072.53,0.0005,0.0005,1995.55,2080.47,-0.2388355623717549
BTC/USDT:USDT,long,long_1d_center_compression,2023-11-10 00:00:00+00:00,2023-11-14 01:00:00+00:00,36719.6,36270.3,-5.10566745,-0.015441695358742631,swing_exit_long_1d,5820,False,330.4764,0.009,37570.0,36220.4,0.0005,0.0005,34516.5,35985.2,-0.7335128974327303
NEAR/USDT:USDT,long,long_1d_center_compression,2023-12-03 00:00:00+00:00,2023-12-03 04:00:00+00:00,2.011,1.971,-7.21483345,-0.02097012581701798,stop_loss,240,False,343.881,171.0,2.014,1.966,0.0005,0.0005,1.891,1.971,-0.034372446831
ETH/USDT:USDT,long,long_1d_center_compression,2023-12-05 00:00:00+00:00,2023-12-05 07:00:00+00:00,2243.67,2198.79,-7.19348981,-0.021082396201455873,stop_loss,420,False,341.03784,0.152,2253.6,2186.0,0.0005,0.0005,2109.05,2198.79,-0.034102849084784
BTC/USDT:USDT,long,long_1d_center_compression,2024-01-03 00:00:00+00:00,2024-01-03 11:00:00+00:00,44979.7,44080.3,-6.72809798,-0.021358001854785612,stop_loss,660,False,314.8579,0.007,45582.3,43500.0,0.0005,0.0005,42281.0,44080.3,-0.12058798200616078
ZEC/USDT:USDT,short,short_pullback_restart,2023-12-31 21:00:00+00:00,2024-01-03 12:00:00+00:00,27.77,25.05,17.82267256,0.0999092848145256,roi,3780,True,178.47779,6.427,28.34,20.98,0.0005,0.0005,29.43,28.91,0.5109696293358424
BTC/USDT:USDT,short,short_compression_breakdown,2024-01-19 17:00:00+00:00,2024-01-19 18:00:00+00:00,40408.6,41641.0,-6.367124,-0.0315294722142182,stop_loss,60,True,202.043,0.005,42000.0,40300.0,0.0005,0.0005,42833.1,41641.0,0.0
XRP/USDT:USDT,short,short_compression_breakdown,2024-01-19 15:00:00+00:00,2024-01-20 23:00:00+00:00,0.5445,0.5532,-5.6993406,-0.016593796089844803,stop_loss,1920,True,343.63395,631.1,0.5553,0.5215,0.0005,0.0005,0.5771,0.5532,0.1376086343279
ADA/USDT:USDT,short,short_pullback_restart,2024-01-18 11:00:00+00:00,2024-01-21 12:00:00+00:00,0.5159,0.5173,-0.76910499,-0.0028302623070878647,stale_loss_72h,4380,True,271.8793,527.0,0.5235,0.471,0.0005,0.0005,0.5468,0.5294,0.240943212669
NEAR/USDT:USDT,short,short_pullback_restart,2024-01-21 16:00:00+00:00,2024-01-22 15:00:00+00:00,2.963,2.665,23.98115651,0.09997022156616073,roi,1380,True,240.003,81.0,2.99,2.662,0.0005,0.0005,3.14,3.041,0.071090507952
ADA/USDT:USDT,short,short_compression_breakdown,2024-01-22 20:00:00+00:00,2024-01-26 12:00:00+00:00,0.4822,0.4833,-0.4115386,-0.0022064272184663856,stale_loss_72h,5280,True,186.6114,387.0,0.4894,0.4474,0.0005,0.0005,0.5111,0.5015,0.200985647733
BTC/USDT:USDT,short,short_pullback_restart,2024-01-22 02:00:00+00:00,2024-01-26 15:00:00+00:00,41363.9,41581.1,-1.65323326,-0.004998501985260918,stale_loss_72h,6540,True,330.9112,0.008,41587.3,38545.0,0.0005,0.0005,43845.7,41910.9,0.41614674161324006
ETH/USDT:USDT,short,short_pullback_restart,2024-01-29 14:00:00+00:00,2024-01-29 16:00:00+00:00,2243.59,2280.04,-5.92658198,-0.01716158047887621,stop_loss,120,True,345.51286,0.154,2302.54,2232.0,0.0005,0.0005,2378.2,2280.04,0.03503752560000001
XRP/USDT:USDT,short,short_pullback_restart,2024-01-22 00:00:00+00:00,2024-01-31 14:00:00+00:00,0.5465,0.4928,33.92511114,0.10006139861597263,roi,13800,True,339.21255,620.7,0.5499,0.484,0.0005,0.0005,0.5792,0.5555,0.9160678984404002
ZEC/USDT:USDT,short,short_compression_breakdown,2024-02-04 23:00:00+00:00,2024-02-06 23:00:00+00:00,21.4,19.25,29.68355745,0.10016427368009344,roi,2880,True,296.497,13.855,21.69,19.18,0.0005,0.0005,22.68,21.95,0.17691032920329502
BTC/USDT:USDT,long,long_1d_center_compression,2024-02-08 00:00:00+00:00,2024-02-12 15:00:00+00:00,44326.3,48864.2,35.47862313,0.09999958456846775,roi,6660,False,354.6104,0.008,49965.3,44306.8,0.0005,0.0005,41666.8,43439.7,-0.4518148696242425
SOL/USDT:USDT,long,long_1d_center_compression,2024-02-09 00:00:00+00:00,2024-02-13 00:00:00+00:00,102.742,113.259,32.68852836,0.10000072313964938,roi,5760,False,326.71956,3.18,115.147,102.728,0.0005,0.0005,96.578,100.688,-0.41209005426522005
BNB/USDT:USDT,long,long_1d_center_compression,2024-02-09 00:00:00+00:00,2024-02-15 10:00:00+00:00,318.54,347.22,36.64814827,0.09999381240312004,roi,9240,False,366.321,1.15,347.74,315.22,0.0005,0.0005,299.43,312.17,4.048960272130384
BTC/USDT:USDT,long,long_1d_center_compression,2024-02-27 00:00:00+00:00,2024-02-28 13:00:00+00:00,54511.7,60123.8,38.17695437,0.09999917562201942,roi,2220,False,381.5819,0.007,61127.0,54495.0,0.0005,0.0005,51241.0,53421.4,-0.7065213833783309
NEAR/USDT:USDT,long,long_1d_center_compression,2024-03-26 00:00:00+00:00,2024-03-27 15:00:00+00:00,7.46,7.311,-9.51303171,-0.023173964346123305,stop_loss,2340,False,410.3,55.0,8.11,7.227,0.0005,0.0005,7.013,7.311,-0.9118292130002935
SUI/USDT:USDT,long,long_1d_center_compression,2024-03-28 00:00:00+00:00,2024-03-28 00:00:00+00:00,2.0778,2.0363,-8.86558658,-0.02146291834938216,stop_loss,0,False,412.85886,198.7,2.1676,2.0113,0.0005,0.0005,1.9532,2.0363,-0.21080074972519997
BTC/USDT:USDT,long,long_1d_center_compression,2024-04-09 00:00:00+00:00,2024-04-09 07:00:00+00:00,71678.3,70244.9,-7.59676278,-0.02118623431875916,stop_loss,420,False,358.3915,0.005,71820.6,70160.0,0.0005,0.0005,67377.7,70244.9,-0.07495478315275134
ZEC/USDT:USDT,short,short_pullback_restart,2024-04-12 14:00:00+00:00,2024-04-12 18:00:00+00:00,26.24,23.6,26.83225,0.09981288234837228,roi,240,True,268.96,10.25,26.52,20.69,0.0005,0.0005,27.81,27.09,0.027679998455488502
BTC/USDT:USDT,short,short_compression_breakdown,2024-04-25 11:00:00+00:00,2024-04-25 17:00:00+00:00,63438.4,64807.3,-8.59375245,-0.022588977327449064,stop_loss,360,True,380.6304,0.006,64850.0,62721.3,0.0005,0.0005,67244.7,64807.3,0.004384647050681016
XRP/USDT:USDT,short,short_compression_breakdown,2024-04-25 11:00:00+00:00,2024-04-25 20:00:00+00:00,0.5169,0.5317,-8.39189055,-0.029559887959127614,trailing_stop_loss,540,True,284.03655,549.5,0.5325,0.5133,0.0005,0.0005,0.5479,0.5317,0.0288123000165
LINK/USDT:USDT,short,short_compression_breakdown,2024-04-27 17:00:00+00:00,2024-04-27 18:00:00+00:00,13.879,14.324,-9.05807259,-0.0330954078340834,stop_loss,60,True,273.83267,19.73,14.393,13.866,0.0005,0.0005,14.711,14.324,0.0
ADA/USDT:USDT,short,short_compression_breakdown,2024-04-25 11:00:00+00:00,2024-04-28 12:00:00+00:00,0.4639,0.4676,-1.96062422,-0.008594529162049816,stale_loss_72h,4380,True,228.2388,492.0,0.4787,0.4427,0.0005,0.0005,0.4917,0.4809,0.0889247800722612
LINK/USDT:USDT,short,short_pullback_restart,2024-04-28 23:00:00+00:00,2024-05-01 08:00:00+00:00,13.861,12.464,30.65228594,0.10002311685222857,roi,3420,True,306.60532,22.12,14.206,12.393,0.0005,0.0005,14.692,14.255,0.041800437528812844
XRP/USDT:USDT,short,short_pullback_restart,2024-04-30 09:00:00+00:00,2024-05-01 19:00:00+00:00,0.5009,0.5204,-8.92712687,-0.03981931525635797,stop_loss,2040,True,224.30302,447.8,0.5213,0.4772,0.0005,0.0005,0.5309,0.5204,0.03364219878487306
SUI/USDT:USDT,short,short_compression_breakdown,2024-05-05 02:00:00+00:00,2024-05-05 14:00:00+00:00,1.0687,1.1006,-7.41760552,-0.030794884466379444,trailing_stop_loss,720,True,240.99185,225.5,1.1098,1.0526,0.0005,0.0005,1.1328,1.1006,0.0204330589925
ADA/USDT:USDT,short,short_compression_breakdown,2024-05-08 00:00:00+00:00,2024-05-08 14:00:00+00:00,0.4412,0.4561,-8.96616751,-0.03481574549337039,stop_loss,840,True,257.6608,584.0,0.4591,0.4358,0.0005,0.0005,0.4676,0.4561,-0.0025559088548472
BTC/USDT:USDT,short,short_compression_breakdown,2024-05-08 23:00:00+00:00,2024-05-09 22:00:00+00:00,61226.8,62900.8,-8.63036954,-0.028205579528708738,trailing_stop_loss,1380,True,306.134,0.005,63447.2,60550.0,0.0005,0.0005,64900.4,62900.8,0.049949463201204226
LINK/USDT:USDT,short,short_pullback_restart,2024-05-11 21:00:00+00:00,2024-05-13 08:00:00+00:00,13.357,13.649,-8.96322414,-0.022643723059352947,trailing_stop_loss,2100,True,396.03505,29.65,13.669,13.064,0.0005,0.0005,14.158,13.649,0.0949398137186782
ETH/USDT:USDT,short,short_pullback_restart,2024-05-10 15:00:00+00:00,2024-05-13 16:00:00+00:00,2934.59,2960.21,-1.8453505,-0.008987741956741629,stale_loss_72h,4380,True,205.4213,0.07,2996.44,2863.8,0.0005,0.0005,3110.66,3057.31,0.15436749647280396
XRP/USDT:USDT,short,short_pullback_restart,2024-05-10 15:00:00+00:00,2024-05-13 16:00:00+00:00,0.5002,0.509,-4.00427664,-0.017930055557315666,stale_loss_72h,4380,True,223.43934,446.7,0.5119,0.4861,0.0005,0.0005,0.5302,0.5194,0.15208818386722142
SUI/USDT:USDT,short,short_pullback_restart,2024-06-02 10:00:00+00:00,2024-06-02 14:00:00+00:00,1.0114,1.0331,-9.00028322,-0.0224773747239221,stop_loss,240,True,400.61554,396.1,1.0342,1.0077,0.0005,0.0005,1.072,1.0331,0.0
ADA/USDT:USDT,short,short_pullback_restart,2024-06-02 18:00:00+00:00,2024-06-03 06:00:00+00:00,0.445,0.4548,-8.5213754,-0.022944595893452345,trailing_stop_loss,720,True,371.575,835.0,0.456,0.4406,0.0005,0.0005,0.4717,0.4548,0.0372911
BNB/USDT:USDT,long,long_1d_center_compression,2024-06-04 00:00:00+00:00,2024-06-05 00:00:00+00:00,626.86,690.63,38.88295192,0.09999536903316386,roi,1440,False,388.6532,0.62,698.9,625.18,0.0005,0.0005,589.25,614.33,-0.24602618070500243
SOL/USDT:USDT,long,long_1d_center_compression,2024-06-06 00:00:00+00:00,2024-06-06 19:00:00+00:00,173.667,170.195,-8.75853905,-0.021541771658136716,stop_loss,1140,False,406.38078,2.34,174.49,168.848,0.0005,0.0005,163.247,170.195,-0.23174051379444033
ADA/USDT:USDT,short,short_pullback_restart,2024-06-10 07:00:00+00:00,2024-06-10 09:00:00+00:00,0.438,0.4466,-8.31480664,-0.020555274177838888,stop_loss,120,True,404.712,924.0,0.4494,0.4349,0.0005,0.0005,0.4642,0.4466,0.040278560784
TAO/USDT:USDT,short,short_pullback_restart,2024-06-10 05:00:00+00:00,2024-06-11 15:00:00+00:00,356.94,321.06,24.68889812,0.10000405155596895,roi,2040,True,247.00248,0.692,359.91,320.55,0.0005,0.0005,378.35,369.27,0.094526122983656
XRP/USDT:USDT,short,short_compression_breakdown,2024-06-13 16:00:00+00:00,2024-06-15 19:00:00+00:00,0.4805,0.49,-8.24831509,-0.020094414128684124,stop_loss,3060,True,410.68335,854.7,0.5051,0.4584,0.0005,0.0005,0.5093,0.49,0.2860780831524
SOL/USDT:USDT,short,short_compression_breakdown,2024-06-13 16:00:00+00:00,2024-06-16 17:00:00+00:00,146.804,148.222,-1.94855483,-0.009764568017447626,stale_loss_72h,4380,True,199.65344,1.36,149.711,139.5,0.0005,0.0005,155.612,153.271,0.18054285300196868
LINK/USDT:USDT,short,short_compression_breakdown,2024-06-13 16:00:00+00:00,2024-06-16 20:00:00+00:00,15.1,15.105,-0.12476053,-0.0005518304382476209,stale_loss_72h,4560,True,226.198,14.98,15.478,14.46,0.0005,0.0005,16.006,15.687,0.1763749180005491
DOGE/USDT:USDT,short,short_pullback_restart,2024-06-19 15:00:00+00:00,2024-06-20 11:00:00+00:00,0.12187,0.12701,-8.91350875,-0.043248268723866584,stop_loss,1200,True,206.20404,1692.0,0.12872,0.12137,0.0005,0.0005,0.12918,0.12701,-0.006076269073746004
ETH/USDT:USDT,short,short_compression_breakdown,2024-06-21 09:00:00+00:00,2024-06-21 20:00:00+00:00,3457.82,3540.41,-8.74547755,-0.02480836695203892,trailing_stop_loss,660,True,352.69764,0.102,3546.66,3452.07,0.0005,0.0005,3665.28,3540.41,0.035612177999999994
SOL/USDT:USDT,short,short_compression_breakdown,2024-06-21 09:00:00+00:00,2024-06-21 23:00:00+00:00,130.124,135.158,-8.82572362,-0.03968386919352621,stop_loss,840,True,222.51204,1.71,135.35,128.639,0.0005,0.0005,137.931,135.158,0.009232493745540861
TAO/USDT:USDT,short,short_pullback_restart,2024-06-22 20:00:00+00:00,2024-06-23 04:00:00+00:00,277.89,287.03,-8.73634064,-0.033857752666837444,stop_loss,480,True,258.15981,0.929,287.36,276.38,0.0005,0.0005,294.56,287.03,0.017124699487135325
DOGE/USDT:USDT,short,short_compression_breakdown,2024-06-27 06:00:00+00:00,2024-06-27 13:00:00+00:00,0.12095,0.12468,-8.70685738,-0.03177029441233686,stop_loss,420,True,274.19365,2267.0,0.12476,0.12059,0.0005,0.0005,0.1282,0.12468,0.027474228667
XRP/USDT:USDT,short,short_pullback_restart,2024-06-26 11:00:00+00:00,2024-06-28 07:00:00+00:00,0.471,0.4786,-6.58935732,-0.016693072749775374,stop_loss,2640,True,394.9335,838.5,0.4794,0.4644,0.0005,0.0005,0.4992,0.4786,0.181362478752
SUI/USDT:USDT,short,short_pullback_restart,2024-06-29 23:00:00+00:00,2024-06-30 13:00:00+00:00,0.7829,0.8051,-8.57780859,-0.029192905273727626,stop_loss,840,True,293.97895,375.5,0.8051,0.7721,0.0005,0.0005,0.8298,0.8051,0.056438408354430356
XRP/USDT:USDT,short,short_pullback_restart,2024-06-29 23:00:00+00:00,2024-06-30 22:00:00+00:00,0.4719,0.4771,-4.58774529,-0.011781398280441936,stop_loss,1380,True,389.60064,825.6,0.4781,0.4697,0.0005,0.0005,0.5002,0.4771,0.0971219061899213
BTC/USDT:USDT,short,short_compression_breakdown,2024-06-21 09:00:00+00:00,2024-07-01 02:00:00+00:00,63613.6,63631.9,0.39378284,0.0012386654109025664,stale_flat_120h,13980,True,318.068,0.005,64520.0,58218.0,0.0005,0.0005,67430.4,65232.2,0.8033965856931451
ETH/USDT:USDT,short,short_compression_breakdown,2024-07-04 02:00:00+00:00,2024-07-05 02:00:00+00:00,3209.31,2886.43,21.81235975,0.09999983222384455,roi,1440,True,218.23308,0.068,3245.25,2881.8,0.0005,0.0005,3401.86,3330.57,0.06377491236671201
BNB/USDT:USDT,short,short_compression_breakdown,2024-07-04 02:00:00+00:00,2024-07-05 02:00:00+00:00,537.32,483.1,17.7242307,0.1000086695622061,roi,1440,True,177.3156,0.33,543.75,465.41,0.0005,0.0005,569.55,561.7,0.0
ADA/USDT:USDT,short,short_pullback_restart,2024-07-07 14:00:00+00:00,2024-07-08 08:00:00+00:00,0.3561,0.372,-8.70460822,-0.04562781449403507,stop_loss,1080,True,190.8696,536.0,0.3725,0.3296,0.0005,0.0005,0.3774,0.372,0.012922579976
ETH/USDT:USDT,short,short_pullback_restart,2024-07-07 08:00:00+00:00,2024-07-08 09:00:00+00:00,3002.98,3084.59,-8.71854665,-0.027930294702300927,stop_loss,1500,True,312.30992,0.104,3098.0,2821.26,0.0005,0.0005,3183.15,3084.59,0.08544698504455381
DOGE/USDT:USDT,short,short_pullback_restart,2024-07-10 01:00:00+00:00,2024-07-10 04:00:00+00:00,0.10601,0.10946,-8.67375793,-0.03357716024317224,stop_loss,180,True,258.45238,2438.0,0.10977,0.10564,0.0005,0.0005,0.11237,0.10946,0.0
LINK/USDT:USDT,short,short_pullback_restart,2024-07-11 04:00:00+00:00,2024-07-11 12:00:00+00:00,12.616,13.046,-8.58815285,-0.0350167375273137,stop_loss,480,True,245.3812,19.45,13.16,12.591,0.0005,0.0005,13.372,13.046,0.024910097924050002
LINK/USDT:USDT,short,short_compression_breakdown,2024-07-25 19:00:00+00:00,2024-07-26 02:00:00+00:00,12.583,13.134,-8.37687506,-0.04491318892879746,trailing_stop_loss,420,True,186.60589,14.83,13.224,12.462,0.0005,0.0005,13.337,13.134,-0.014853504977443362
SUI/USDT:USDT,short,short_compression_breakdown,2024-07-30 15:00:00+00:00,2024-08-02 15:00:00+00:00,0.7249,0.6518,23.04315778,0.10004388939399775,roi,4320,True,230.44571,317.9,0.7353,0.6405,0.0005,0.0005,0.7683,0.7508,0.023494244627957617
LINK/USDT:USDT,short,short_compression_breakdown,2024-07-31 17:00:00+00:00,2024-08-03 01:00:00+00:00,12.998,11.687,24.52354035,0.1000349907247035,roi,3360,True,245.27226,18.87,13.146,11.598,0.0005,0.0005,13.777,13.433,0.01787332210194063
DOGE/USDT:USDT,short,short_pullback_restart,2024-08-03 16:00:00+00:00,2024-08-04 17:00:00+00:00,0.11054,0.0994,21.46038155,0.1000197937983048,roi,1500,True,214.66868,1942.0,0.11129,0.0989,0.0005,0.0005,0.11717,0.11495,0.030353289301113
BNB/USDT:USDT,short,short_pullback_restart,2024-08-03 16:00:00+00:00,2024-08-05 00:00:00+00:00,532.15,478.46,31.910817,0.0999930482952648,roi,1920,True,319.29,0.6,534.19,472.01,0.0005,0.0005,564.07,546.43,0.0
BNB/USDT:USDT,short,short_pullback_restart,2024-08-07 15:00:00+00:00,2024-08-08 15:00:00+00:00,476.95,498.78,-9.15032465,-0.04681628999844298,stop_loss,1440,True,195.5495,0.41,499.19,467.4,0.0005,0.0005,505.56,498.78,0.0
NEAR/USDT:USDT,short,short_pullback_restart,2024-08-19 00:00:00+00:00,2024-08-20 00:00:00+00:00,3.897,4.071,-8.92058454,-0.045804706510299026,stop_loss,1440,True,194.85,50.0,4.104,3.83,0.0005,0.0005,4.13,4.071,-0.021384535310379996
ZEC/USDT:USDT,short,short_pullback_restart,2024-08-31 16:00:00+00:00,2024-09-01 22:00:00+00:00,32.53,29.26,41.22620402,0.09994976546399197,roi,1800,True,412.67558,12.686,32.7,29.17,0.0005,0.0005,34.48,33.18,0.1349179924308
ADA/USDT:USDT,short,short_pullback_restart,2024-08-30 12:00:00+00:00,2024-09-04 00:00:00+00:00,0.3511,0.3157,27.19536634,0.10012449181646425,roi,6480,True,271.7514,774.0,0.3545,0.3147,0.0005,0.0005,0.3721,0.3626,0.05381793574112521
ETH/USDT:USDT,short,short_pullback_restart,2024-09-03 09:00:00+00:00,2024-09-06 17:00:00+00:00,2498.6,2247.47,32.71503941,0.09999922128164683,roi,4800,True,327.3166,0.131,2518.0,2222.28,0.0005,0.0005,2648.51,2565.73,0.1278769905406072
BNB/USDT:USDT,short,short_pullback_restart,2024-08-31 17:00:00+00:00,2024-09-06 18:00:00+00:00,533.26,479.43,41.03771571,0.09999324135741443,roi,8700,True,410.6102,0.77,538.54,478.15,0.0005,0.0005,565.25,541.17,-0.021498643468486036
BTC/USDT:USDT,short,short_pullback_restart,2024-09-05 04:00:00+00:00,2024-09-09 20:00:00+00:00,57104.1,57060.1,-0.18688405,-0.000545721290209123,stale_loss_72h,6720,True,342.6246,0.006,57300.0,52510.8,0.0005,0.0005,60530.3,58586.8,-0.10839144567310749
XRP/USDT:USDT,long,long_1d_center_compression,2024-09-29 00:00:00+00:00,2024-10-01 15:00:00+00:00,0.6137,0.6014,-10.09390662,-0.021843481165581713,stop_loss,3780,False,461.87062,752.6,0.6661,0.5922,0.0005,0.0005,0.5769,0.6014,-0.37968449111900004
ZEC/USDT:USDT,short,short_compression_breakdown,2024-09-30 16:00:00+00:00,2024-10-03 08:00:00+00:00,27.89,25.1,23.25568688,0.09995844197180329,roi,3840,True,232.76994,8.346,28.59,24.89,0.0005,0.0005,29.56,29.07,0.19147415068483564
XRP/USDT:USDT,short,short_pullback_restart,2024-10-09 21:00:00+00:00,2024-10-10 12:00:00+00:00,0.5224,0.5348,-10.28070083,-0.02455980255174623,stop_loss,900,True,418.80808,801.7,0.5379,0.5206,0.0005,0.0005,0.5537,0.5348,0.0841577896839
ADA/USDT:USDT,short,short_compression_breakdown,2024-10-09 13:00:00+00:00,2024-10-11 13:00:00+00:00,0.3399,0.3483,-10.06876069,-0.025505622512226177,stop_loss,2880,True,394.9638,1162.0,0.3485,0.3311,0.0005,0.0005,0.3602,0.3483,0.0918835097693716
LINK/USDT:USDT,short,short_compression_breakdown,2024-10-09 21:00:00+00:00,2024-10-11 15:00:00+00:00,10.422,10.825,-10.10717399,-0.039410126243025735,trailing_stop_loss,2520,True,256.58964,24.62,10.896,10.243,0.0005,0.0005,11.047,10.825,0.07623657987597231
LINK/USDT:USDT,short,short_pullback_restart,2024-10-13 15:00:00+00:00,2024-10-14 13:00:00+00:00,10.724,11.093,-9.95521175,-0.03514096918451434,stop_loss,1320,True,283.43532,26.43,11.114,10.6,0.0005,0.0005,11.367,11.093,0.08576990954502
SOL/USDT:USDT,long,long_1d_center_compression,2024-10-21 00:00:00+00:00,2024-10-21 13:00:00+00:00,167.42,164.072,-9.57786093,-0.021177775107190162,stop_loss,780,False,452.034,2.7,171.93,161.35,0.0005,0.0005,157.375,164.072,-0.0907467257475
XRP/USDT:USDT,short,short_compression_breakdown,2024-10-23 08:00:00+00:00,2024-10-29 02:00:00+00:00,0.5264,0.5216,4.40601916,0.009815148066825076,stale_flat_120h,8280,True,449.12448,853.2,0.5337,0.4858,0.0005,0.0005,0.5579,0.5368,0.7577359578093817
DOGE/USDT:USDT,long,long_1d_center_compression,2024-10-29 00:00:00+00:00,2024-10-29 16:00:00+00:00,0.16141,0.17778,41.47454494,0.100008998849374,roi,960,False,414.50088,2568.0,0.17974,0.16048,0.0005,0.0005,0.15173,0.15818,-0.12809510136000002
BTC/USDT:USDT,long,long_1d_center_compression,2024-10-29 00:00:00+00:00,2024-11-02 00:00:00+00:00,69939.9,69495.4,-3.6398606,-0.008669447099605983,swing_exit_long_1d,5760,False,419.6394,0.006,73660.0,68822.5,0.0005,0.0005,65743.6,68541.3,-0.554554695516942
XRP/USDT:USDT,short,short_pullback_restart,2024-11-03 03:00:00+00:00,2024-11-04 10:00:00+00:00,0.5002,0.5121,-10.28080009,-0.024463074778489188,stop_loss,1860,True,420.46812,840.6,0.5141,0.4914,0.0005,0.0005,0.5302,0.5121,0.14780959512300001
TAO/USDT:USDT,short,short_pullback_restart,2024-11-02 13:00:00+00:00,2024-11-04 21:00:00+00:00,451.42,406.17,27.07376043,0.10000776838288446,roi,3360,True,270.852,0.6,453.11,403.35,0.0005,0.0005,478.5,467.96,0.1810374291336
NEAR/USDT:USDT,short,short_compression_breakdown,2024-11-02 13:00:00+00:00,2024-11-05 15:00:00+00:00,3.864,3.924,-4.81512932,-0.016404932470594016,stale_loss_72h,4440,True,293.664,76.0,3.935,3.502,0.0005,0.0005,4.095,3.994,0.04081467559436401
XRP/USDT:USDT,long,long_1d_center_compression,2024-11-23 00:00:00+00:00,2024-11-23 01:00:00+00:00,1.4739,1.6232,46.79668642,0.09998228741136511,roi,60,False,467.81586,317.4,1.635,1.4711,0.0005,0.0005,1.3855,1.4445,-0.099623808764946
BNB/USDT:USDT,long,long_1d_center_compression,2024-11-24 00:00:00+00:00,2024-11-24 12:00:00+00:00,651.13,638.11,-10.35829685,-0.02148680462334518,stop_loss,720,False,481.8362,0.74,688.34,637.47,0.0005,0.0005,612.07,638.11,-0.24647805403599998
BTC/USDT:USDT,long,long_1d_center_compression,2024-11-22 00:00:00+00:00,2024-11-24 15:00:00+00:00,98366.8,96399.5,-8.59833651,-0.02184181931875102,stop_loss,3780,False,393.4672,0.004,99660.0,95976.0,0.0005,0.0005,92464.8,96399.5,-0.33960390656104766
XRP/USDT:USDT,long,long_1d_center_compression,2024-11-30 00:00:00+00:00,2024-11-30 00:00:00+00:00,1.8019,1.7659,-10.06827231,-0.021074695137638096,stop_loss,0,False,477.5035,265.0,1.8688,1.7655,0.0005,0.0005,1.6938,1.7659,-0.0555388065741225
ADA/USDT:USDT,long,long_1d_center_compression,2024-12-03 00:00:00+00:00,2024-12-03 03:00:00+00:00,1.2036,1.3258,47.32611587,0.10000208162129634,roi,180,False,473.0148,393.0,1.329,1.1849,0.0005,0.0005,1.1314,1.1796,-0.20145703392349948
SOL/USDT:USDT,short,short_compression_breakdown,2024-12-18 20:00:00+00:00,2024-12-19 19:00:00+00:00,211.54,190.187,28.12139137,0.10000227156082668,roi,1380,True,281.3482,1.33,212.63,187.0,0.0005,0.0005,224.232,219.409,-0.010950173686914562
NEAR/USDT:USDT,short,short_pullback_restart,2024-12-30 14:00:00+00:00,2025-01-01 20:00:00+00:00,5.049,5.281,-10.10359501,-0.04656067899545999,trailing_stop_loss,3240,True,217.107,43.0,5.297,4.873,0.0005,0.0005,5.351,5.281,0.094499986343
BTC/USDT:USDT,short,short_pullback_restart,2025-01-12 10:00:00+00:00,2025-01-12 15:00:00+00:00,93859.1,95051.1,-6.4322755,-0.013713093875017578,trailing_stop_loss,300,True,469.2955,0.005,95444.0,93783.0,0.0005,0.0005,99490.6,95051.1,0.0
TAO/USDT:USDT,short,short_pullback_restart,2025-01-15 10:00:00+00:00,2025-01-15 13:00:00+00:00,404.06,423.84,-10.81308283,-0.049952368146327926,stop_loss,180,True,216.57616,0.536,428.95,402.46,0.0005,0.0005,428.3,423.84,0.010874368
NEAR/USDT:USDT,short,short_pullback_restart,2025-01-15 10:00:00+00:00,2025-01-15 13:00:00+00:00,4.896,5.1,-10.658898,-0.04270885442721361,stop_loss,180,True,249.696,51.0,5.163,4.858,0.0005,0.0005,5.189,5.1,0.0
SUI/USDT:USDT,short,short_pullback_restart,2025-01-26 21:00:00+00:00,2025-01-27 05:00:00+00:00,4.0779,3.6667,39.37516336,0.10000595745271601,roi,480,True,393.92514,96.6,4.0812,3.6366,0.0005,0.0005,4.3225,4.1841,0.027307539551766173
ZEC/USDT:USDT,short,short_pullback_restart,2025-01-26 22:00:00+00:00,2025-01-27 07:00:00+00:00,45.91,41.28,38.36141897,0.10004747689544032,roi,540,True,383.62396,8.356,46.1,41.0,0.0005,0.0005,48.66,47.15,0.037418793053868
NEAR/USDT:USDT,short,short_pullback_restart,2025-01-26 22:00:00+00:00,2025-01-27 07:00:00+00:00,4.898,4.403,30.86964998,0.10008974355021204,roi,540,True,308.574,63.0,4.919,4.351,0.0005,0.0005,5.191,5.054,-0.02236851855
BNB/USDT:USDT,short,short_pullback_restart,2025-01-28 22:00:00+00:00,2025-01-29 04:00:00+00:00,661.01,678.16,-11.58273025,-0.02697160292525803,stop_loss,360,True,429.6565,0.65,679.35,659.13,0.0005,0.0005,700.67,678.16,0.0
ETH/USDT:USDT,short,short_pullback_restart,2025-01-28 17:00:00+00:00,2025-01-30 09:00:00+00:00,3149.41,3227.62,-11.39184825,-0.025485540357887193,trailing_stop_loss,2400,True,447.21622,0.142,3228.99,3038.0,0.0005,0.0005,3338.37,3227.62,0.16674087840886173
DOGE/USDT:USDT,short,short_compression_breakdown,2025-02-01 20:00:00+00:00,2025-02-02 16:00:00+00:00,0.31499,0.28323,24.96705573,0.10000335687011892,roi,1200,True,249.78707,793.0,0.31561,0.27576,0.0005,0.0005,0.33388,0.32691,0.0185699562168354
ETH/USDT:USDT,short,short_compression_breakdown,2025-02-01 20:00:00+00:00,2025-02-02 22:00:00+00:00,3195.18,2873.41,31.93629056,0.10000146061676235,roi,1560,True,319.518,0.1,3196.06,2736.01,0.0005,0.0005,3386.89,3292.08,0.062720060370614
SOL/USDT:USDT,short,short_compression_breakdown,2025-02-05 16:00:00+00:00,2025-02-09 02:00:00+00:00,201.64,201.82,-0.58536089,-0.002016980609207379,stale_loss_72h,4920,True,290.3616,1.44,203.86,187.16,0.0005,0.0005,213.738,208.935,-0.03566968679127729
BTC/USDT:USDT,short,short_pullback_restart,2025-02-09 14:00:00+00:00,2025-02-10 05:00:00+00:00,95835.5,97377.7,-8.17165491,-0.017062033967351755,stop_loss,900,True,479.1775,0.005,97634.0,94650.1,0.0005,0.0005,101585.6,97377.7,0.022378088183196608
LINK/USDT:USDT,short,short_pullback_restart,2025-02-06 15:00:00+00:00,2025-02-11 02:00:00+00:00,19.124,19.192,-1.13585986,-0.004498424141821385,stale_loss_72h,6420,True,252.62804,13.21,19.828,17.424,0.0005,0.0005,20.271,19.992,0.015497317994703103
DOGE/USDT:USDT,short,short_pullback_restart,2025-02-09 14:00:00+00:00,2025-02-11 02:00:00+00:00,0.24924,0.26045,-11.64792486,-0.04566127800336434,stop_loss,2160,True,255.22176,1024.0,0.26056,0.2395,0.0005,0.0005,0.26419,0.26045,0.0920764158359552
SOL/USDT:USDT,short,short_pullback_restart,2025-02-16 14:00:00+00:00,2025-02-18 06:00:00+00:00,190.56,171.252,36.37930759,0.10000150106814303,roi,2400,True,363.9696,1.91,191.16,164.22,0.0005,0.0005,201.993,196.48,-0.153441954605991
SUI/USDT:USDT,short,short_compression_breakdown,2025-02-16 14:00:00+00:00,2025-02-18 16:00:00+00:00,3.3265,2.99,38.49815827,0.09999103597216065,roi,3000,True,385.2087,115.8,3.3547,2.9512,0.0005,0.0005,3.526,3.4244,-0.10281638101839667
DOGE/USDT:USDT,short,short_compression_breakdown,2025-02-18 06:00:00+00:00,2025-02-21 07:00:00+00:00,0.25231,0.25354,-1.80172436,-0.005914310948414196,stale_loss_72h,4380,True,304.79048,1208.0,0.25747,0.24198,0.0005,0.0005,0.26744,0.26191,-0.010350960540835197
DOGE/USDT:USDT,short,short_pullback_restart,2025-02-23 16:00:00+00:00,2025-02-24 22:00:00+00:00,0.24063,0.21634,39.83197612,0.10000896918695187,roi,1800,True,398.48328,1656.0,0.24383,0.20571,0.0005,0.0005,0.25506,0.24778,-0.0138927182335488
SOL/USDT:USDT,short,short_compression_breakdown,2025-02-24 02:00:00+00:00,2025-02-24 22:00:00+00:00,163.52,147.02,29.25545254,0.10000002590970676,roi,1200,True,292.7008,1.79,164.88,137.16,0.0005,0.0005,173.331,170.141,-0.0016141642709648976
LINK/USDT:USDT,short,short_pullback_restart,2025-02-24 03:00:00+00:00,2025-02-24 22:00:00+00:00,17.26,15.515,38.50096673,0.09998937513607434,roi,1140,True,385.2432,22.32,17.261,14.94,0.0005,0.0005,18.295,17.77,-0.0816642700272
ETH/USDT:USDT,short,short_pullback_restart,2025-02-26 13:00:00+00:00,2025-02-28 01:00:00+00:00,2431.94,2187.29,37.67575454,0.09999875803631737,roi,2160,True,376.9507,0.155,2461.1,2177.0,0.0005,0.0005,2577.85,2513.31,0.11299486333029718
BTC/USDT:USDT,short,short_pullback_restart,2025-02-26 14:00:00+00:00,2025-02-28 08:00:00+00:00,87150.0,78396.2,43.55340217,0.10000043549026377,roi,2520,True,435.75,0.005,88500.0,78200.2,0.0005,0.0005,92379.0,89539.7,0.1982676700128834
LINK/USDT:USDT,short,short_pullback_restart,2025-03-02 14:00:00+00:00,2025-03-02 15:00:00+00:00,14.605,14.954,-13.77269187,-0.02492033418283945,stop_loss,60,True,552.9453,37.86,15.521,14.402,0.0005,0.0005,15.481,14.954,0.0
BTC/USDT:USDT,short,short_pullback_restart,2025-03-02 15:00:00+00:00,2025-03-02 15:00:00+00:00,85076.4,86618.0,-11.3921304,-0.019138813239221834,stop_loss,0,True,595.5348,0.007,88644.0,85030.1,0.0005,0.0005,90180.9,86618.0,0.0
BNB/USDT:USDT,short,short_pullback_restart,2025-02-27 15:00:00+00:00,2025-03-02 16:00:00+00:00,602.84,613.05,-8.09632354,-0.018925381660290196,stale_loss_72h,4380,True,428.0164,0.71,631.8,559.56,0.0005,0.0005,639.01,620.65,-0.4155825900578856
DOGE/USDT:USDT,short,short_compression_breakdown,2025-03-09 03:00:00+00:00,2025-03-09 16:00:00+00:00,0.18989,0.17074,34.24255616,0.1000103047259637,roi,780,True,342.56156,1804.0,0.19197,0.17032,0.0005,0.0005,0.20128,0.19634,0.021244415683673596
ZEC/USDT:USDT,short,short_pullback_restart,2025-03-09 03:00:00+00:00,2025-03-10 18:00:00+00:00,31.98,28.74,36.46563116,0.09998545622715631,roi,2340,True,364.8918,11.41,32.06,28.0,0.0005,0.0005,33.89,33.1,-0.15636124063602877
BTC/USDT:USDT,short,short_pullback_restart,2025-03-09 10:00:00+00:00,2025-03-11 00:00:00+00:00,85532.9,76922.2,59.84298186,0.09999981347053855,roi,2280,True,598.7303,0.007,85588.6,76560.0,0.0005,0.0005,90664.8,86564.5,0.1366747096128681
BTC/USDT:USDT,short,short_pullback_restart,2025-03-13 14:00:00+00:00,2025-03-14 15:00:00+00:00,81730.5,84464.4,-14.02833698,-0.03434545159353892,stop_loss,1500,True,408.6525,0.005,85270.2,79903.4,0.0005,0.0005,86634.3,84464.4,0.056650268811105645
SOL/USDT:USDT,short,short_compression_breakdown,2025-03-18 14:00:00+00:00,2025-03-19 00:00:00+00:00,122.28,126.16,-11.48588116,-0.032859432362864156,trailing_stop_loss,600,True,349.7208,2.86,126.2,121.8,0.0005,0.0005,129.61,126.16,-0.03381196408463073
ADA/USDT:USDT,short,short_compression_breakdown,2025-03-18 14:00:00+00:00,2025-03-19 09:00:00+00:00,0.6852,0.714,-13.1967133,-0.04330176691617551,trailing_stop_loss,1140,True,304.914,445.0,0.7166,0.6812,0.0005,0.0005,0.7263,0.714,-0.069391295305794
ADA/USDT:USDT,short,short_pullback_restart,2025-03-23 19:00:00+00:00,2025-03-24 00:00:00+00:00,0.6938,0.7168,-14.15366573,-0.034303218913865,stop_loss,300,True,412.811,595.0,0.7181,0.691,0.0005,0.0005,0.7354,0.7168,-0.049012227145000004
SOL/USDT:USDT,short,short_pullback_restart,2025-03-30 14:00:00+00:00,2025-03-30 18:00:00+00:00,123.37,126.72,-14.1650642,-0.02836424061142497,stop_loss,240,True,499.6485,4.05,126.84,122.81,0.0005,0.0005,130.77,126.72,-0.09113194777499999
XRP/USDT:USDT,short,short_compression_breakdown,2025-03-28 05:00:00+00:00,2025-03-31 09:00:00+00:00,2.2739,2.0425,34.4248206,0.09997810313479945,roi,4560,True,344.49585,151.5,2.2765,2.0321,0.0005,0.0005,2.4103,2.3637,-0.3053120971062873
BTC/USDT:USDT,short,short_pullback_restart,2025-04-03 13:00:00+00:00,2025-04-04 08:00:00+00:00,81912.3,84029.5,-13.12388759,-0.026716485835884242,stop_loss,1140,True,491.4738,0.006,84621.6,81172.2,0.0005,0.0005,86827.0,84029.5,0.0771378101617354
ETH/USDT:USDT,short,short_pullback_restart,2025-04-05 13:00:00+00:00,2025-04-06 18:00:00+00:00,1797.04,1615.8,63.58485955,0.10000228229035954,roi,1740,True,636.15216,0.354,1816.38,1601.0,0.0005,0.0005,1904.86,1829.47,0.029972231946604335
SOL/USDT:USDT,short,short_pullback_restart,2025-04-05 14:00:00+00:00,2025-04-06 20:00:00+00:00,117.79,105.91,30.48287553,0.09996890806030412,roi,1800,True,305.0761,2.59,121.08,105.26,0.0005,0.0005,124.85,122.24,0.0033670346590505516
ADA/USDT:USDT,short,short_compression_breakdown,2025-04-06 08:00:00+00:00,2025-04-06 20:00:00+00:00,0.638,0.5735,45.34780437,0.10001915623896628,roi,720,True,453.618,711.0,0.6415,0.569,0.0005,0.0005,0.6762,0.657,-0.08100738297422191
BTC/USDT:USDT,short,short_pullback_restart,2025-04-08 15:00:00+00:00,2025-04-09 17:00:00+00:00,78440.4,80581.3,-11.03552851,-0.028151434807872626,trailing_stop_loss,1560,True,392.202,0.005,82277.0,74578.5,0.0005,0.0005,83146.8,80581.3,0.06652574179296425
ZEC/USDT:USDT,short,short_pullback_restart,2025-04-18 07:00:00+00:00,2025-04-18 17:00:00+00:00,30.16,31.25,-14.75962589,-0.03697495298371768,stop_loss,600,True,399.37872,13.242,31.49,29.85,0.0005,0.0005,31.96,31.25,0.080749716
SUI/USDT:USDT,short,short_pullback_restart,2025-04-19 17:00:00+00:00,2025-04-19 18:00:00+00:00,2.1218,2.1657,-14.68795625,-0.02171118078598164,stop_loss,60,True,676.8542,319.0,2.1783,2.1203,0.0005,0.0005,2.2491,2.1657,0.0
NEAR/USDT:USDT,short,short_compression_breakdown,2025-05-06 11:00:00+00:00,2025-05-07 00:00:00+00:00,2.275,2.352,-14.82484701,-0.03486457810794096,stop_loss,780,True,425.425,187.0,2.364,2.229,0.0005,0.0005,2.411,2.352,0.006777491490000004
SOL/USDT:USDT,long,long_1d_center_compression,2025-05-09 00:00:00+00:00,2025-05-09 04:00:00+00:00,164.41,161.132,-14.0017101,-0.021017484508584285,stop_loss,240,False,665.8605,4.05,164.43,161.02,0.0005,0.0005,154.546,161.132,-0.06658754920875
BTC/USDT:USDT,long,long_1d_center_compression,2025-05-09 00:00:00+00:00,2025-05-12 18:00:00+00:00,103228.0,101163.6,-13.55460345,-0.02187363495568448,stop_loss,5400,False,619.368,0.006,105863.1,100678.0,0.0005,0.0005,97034.4,101163.6,-0.5550286491264432
BTC/USDT:USDT,long,long_1d_center_compression,2025-05-22 00:00:00+00:00,2025-05-23 12:00:00+00:00,109609.6,107417.4,-11.76171956,-0.021450386898922008,stop_loss,2160,False,548.048,0.005,111959.5,107250.0,0.0005,0.0005,103033.1,107417.4,-0.25815205513037104
BNB/USDT:USDT,long,long_1d_center_compression,2025-05-22 00:00:00+00:00,2025-05-23 22:00:00+00:00,673.59,660.11,-13.7224445,-0.020991671654782624,stop_loss,2760,False,653.3823,0.97,691.66,659.09,0.0005,0.0005,633.18,660.11,0.0
NEAR/USDT:USDT,short,short_pullback_restart,2025-06-01 10:00:00+00:00,2025-06-01 16:00:00+00:00,2.364,2.448,-12.96761497,-0.036587992163030186,trailing_stop_loss,360,True,354.6,150.0,2.47,2.359,0.0005,0.0005,2.505,2.448,-0.0067149704999999995
XRP/USDT:USDT,short,short_pullback_restart,2025-05-30 17:00:00+00:00,2025-06-02 18:00:00+00:00,2.1525,2.1677,-3.08911748,-0.007897953773417465,stale_loss_72h,4380,True,391.3245,181.8,2.2056,2.0778,0.0005,0.0005,2.2816,2.2289,0.06694870442394907
ADA/USDT:USDT,short,short_pullback_restart,2025-06-02 09:00:00+00:00,2025-06-02 22:00:00+00:00,0.6716,0.6909,-14.16635268,-0.029765852717464493,stop_loss,780,True,476.1644,709.0,0.6918,0.6632,0.0005,0.0005,0.7118,0.6909,0.00035356837400000004
LINK/USDT:USDT,short,short_pullback_restart,2025-06-01 10:00:00+00:00,2025-06-03 00:00:00+00:00,13.662,14.185,-13.45544402,-0.03894757597037505,trailing_stop_loss,2280,True,345.6486,25.3,14.232,13.58,0.0005,0.0005,14.481,14.185,0.1287205308048
DOGE/USDT:USDT,short,short_pullback_restart,2025-06-04 14:00:00+00:00,2025-06-05 19:00:00+00:00,0.19175,0.17244,46.20826718,0.10000099040076685,roi,1740,True,462.30925,2411.0,0.19349,0.1695,0.0005,0.0005,0.20325,0.19738,0.0908882241887749
SUI/USDT:USDT,short,short_pullback_restart,2025-06-04 11:00:00+00:00,2025-06-05 20:00:00+00:00,3.2197,2.8954,56.58170375,0.10001357321318773,roi,1980,True,566.02326,175.8,3.2461,2.8801,0.0005,0.0005,3.4128,3.2969,0.107281041304743
XRP/USDT:USDT,short,short_pullback_restart,2025-06-05 07:00:00+00:00,2025-06-08 08:00:00+00:00,2.1869,2.2065,-5.29367261,-0.009449237164619796,stale_loss_72h,4380,True,560.50247,256.3,2.2255,2.0576,0.0005,0.0005,2.3181,2.2293,0.2928216031710153
ETH/USDT:USDT,long,long_1d_center_compression,2025-06-11 00:00:00+00:00,2025-06-11 09:00:00+00:00,2815.74,2759.43,-14.07934582,-0.02117682413312582,stop_loss,540,False,664.51464,0.236,2834.23,2753.01,0.0005,0.0005,2646.8,2759.43,-0.13231576
PAXG/USDT:USDT,long,long_1d_center_compression,2025-06-14 00:00:00+00:00,2025-06-17 14:00:00+00:00,3459.63,3390.45,-13.67901755,-0.020690681339043962,stop_loss,5160,False,660.78933,0.191,3494.93,3390.0,0.0005,0.0005,3252.06,3390.45,0.18854509406152836
DOGE/USDT:USDT,short,short_compression_breakdown,2025-06-12 16:00:00+00:00,2025-06-17 15:00:00+00:00,0.18581,0.16716,39.44901478,0.10000685438494238,roi,7140,True,394.66044,2124.0,0.19003,0.1664,0.0005,0.0005,0.19695,0.1917,0.2112689177946288
ADA/USDT:USDT,short,short_compression_breakdown,2025-06-12 20:00:00+00:00,2025-06-17 17:00:00+00:00,0.668,0.6006,35.70527057,0.0999583976049808,roi,7020,True,357.38,535.0,0.6708,0.5992,0.0005,0.0005,0.708,0.6913,-0.014378929801356013
SOL/USDT:USDT,short,short_pullback_restart,2025-06-19 15:00:00+00:00,2025-06-19 22:00:00+00:00,143.09,147.37,-15.08478934,-0.030930916493001198,stop_loss,420,True,487.9369,3.41,147.44,142.83,0.0005,0.0005,151.67,147.37,0.005244955100000001
NEAR/USDT:USDT,short,short_pullback_restart,2025-06-21 14:00:00+00:00,2025-06-22 13:00:00+00:00,2.037,1.831,40.81946796,0.10024518385849772,roi,1380,True,407.4,200.0,2.054,1.824,0.0005,0.0005,2.159,2.108,0.006267960000000001
ETH/USDT:USDT,short,short_pullback_restart,2025-06-22 14:00:00+00:00,2025-06-23 14:00:00+00:00,2198.9,2304.88,-14.91918821,-0.04919011394949083,trailing_stop_loss,1440,True,303.4482,0.138,2317.0,2111.0,0.0005,0.0005,2330.83,2304.88,0.016812610259278292
SOL/USDT:USDT,short,short_pullback_restart,2025-06-21 18:00:00+00:00,2025-06-23 22:00:00+00:00,138.58,142.79,-14.97239613,-0.03133205342184291,stop_loss,3120,True,478.101,3.45,146.88,125.83,0.0005,0.0005,146.89,142.79,0.03746711771885726
BNB/USDT:USDT,short,short_pullback_restart,2025-06-22 14:00:00+00:00,2025-06-23 22:00:00+00:00,616.16,636.1,-15.2189362,-0.03339460239078251,stop_loss,1920,True,455.9584,0.74,642.56,600.91,0.0005,0.0005,653.12,636.1,0.0
LINK/USDT:USDT,short,short_compression_breakdown,2025-07-01 19:00:00+00:00,2025-07-02 15:00:00+00:00,12.848,13.278,-14.91473536,-0.03452560029198323,stop_loss,1200,True,432.20672,33.64,13.372,12.716,0.0005,0.0005,13.618,13.278,-0.010096040735304759
ETH/USDT:USDT,long,long_1d_center_compression,2025-07-10 00:00:00+00:00,2025-07-14 03:00:00+00:00,2767.69,3049.98,67.01222052,0.10000094531562062,roi,5940,False,669.78098,0.242,3051.91,2754.08,0.0005,0.0005,2601.63,2712.35,-0.598021407308
BTC/USDT:USDT,long,long_1d_center_compression,2025-07-10 00:00:00+00:00,2025-07-14 05:00:00+00:00,111199.8,122580.2,66.75325566,0.10000002354941873,roi,6060,False,667.1988,0.006,122814.9,110432.2,0.0005,0.0005,104527.9,108975.9,-0.8278043384821507
BNB/USDT:USDT,long,long_1d_center_compression,2025-07-11 00:00:00+00:00,2025-07-15 08:00:00+00:00,686.3,679.17,-6.63126683,-0.011497042202794164,swing_exit_long_1d,6240,False,576.492,0.84,708.0,675.0,0.0005,0.0005,645.13,672.58,-0.06856942848
ETH/USDT:USDT,long,long_1d_center_compression,2025-08-08 00:00:00+00:00,2025-08-09 22:00:00+00:00,3908.4,4305.73,71.55867291,0.0999988695418427,roi,2760,False,715.2372,0.183,4325.24,3876.7,0.0005,0.0005,3673.9,3830.24,-0.4011241957352448
BNB/USDT:USDT,long,long_1d_center_compression,2025-08-14 00:00:00+00:00,2025-08-14 13:00:00+00:00,848.29,831.34,-15.63919307,-0.021180375152703206,stop_loss,780,False,738.0123,0.87,870.15,821.0,0.0005,0.0005,797.4,831.34,-0.16205401874764125
BTC/USDT:USDT,long,long_1d_center_compression,2025-08-11 00:00:00+00:00,2025-08-15 14:00:00+00:00,119255.3,117723.2,-10.79412978,-0.015077925834035404,swing_exit_long_1d,6600,False,715.5318,0.006,124545.6,117004.0,0.0005,0.0005,112100.0,116870.2,-0.8905942804728981
BTC/USDT:USDT,short,short_pullback_restart,2025-08-21 17:00:00+00:00,2025-08-22 14:00:00+00:00,112350.8,114093.8,-11.02027859,-0.01635619785787443,trailing_stop_loss,1260,True,674.1048,0.006,116099.9,111625.9,0.0005,0.0005,119091.8,114093.8,0.11705520624000001
XRP/USDT:USDT,short,short_compression_breakdown,2025-08-22 04:00:00+00:00,2025-08-22 14:00:00+00:00,2.8314,2.9241,-16.10457832,-0.033712649808073654,stop_loss,600,True,477.94032,168.8,3.0395,2.7812,0.0005,0.0005,3.0012,2.9241,0.02894587841222424
NEAR/USDT:USDT,short,short_pullback_restart,2025-08-21 12:00:00+00:00,2025-08-22 15:00:00+00:00,2.481,2.574,-15.640647,-0.03822620701725308,stop_loss,1620,True,409.365,165.0,2.613,2.367,0.0005,0.0005,2.629,2.574,0.12139050000000001
BTC/USDT:USDT,short,short_pullback_restart,2025-08-29 02:00:00+00:00,2025-09-03 03:00:00+00:00,111425.0,111327.9,0.47803678,0.0007153928920185169,stale_flat_120h,7260,True,668.55,0.006,111797.2,107211.5,0.0005,0.0005,118110.5,113382.3,0.5636954834657016
SUI/USDT:USDT,short,short_compression_breakdown,2025-08-29 08:00:00+00:00,2025-09-03 10:00:00+00:00,3.355,3.339,1.68512847,0.004965662293102336,stale_flat_120h,7320,True,339.526,101.2,3.4006,3.106,0.0005,0.0005,3.5563,3.5065,0.40464487303467833
TAO/USDT:USDT,short,short_pullback_restart,2025-08-28 17:00:00+00:00,2025-09-03 16:00:00+00:00,328.15,325.84,3.52455908,0.007787005856548812,stale_flat_120h,8580,True,452.847,1.38,338.0,301.5,0.0005,0.0005,347.83,339.27,0.7880121771495755
TAO/USDT:USDT,short,short_compression_breakdown,2025-09-04 16:00:00+00:00,2025-09-05 12:00:00+00:00,313.24,322.66,-14.50351546,-0.030883179767213022,trailing_stop_loss,1200,True,469.86,1.5,326.43,310.63,0.0005,0.0005,332.03,322.66,0.10340954257816201
XRP/USDT:USDT,short,short_pullback_restart,2025-09-04 20:00:00+00:00,2025-09-05 12:00:00+00:00,2.7831,2.8587,-15.88871878,-0.0280680896526601,stop_loss,960,True,566.36085,203.5,2.8774,2.7765,0.0005,0.0005,2.95,2.8587,0.0699343686107792
ETH/USDT:USDT,long,long_1d_center_compression,2025-09-13 00:00:00+00:00,2025-09-13 16:00:00+00:00,4710.82,4616.62,-15.03933484,-0.021272756378627265,stop_loss,960,False,706.623,0.15,4768.0,4613.07,0.0005,0.0005,4428.18,4616.62,-0.20977683671251116
SOL/USDT:USDT,long,long_1d_center_compression,2025-09-11 00:00:00+00:00,2025-09-14 02:00:00+00:00,223.94,246.64,70.78766382,0.09998197934483176,roi,4440,False,707.6504,3.16,249.19,221.59,0.0005,0.0005,210.51,219.47,-0.2008197753688723
SUI/USDT:USDT,short,short_pullback_restart,2025-09-24 04:00:00+00:00,2025-09-24 14:00:00+00:00,3.275,3.4257,-15.90647583,-0.046995830456164484,stop_loss,600,True,338.635,103.4,3.4387,3.2333,0.0005,0.0005,3.4715,3.4257,0.022330364815
TAO/USDT:USDT,short,short_pullback_restart,2025-09-23 18:00:00+00:00,2025-09-28 23:00:00+00:00,308.93,306.06,3.66645405,0.009022927637419973,stale_flat_120h,7500,True,406.55188,1.316,316.64,289.44,0.0005,0.0005,327.46,320.75,0.2941974688559865
SUI/USDT:USDT,short,short_pullback_restart,2025-09-25 01:00:00+00:00,2025-10-01 09:00:00+00:00,3.3406,3.3811,-5.9312828,-0.012051576799271919,stale_loss_72h,9120,True,492.40444,147.4,3.4043,3.0676,0.0005,0.0005,3.541,3.4455,0.5338064888842036
BNB/USDT:USDT,long,long_1d_center_compression,2025-10-03 00:00:00+00:00,2025-10-06 06:00:00+00:00,1090.91,1201.83,72.03827001,0.10000306788016874,roi,4680,False,720.0006,0.66,1225.0,1084.5,0.0005,0.0005,1025.46,1069.1,-0.41232578861322916
XRP/USDT:USDT,short,short_compression_breakdown,2025-10-09 17:00:00+00:00,2025-10-10 20:00:00+00:00,2.7768,2.4969,59.17173069,0.09999992458904644,roi,1620,True,592.01376,213.2,2.8358,2.405,0.0005,0.0005,2.9434,2.8498,0.059227111068381876
PAXG/USDT:USDT,long,long_1d_center_compression,2025-09-23 00:00:00+00:00,2025-10-10 21:00:00+00:00,3756.0,3680.88,-16.94112652,-0.02335835746040194,stop_loss,25740,False,724.908,0.193,4352.72,3087.0,0.0005,0.0005,3530.64,3680.88,-1.7253076021633622
SOL/USDT:USDT,short,short_pullback_restart,2025-10-19 09:00:00+00:00,2025-10-19 09:00:00+00:00,184.08,188.11,-16.99086285,-0.022915059224527516,stop_loss,0,True,741.8424,4.03,188.66,183.06,0.0005,0.0005,195.12,188.11,0.0
XRP/USDT:USDT,short,short_pullback_restart,2025-10-19 09:00:00+00:00,2025-10-19 09:00:00+00:00,2.3312,2.3773,-15.6797953,-0.020795508426828375,stop_loss,0,True,754.37632,323.6,2.3826,2.3164,0.0005,0.0005,2.471,2.3773,0.0
ETH/USDT:USDT,short,short_compression_breakdown,2025-10-21 05:00:00+00:00,2025-10-21 14:00:00+00:00,3849.22,4009.27,-16.39774164,-0.04262147814961512,trailing_stop_loss,540,True,384.922,0.1,4023.58,3838.21,0.0005,0.0005,4080.17,4009.27,0.00018286324102307
SOL/USDT:USDT,short,short_pullback_restart,2025-10-20 17:00:00+00:00,2025-10-21 15:00:00+00:00,187.43,194.83,-16.51004584,-0.04061314686206967,stop_loss,1320,True,406.7231,2.17,197.13,182.65,0.0005,0.0005,198.67,194.83,-0.037293735106039
NEAR/USDT:USDT,short,short_pullback_restart,2025-11-02 15:00:00+00:00,2025-11-03 00:00:00+00:00,2.121,2.202,-15.99017497,-0.03908160941052958,stop_loss,540,True,409.353,193.0,2.202,2.101,0.0005,0.0005,2.248,2.202,0.0599945296118322
ADA/USDT:USDT,short,short_pullback_restart,2025-11-02 15:00:00+00:00,2025-11-03 15:00:00+00:00,0.5998,0.5392,47.55625019,0.1000334289868482,roi,1440,True,475.6414,793.0,0.612,0.5244,0.0005,0.0005,0.6357,0.6196,-0.047936308513430996
ETH/USDT:USDT,short,short_compression_breakdown,2025-10-29 16:00:00+00:00,2025-11-04 05:00:00+00:00,3950.23,3554.12,68.30530612,0.10000072704909589,roi,7980,True,683.38979,0.173,4017.11,3482.2,0.0005,0.0005,4187.24,4041.39,0.42740239038806427
DOGE/USDT:USDT,short,short_pullback_restart,2025-11-06 06:00:00+00:00,2025-11-07 15:00:00+00:00,0.16373,0.16923,-16.9982901,-0.034474267317141045,stop_loss,1980,True,493.31849,3013.0,0.1702,0.15691,0.0005,0.0005,0.17355,0.16923,0.0748141377899237
ETH/USDT:USDT,short,short_pullback_restart,2025-11-06 13:00:00+00:00,2025-11-07 20:00:00+00:00,3347.88,3462.93,-16.84089114,-0.035194625614445724,stop_loss,1860,True,478.74684,0.143,3470.0,3192.92,0.0005,0.0005,3548.75,3462.93,0.09823177131773497
BTC/USDT:USDT,short,short_pullback_restart,2025-11-04 06:00:00+00:00,2025-11-09 16:00:00+00:00,104164.3,103715.8,1.72675298,0.004146374497774663,stale_flat_120h,7800,True,416.6572,0.004,105190.0,98888.8,0.0005,0.0005,110414.1,107752.4,0.3485131784443406
ADA/USDT:USDT,short,short_compression_breakdown,2025-11-11 20:00:00+00:00,2025-11-14 12:00:00+00:00,0.5621,0.5055,38.81592352,0.09998514767110234,roi,3840,True,388.4111,691.0,0.5805,0.4994,0.0005,0.0005,0.5958,0.5854,0.07417931915382811
PAXG/USDT:USDT,long,long_1d_center_compression,2025-11-11 00:00:00+00:00,2025-11-14 13:00:00+00:00,4112.06,4029.82,-16.15590109,-0.02122672147413428,stop_loss,5100,False,760.7311,0.185,4236.22,4027.23,0.0005,0.0005,3865.34,4029.82,-0.18837718896644692
DOGE/USDT:USDT,short,short_pullback_restart,2025-11-19 06:00:00+00:00,2025-11-21 07:00:00+00:00,0.15641,0.14066,37.34009912,0.10002160737958335,roi,2940,True,373.50708,2388.0,0.15974,0.13392,0.0005,0.0005,0.16579,0.1633,0.08380069513919998
SUI/USDT:USDT,short,short_pullback_restart,2025-11-19 06:00:00+00:00,2025-11-21 07:00:00+00:00,1.6228,1.4599,33.04681515,0.10002090613583299,roi,2940,True,330.56436,203.7,1.6645,1.3148,0.0005,0.0005,1.7201,1.7035,0.1780581411315
ETH/USDT:USDT,short,short_pullback_restart,2025-11-20 16:00:00+00:00,2025-11-21 07:00:00+00:00,2954.52,2656.71,41.63722029,0.09999836124310583,roi,900,True,416.58732,0.141,2960.11,2642.65,0.0005,0.0005,3131.79,3070.97,0.04160200402560048
BNB/USDT:USDT,short,short_pullback_restart,2025-11-25 15:00:00+00:00,2025-11-25 23:00:00+00:00,842.28,866.81,-17.7691815,-0.03015297005961308,stop_loss,480,True,589.596,0.7,868.1,837.54,0.0005,0.0005,892.81,866.81,0.0
NEAR/USDT:USDT,short,short_pullback_restart,2025-11-28 02:00:00+00:00,2025-11-28 15:00:00+00:00,1.878,1.953,-17.37364833,-0.04095474261771108,stop_loss,780,True,424.428,226.0,1.955,1.865,0.0005,0.0005,1.99,1.953,0.009254674101484799
NEAR/USDT:USDT,short,short_compression_breakdown,2025-11-29 15:00:00+00:00,2025-12-01 03:00:00+00:00,1.861,1.673,67.5537128,0.10004915535099415,roi,2160,True,675.543,363.0,1.882,1.668,0.0005,0.0005,1.972,1.907,-0.04886620351239
TAO/USDT:USDT,short,short_compression_breakdown,2025-11-29 18:00:00+00:00,2025-12-01 11:00:00+00:00,293.63,263.93,64.91884228,0.10000055724964155,roi,2460,True,649.50956,2.212,299.16,263.01,0.0005,0.0005,311.24,300.1,-0.16089636119488065
DOGE/USDT:USDT,short,short_pullback_restart,2025-12-07 14:00:00+00:00,2025-12-07 17:00:00+00:00,0.13819,0.14101,-18.03407988,-0.021439629750756476,stop_loss,180,True,841.5771,6090.0,0.14203,0.13478,0.0005,0.0005,0.14648,0.14101,-0.010115879070003
XRP/USDT:USDT,short,short_compression_breakdown,2025-12-05 10:00:00+00:00,2025-12-08 09:00:00+00:00,2.0566,2.1153,-18.97823107,-0.030014890896577183,stop_loss,4260,True,632.61016,307.6,2.1233,1.9877,0.0005,0.0005,2.1799,2.1153,-0.2804728464888452
SUI/USDT:USDT,short,short_compression_breakdown,2025-12-11 15:00:00+00:00,2025-12-11 18:00:00+00:00,1.5259,1.5685,-18.4078471,-0.028985674172943506,stop_loss,180,True,635.38476,416.4,1.5776,1.5225,0.0005,0.0005,1.6174,1.5685,-0.0249530202564
NEAR/USDT:USDT,short,short_compression_breakdown,2025-12-14 18:00:00+00:00,2025-12-15 02:00:00+00:00,1.592,1.641,-16.59851546,-0.03199821744734933,trailing_stop_loss,480,True,518.992,326.0,1.646,1.569,0.0005,0.0005,1.687,1.641,-0.09753645520815059
ADA/USDT:USDT,short,short_pullback_restart,2025-12-15 15:00:00+00:00,2025-12-18 17:00:00+00:00,0.3923,0.3528,42.745244,0.10001386159173453,roi,4440,True,427.607,1090.0,0.4,0.3502,0.0005,0.0005,0.4158,0.4073,0.096323496030505
XRP/USDT:USDT,short,short_pullback_restart,2025-12-14 11:00:00+00:00,2025-12-18 19:00:00+00:00,2.0053,1.8008,82.20453635,0.10001010025163357,roi,6240,True,822.37353,410.1,2.0133,1.7987,0.0005,0.0005,2.1256,2.0311,-0.8804728491611273
SOL/USDT:USDT,short,short_pullback_restart,2025-12-21 02:00:00+00:00,2025-12-22 00:00:00+00:00,125.06,126.79,-12.64592397,-0.014726264836892876,stop_loss,1320,True,859.1622,6.87,128.51,123.3,0.0005,0.0005,132.56,126.79,0.10428077870925515
ADA/USDT:USDT,short,short_pullback_restart,2025-12-21 02:00:00+00:00,2025-12-22 15:00:00+00:00,0.3696,0.3798,-18.82358229,-0.02869092528414377,stop_loss,2220,True,656.4096,1776.0,0.3822,0.3573,0.0005,0.0005,0.3917,0.3798,-0.042915087304339204
ADA/USDT:USDT,short,short_compression_breakdown,2025-12-23 14:00:00+00:00,2025-12-27 21:00:00+00:00,0.3613,0.3617,-0.94563087,-0.0017341790443284836,stale_loss_72h,6180,True,545.563,1510.0,0.3702,0.3389,0.0005,0.0005,0.3829,0.3726,0.204234127224806
XRP/USDT:USDT,short,short_pullback_restart,2025-12-28 19:00:00+00:00,2025-12-29 01:00:00+00:00,1.8559,1.8803,-11.9915296,-0.014136308431383535,stop_loss,360,True,848.70307,457.3,1.886,1.8528,0.0005,0.0005,1.9672,1.8803,0.020872525608
PAXG/USDT:USDT,long,long_1d_center_compression,2025-12-12 00:00:00+00:00,2025-12-29 09:00:00+00:00,4282.51,4473.2,35.34359812,0.042962945932535024,swing_exit_long_1d,25020,False,822.24192,0.192,4575.94,4270.33,0.0005,0.0005,4025.56,4196.86,-0.4283337161295618
NEAR/USDT:USDT,short,short_compression_breakdown,2025-12-31 11:00:00+00:00,2026-01-01 11:00:00+00:00,1.5,1.533,-18.61873008,-0.022744864593468892,stop_loss,1440,True,819.0,546.0,1.534,1.467,0.0005,0.0005,1.59,1.533,0.22727892096
ADA/USDT:USDT,short,short_pullback_restart,2026-01-20 09:00:00+00:00,2026-01-21 22:00:00+00:00,0.3605,0.3728,-18.47737568,-0.035003751879489994,trailing_stop_loss,2220,True,528.1325,1465.0,0.374,0.3462,0.0005,0.0005,0.3821,0.3728,0.079266565230639
PAXG/USDT:USDT,long,long_1d_center_compression,2026-01-07 00:00:00+00:00,2026-01-22 23:00:00+00:00,4507.71,4971.15,84.78698857,0.09999960854524222,roi,22980,False,847.44948,0.188,4980.0,4420.15,0.0005,0.0005,4237.25,4417.56,-1.4487185936550904
ZEC/USDT:USDT,short,short_pullback_restart,2026-01-23 08:00:00+00:00,2026-01-23 17:00:00+00:00,358.23,372.97,-19.33195112,-0.04261419825006378,trailing_stop_loss,540,True,453.87741,1.267,374.24,354.83,0.0005,0.0005,379.72,372.97,-0.1931559161580773
ETH/USDT:USDT,short,short_pullback_restart,2026-01-25 04:00:00+00:00,2026-01-27 16:00:00+00:00,2941.54,2969.6,-8.85175414,-0.01024057766112928,stop_loss,3600,True,864.81276,0.294,2997.64,2784.15,0.0005,0.0005,3118.03,2969.6,0.26682344232435984
XRP/USDT:USDT,short,short_pullback_restart,2026-01-22 14:00:00+00:00,2026-01-27 17:00:00+00:00,1.9291,1.9129,6.28059016,0.007562894517799006,stale_flat_120h,7380,True,830.86337,430.7,1.9649,1.8095,0.0005,0.0005,2.0448,1.9673,0.13062486382258393
NEAR/USDT:USDT,short,short_pullback_restart,2026-01-20 07:00:00+00:00,2026-01-29 14:00:00+00:00,1.561,1.405,44.81785526,0.09974080761464084,roi,13380,True,449.568,288.0,1.574,1.393,0.0005,0.0005,1.654,1.624,0.3169592595211104
TAO/USDT:USDT,short,short_pullback_restart,2026-01-29 02:00:00+00:00,2026-01-30 01:00:00+00:00,233.85,210.24,49.85297633,0.0999954095770934,roi,1380,True,498.80205,2.133,234.61,209.38,0.0005,0.0005,247.88,241.44,-0.03353168921797548
ADA/USDT:USDT,short,short_pullback_restart,2026-01-29 03:00:00+00:00,2026-01-31 04:00:00+00:00,0.3504,0.315,54.51011354,0.09989936722072913,roi,2940,True,545.9232,1558.0,0.353,0.3142,0.0005,0.0005,0.3714,0.3622,-0.12473985729876841
BTC/USDT:USDT,short,short_compression_breakdown,2026-01-29 15:00:00+00:00,2026-01-31 17:00:00+00:00,86978.8,78228.0,86.93554841,0.10000027354822609,roi,3000,True,869.788,0.01,87013.7,78010.1,0.0005,0.0005,92197.5,88560.6,0.2535824115840702
LINK/USDT:USDT,short,short_pullback_restart,2026-01-31 09:00:00+00:00,2026-01-31 17:00:00+00:00,10.461,9.406,44.26219779,0.09995938128313099,roi,480,True,443.02335,42.35,10.572,9.357,0.0005,0.0005,11.088,10.874,0.003631518429
BNB/USDT:USDT,short,short_pullback_restart,2026-01-31 09:00:00+00:00,2026-01-31 18:00:00+00:00,836.33,751.94,59.35306415,0.10000560047101141,roi,540,True,593.7943,0.71,841.47,749.21,0.0005,0.0005,886.5,863.33,0.0
TAO/USDT:USDT,short,short_pullback_restart,2026-02-03 15:00:00+00:00,2026-02-03 20:00:00+00:00,191.97,200.14,-21.48366959,-0.043499449272112134,stop_loss,300,True,494.13078,2.574,204.2,184.33,0.0005,0.0005,203.48,200.14,0.050555981609991
SOL/USDT:USDT,short,short_pullback_restart,2026-02-03 15:00:00+00:00,2026-02-04 17:00:00+00:00,100.78,90.5,46.84020689,0.10000200310557153,roi,1560,True,468.627,4.65,102.73,89.92,0.0005,0.0005,106.82,105.32,-0.5170671139645251
BTC/USDT:USDT,short,short_pullback_restart,2026-02-03 17:00:00+00:00,2026-02-05 15:00:00+00:00,76458.2,68756.7,53.49429112,0.1000005822898243,roi,2760,True,535.2074,0.007,76952.5,66666.0,0.0005,0.0005,81045.6,79200.6,0.0920432680996149
NEAR/USDT:USDT,short,short_pullback_restart,2026-02-04 14:00:00+00:00,2026-02-05 15:00:00+00:00,1.159,1.042,49.81808568,0.10024518199233685,roi,1500,True,497.211,429.0,1.187,1.033,0.0005,0.0005,1.228,1.208,0.09720017953545901
ADA/USDT:USDT,short,short_pullback_restart,2026-02-10 07:00:00+00:00,2026-02-13 08:00:00+00:00,0.262,0.2619,-0.46993076,-0.0009663576295211861,stale_loss_72h,4380,True,486.534,1857.0,0.2694,0.2502,0.0005,0.0005,0.2777,0.2726,-0.169189607218059
DOGE/USDT:USDT,short,short_pullback_restart,2026-02-10 07:00:00+00:00,2026-02-13 09:00:00+00:00,0.09329,0.09384,-3.73300858,-0.007109770288943621,stale_loss_72h,4440,True,525.31599,5631.0,0.09454,0.08783,0.0005,0.0005,0.09888,0.09719,-0.10909406390351671
BNB/USDT:USDT,short,short_pullback_restart,2026-02-09 08:00:00+00:00,2026-02-14 09:00:00+00:00,631.85,627.23,3.8707462,0.006318677262188902,stale_flat_120h,7260,True,612.8945,0.97,644.13,587.03,0.0005,0.0005,669.76,654.49,0.0
ETH/USDT:USDT,short,short_pullback_restart,2026-02-17 15:00:00+00:00,2026-02-17 16:00:00+00:00,1947.55,2007.95,-21.11515786,-0.03209269713679132,trailing_stop_loss,60,True,658.2719,0.338,2009.89,1940.01,0.0005,0.0005,2064.4,2007.95,-0.031478359458
LINK/USDT:USDT,short,short_compression_breakdown,2026-02-19 14:00:00+00:00,2026-02-20 15:00:00+00:00,8.395,8.763,-22.38113319,-0.044897175520927673,stop_loss,1500,True,498.74695,59.41,8.839,8.338,0.0005,0.0005,8.898,8.763,-0.008574803091973785
ADA/USDT:USDT,short,short_compression_breakdown,2026-02-22 13:00:00+00:00,2026-02-25 13:00:00+00:00,0.2731,0.28,-21.25479612,-0.026494324964523,trailing_stop_loss,4320,True,802.6409,2939.0,0.28,0.2534,0.0005,0.0005,0.2894,0.28,-0.16291567490482178
XRP/USDT:USDT,short,short_pullback_restart,2026-02-22 13:00:00+00:00,2026-02-25 14:00:00+00:00,1.4081,1.4126,-4.93330564,-0.004873171161871498,stale_loss_72h,4380,True,1012.84633,719.3,1.4363,1.3115,0.0005,0.0005,1.4925,1.4341,-0.6819908891552239
TAO/USDT:USDT,short,short_compression_breakdown,2026-02-22 13:00:00+00:00,2026-02-25 14:00:00+00:00,175.05,179.76,-15.01079925,-0.028906466470115397,stale_loss_72h,4380,True,519.5484,2.968,181.62,163.01,0.0005,0.0005,185.55,181.06,-0.5049812099111648
ZEC/USDT:USDT,short,short_compression_breakdown,2026-03-06 13:00:00+00:00,2026-03-07 22:00:00+00:00,221.24,198.81,52.34289356,0.10000299823136424,roi,1980,True,523.67508,2.367,221.81,193.31,0.0005,0.0005,234.51,230.27,-0.25178726454819306
SOL/USDT:USDT,short,short_compression_breakdown,2026-03-07 20:00:00+00:00,2026-03-09 13:00:00+00:00,82.47,85.0,-22.51784396,-0.03236723236750335,stop_loss,2460,True,696.0468,8.44,85.71,80.18,0.0005,0.0005,87.41,85.0,-0.45792056238673984
BNB/USDT:USDT,short,short_pullback_restart,2026-03-22 00:00:00+00:00,2026-03-23 11:00:00+00:00,630.29,646.74,-22.48258298,-0.027242796990634595,stop_loss,2100,True,825.6799,1.31,650.68,620.0,0.0005,0.0005,668.1,646.74,-0.09662832568239293
XRP/USDT:USDT,short,short_pullback_restart,2026-03-22 00:00:00+00:00,2026-03-23 14:00:00+00:00,1.4081,1.4474,-22.44004946,-0.029016151899456506,stop_loss,2280,True,773.75095,549.5,1.4561,1.3608,0.0005,0.0005,1.4925,1.4474,-0.06015083892656719
SUI/USDT:USDT,short,short_pullback_restart,2026-03-22 00:00:00+00:00,2026-03-23 15:00:00+00:00,0.9323,0.969,-22.17036223,-0.04044913940788716,stop_loss,2340,True,548.37886,588.2,0.9709,0.8903,0.0005,0.0005,0.9882,0.969,-0.02424990322456046
XRP/USDT:USDT,short,short_compression_breakdown,2026-03-24 17:00:00+00:00,2026-03-25 11:00:00+00:00,1.39,1.4353,-21.81164172,-0.033683068900980356,stop_loss,1080,True,647.879,466.1,1.4372,1.3826,0.0005,0.0005,1.4734,1.4353,-0.03887555336668902
BTC/USDT:USDT,short,short_compression_breakdown,2026-03-27 09:00:00+00:00,2026-03-30 13:00:00+00:00,67876.7,67859.4,-0.78130684,-0.0009597030213662201,stale_loss_72h,4560,True,814.5204,0.012,68148.4,64918.2,0.0005,0.0005,71949.3,69313.6,-0.17449024498662327
ADA/USDT:USDT,short,short_compression_breakdown,2026-03-27 09:00:00+00:00,2026-04-01 07:00:00+00:00,0.252,0.2519,-1.20174231,-0.001298286882346259,stale_loss_72h,7080,True,926.1,3675.0,0.2547,0.2324,0.0005,0.0005,0.2671,0.2578,-0.643326063125655
NEAR/USDT:USDT,short,short_pullback_restart,2026-04-02 02:00:00+00:00,2026-04-03 08:00:00+00:00,1.17,1.217,-19.82609891,-0.04095135414026019,trailing_stop_loss,1800,True,484.38,414.0,1.222,1.138,0.0005,0.0005,1.24,1.217,0.1260100869563412
XRP/USDT:USDT,short,short_pullback_restart,2026-03-26 06:00:00+00:00,2026-04-06 08:00:00+00:00,1.388,1.3437,23.93708145,0.029354139327209695,stale_low_profit_240h,15960,True,815.8664,587.8,1.3922,1.277,0.0005,0.0005,1.4712,1.4236,-1.2996119247139035
BNB/USDT:USDT,short,short_pullback_restart,2026-04-01 14:00:00+00:00,2026-04-06 15:00:00+00:00,611.36,607.38,5.40210777,0.0055601473476265964,stale_flat_120h,7260,True,972.0624,1.59,619.98,570.71,0.0005,0.0005,648.04,623.4,0.04280606891761023
ADA/USDT:USDT,short,short_compression_breakdown,2026-04-13 00:00:00+00:00,2026-04-13 12:00:00+00:00,0.2359,0.2413,-22.25873017,-0.02426210146647836,stop_loss,720,True,917.8869,3891.0,0.2419,0.2357,0.0005,0.0005,0.25,0.2413,-0.3189375651655338
BTC/USDT:USDT,long,long_1d_center_compression,2026-04-18 00:00:00+00:00,2026-04-18 18:00:00+00:00,77030.6,75490.0,-19.22016428,-0.02078238929345367,stop_loss,1080,False,924.3672,0.012,77380.0,75395.9,0.0005,0.0005,72408.8,75490.0,0.18215932108231891
TAO/USDT:USDT,short,short_compression_breakdown,2026-04-30 15:00:00+00:00,2026-05-01 03:00:00+00:00,247.64,252.29,-15.42980066,-0.01968378706190716,trailing_stop_loss,720,True,784.27588,3.167,253.83,247.21,0.0005,0.0005,262.49,252.29,0.08838849579391514
SOL/USDT:USDT,short,short_compression_breakdown,2026-05-23 08:00:00+00:00,2026-05-23 20:00:00+00:00,82.19,85.41,-19.52740337,-0.04063374514956067,trailing_stop_loss,720,True,480.8115,5.85,87.05,81.63,0.0005,0.0005,87.12,85.41,-0.2001733724023979
XRP/USDT:USDT,short,short_pullback_restart,2026-05-22 07:00:00+00:00,2026-05-25 09:00:00+00:00,1.3599,1.3587,-0.32324129,-0.0003365607183489561,stale_loss_72h,4440,True,960.90534,706.6,1.3756,1.2951,0.0005,0.0005,1.4414,1.3821,-0.21067990983528875
XRP/USDT:USDT,short,short_pullback_restart,2026-05-25 23:00:00+00:00,2026-05-30 01:00:00+00:00,1.3481,1.3479,-0.91844346,-0.0009631597453871621,stale_loss_72h,5880,True,954.05037,707.7,1.3654,1.2668,0.0005,0.0005,1.4289,1.3665,-0.1060038550831445
DOGE/USDT:USDT,short,short_pullback_restart,2026-05-31 15:00:00+00:00,2026-06-01 03:00:00+00:00,0.09997,0.10146,-12.96294819,-0.015855933639604504,trailing_stop_loss,720,True,817.95454,8182.0,0.10154,0.09895,0.0005,0.0005,0.10596,0.10146,0.05228194064544921
SOL/USDT:USDT,short,short_pullback_restart,2026-05-31 15:00:00+00:00,2026-06-02 22:00:00+00:00,81.92,73.67,95.28293221,0.09997453461087086,roi,3300,True,953.5488,11.64,83.08,73.27,0.0005,0.0005,86.83,83.39,0.15846601301240495
ADA/USDT:USDT,short,short_pullback_restart,2026-05-31 15:00:00+00:00,2026-06-02 23:00:00+00:00,0.2338,0.2102,95.26620232,0.09994425667240606,roi,3360,True,953.6702,4079.0,0.2375,0.2093,0.0005,0.0005,0.2478,0.2388,-0.0926596802203895
ETH/USDT:USDT,short,short_pullback_restart,2026-06-05 03:00:00+00:00,2026-06-05 16:00:00+00:00,1729.52,1554.84,54.45354214,0.10000165663225696,roi,780,True,544.7988,0.315,1747.0,1546.0,0.0005,0.0005,1833.29,1795.46,-0.053371155593692446
XRP/USDT:USDT,short,short_pullback_restart,2026-06-03 20:00:00+00:00,2026-06-05 18:00:00+00:00,1.2033,1.0814,54.5631022,0.09999391211802426,roi,2760,True,545.93721,453.7,1.2199,1.0796,0.0005,0.0005,1.2754,1.2481,-0.22464360283855983
LINK/USDT:USDT,short,short_pullback_restart,2026-06-05 03:00:00+00:00,2026-06-06 04:00:00+00:00,7.798,7.012,47.28804312,0.09998612580014504,roi,1500,True,473.18264,60.68,7.892,6.987,0.0005,0.0005,8.265,8.156,0.04289852285964477
BTC/USDT:USDT,short,short_pullback_restart,2026-06-07 20:00:00+00:00,2026-06-07 22:00:00+00:00,61303.7,63043.1,-23.4204542,-0.029402379258000075,stop_loss,120,True,796.9481,0.013,64250.0,61189.7,0.0005,0.0005,64981.9,63043.1,0.0
LINK/USDT:USDT,short,short_pullback_restart,2026-06-07 20:00:00+00:00,2026-06-07 22:00:00+00:00,7.591,7.864,-23.48846993,-0.03700012304396943,stop_loss,120,True,635.13897,83.67,8.04,7.566,0.0005,0.0005,8.046,7.864,0.0
BTC/USDT:USDT,short,short_pullback_restart,2026-06-09 14:00:00+00:00,2026-06-11 17:00:00+00:00,62244.4,63592.2,-22.52508709,-0.022628898410573698,stop_loss,3060,True,995.9104,0.016,63643.0,60691.9,0.0005,0.0005,65979.0,63592.2,0.04640571264638711
DOGE/USDT:USDT,short,short_pullback_restart,2026-06-09 16:00:00+00:00,2026-06-11 18:00:00+00:00,0.08407,0.08688,-23.11526256,-0.034232219395062075,stop_loss,3000,True,675.58652,8036.0,0.08698,0.08177,0.0005,0.0005,0.08911,0.08688,0.1527745395636236
ETH/USDT:USDT,short,short_pullback_restart,2026-06-09 15:00:00+00:00,2026-06-12 16:00:00+00:00,1644.91,1658.98,-6.71618649,-0.009891172042356514,stale_loss_72h,4380,True,679.34783,0.413,1693.38,1602.05,0.0005,0.0005,1743.6,1699.42,-0.22302320354439764
ADA/USDT:USDT,short,short_compression_breakdown,2026-06-17 09:00:00+00:00,2026-06-18 00:00:00+00:00,0.1689,0.1668,6.08751927,0.011458589415231773,force_exit,900,True,531.5283,3147.0,0.1728,0.1635,0.0005,0.0005,0.179,0.1754,0.007043224084711499
