pair,open_date,close_date,profit_ratio_final,max_profit_ratio,bars_in_trade,profitable_bars,same_tag_signal_bars,profitable_same_tag_signal_bars,first_profitable_same_tag_profit,max_profitable_same_tag_profit
NEAR/USDT:USDT,2023-07-27 19:00:00+00:00,2023-07-28 03:35:00+00:00,-0.027591380964883075,0.0014771048744460869,8,0,0,0,,
SUI/USDT:USDT,2023-07-30 20:00:00+00:00,2023-07-30 20:00:00+00:00,-0.0018114209405415607,0.043907971484121865,0,0,0,0,,
ZEC/USDT:USDT,2023-07-30 07:00:00+00:00,2023-07-31 00:40:00+00:00,0.0006325363671252388,0.04760319573901464,17,9,0,0,,
ZEC/USDT:USDT,2023-08-04 09:00:00+00:00,2023-08-06 00:25:00+00:00,0.0004353909679104505,0.025187202178352568,39,33,0,0,,
ETH/USDT:USDT,2023-08-02 15:00:00+00:00,2023-08-07 01:30:00+00:00,-0.0003464629838291412,0.017480105380374297,106,91,0,0,,
ADA/USDT:USDT,2023-08-06 14:00:00+00:00,2023-08-07 02:50:00+00:00,-0.014517619749620615,0.005481329222336384,12,4,0,0,,
NEAR/USDT:USDT,2023-08-06 14:00:00+00:00,2023-08-08 00:10:00+00:00,0.000857083255307107,0.03273809523809527,34,21,1,1,0.008184523809523898,0.008184523809523898
ADA/USDT:USDT,2023-08-15 19:00:00+00:00,2023-08-16 13:40:00+00:00,0.05142150034086832,0.054684778822710015,18,18,0,0,,
ZEC/USDT:USDT,2023-08-17 15:00:00+00:00,2023-08-17 16:30:00+00:00,0.00022277057812774352,0.021722846441947503,1,1,0,0,,
ETH/USDT:USDT,2023-08-17 15:00:00+00:00,2023-08-17 21:40:00+00:00,0.09999793599660259,0.16071026944356975,6,6,0,0,,
ADA/USDT:USDT,2023-08-17 16:30:00+00:00,2023-08-17 21:40:00+00:00,0.1001782942753428,0.13823857302118175,5,1,0,0,,
NEAR/USDT:USDT,2023-08-21 11:00:00+00:00,2023-08-21 15:25:00+00:00,0.0007587273425816599,0.02811950790861143,4,1,0,0,,
LINK/USDT:USDT,2023-08-21 11:00:00+00:00,2023-08-21 15:35:00+00:00,0.00014144947310682721,0.022164276401564556,4,1,0,0,,
NEAR/USDT:USDT,2023-08-22 18:00:00+00:00,2023-08-22 20:45:00+00:00,-0.03373076183868501,0.008174386920980834,2,0,0,0,,
XRP/USDT:USDT,2023-08-22 14:00:00+00:00,2023-08-22 21:25:00+00:00,0.0001410625334023242,0.021438316117715864,7,4,0,0,,
ZEC/USDT:USDT,2023-08-24 15:00:00+00:00,2023-08-24 23:25:00+00:00,7.801994148081955e-05,0.024776604386677475,8,6,0,0,,
ADA/USDT:USDT,2023-08-26 09:00:00+00:00,2023-08-26 21:50:00+00:00,-0.013108860376573583,0.0015479876160991155,12,0,0,0,,
ETH/USDT:USDT,2023-08-24 15:00:00+00:00,2023-08-27 15:05:00+00:00,-0.009128082324409861,0.008151628806068954,72,5,0,0,,
SOL/USDT:USDT,2023-08-24 15:00:00+00:00,2023-08-29 12:20:00+00:00,0.05021675600044371,0.05774574914040802,117,117,0,0,,
LINK/USDT:USDT,2023-09-01 18:00:00+00:00,2023-09-03 04:10:00+00:00,-0.034479046517515495,0.0025662959794695776,34,0,0,0,,
DOGE/USDT:USDT,2023-09-04 22:00:00+00:00,2023-09-05 02:45:00+00:00,-0.02105257854582729,0.0014453187730849495,4,0,0,0,,
BTC/USDT:USDT,2023-09-04 22:00:00+00:00,2023-09-06 17:55:00+00:00,-0.013319072289479442,0.013174044677194937,43,4,1,1,0.002263862749911298,0.002263862749911298
XRP/USDT:USDT,2023-09-06 15:00:00+00:00,2023-09-07 21:05:00+00:00,-0.01451640480309159,0.016041708441948972,30,8,0,0,,
ADA/USDT:USDT,2023-09-26 16:00:00+00:00,2023-09-27 11:10:00+00:00,-0.010547163385482011,0.006952965235173853,19,7,0,0,,
SUI/USDT:USDT,2023-10-09 09:00:00+00:00,2023-10-09 09:00:00+00:00,-0.0033338347495426033,0.07435897435897432,0,0,0,0,,
XRP/USDT:USDT,2023-10-12 09:00:00+00:00,2023-10-13 20:50:00+00:00,-0.02818383274790893,0.010077682133109441,35,0,0,0,,
ETH/USDT:USDT,2023-10-12 10:00:00+00:00,2023-10-13 21:00:00+00:00,-0.019902485930922656,0.017183870004802152,35,13,0,0,,
ADA/USDT:USDT,2023-10-12 10:00:00+00:00,2023-10-13 21:00:00+00:00,-0.019616214553110623,0.008206811653672555,35,3,0,0,,
ZEC/USDT:USDT,2023-12-31 21:00:00+00:00,2024-01-01 18:10:00+00:00,0.000844621828901479,0.08282319049333817,21,21,0,0,,
ADA/USDT:USDT,2024-01-18 11:00:00+00:00,2024-01-19 03:30:00+00:00,0.050033672250605246,0.0527233960069781,16,14,0,0,,
NEAR/USDT:USDT,2024-01-21 16:00:00+00:00,2024-01-22 10:20:00+00:00,0.05267353913042856,0.05534930813364838,18,14,1,1,0.01349983125210936,0.01349983125210936
XRP/USDT:USDT,2024-01-22 00:00:00+00:00,2024-01-23 08:15:00+00:00,0.052055458205299346,0.05544373284537968,32,32,0,0,,
BTC/USDT:USDT,2024-01-22 02:00:00+00:00,2024-01-23 09:10:00+00:00,0.05170696164518814,0.05231373250588076,31,31,0,0,,
XRP/USDT:USDT,2024-01-25 13:00:00+00:00,2024-01-26 10:30:00+00:00,-0.017044180104961695,0.009246507967735445,21,3,0,0,,
BTC/USDT:USDT,2024-01-24 21:00:00+00:00,2024-01-26 10:40:00+00:00,-0.027792764069790032,0.0013806042798732308,37,0,0,0,,
ETH/USDT:USDT,2024-01-29 14:00:00+00:00,2024-01-29 16:00:00+00:00,-0.017161580482808636,0.005165827981048295,2,0,0,0,,
ZEC/USDT:USDT,2024-02-05 16:00:00+00:00,2024-02-06 19:50:00+00:00,0.051710511621667905,0.05508474576271178,27,13,0,0,,
ZEC/USDT:USDT,2024-04-12 14:00:00+00:00,2024-04-12 17:30:00+00:00,0.057087251222668396,0.06631097560975605,3,2,0,0,,
LINK/USDT:USDT,2024-04-28 23:00:00+00:00,2024-04-30 12:15:00+00:00,0.051641042615468466,0.06471394560277038,37,12,0,0,,
XRP/USDT:USDT,2024-04-30 09:00:00+00:00,2024-04-30 15:00:00+00:00,0.0001985420739916774,0.027151127969654625,6,5,0,0,,
LINK/USDT:USDT,2024-05-11 21:00:00+00:00,2024-05-13 06:45:00+00:00,0.00019772341078175268,0.02193606348730997,33,10,0,0,,
ETH/USDT:USDT,2024-05-10 15:00:00+00:00,2024-05-13 07:00:00+00:00,0.0005525718365744266,0.02412262019566616,64,60,0,0,,
XRP/USDT:USDT,2024-05-10 15:00:00+00:00,2024-05-13 07:00:00+00:00,0.0007168009901258773,0.028188724510195926,64,9,0,0,,
SUI/USDT:USDT,2024-06-02 10:00:00+00:00,2024-06-02 14:50:00+00:00,-0.022477374723940985,0.003658295432074388,4,0,0,0,,
ADA/USDT:USDT,2024-06-02 18:00:00+00:00,2024-06-03 06:30:00+00:00,-0.022944595893452345,0.009887640449438236,12,0,0,0,,
TAO/USDT:USDT,2024-06-10 05:00:00+00:00,2024-06-10 07:50:00+00:00,0.0504601350936016,0.055779682859864475,2,2,0,0,,
ADA/USDT:USDT,2024-06-10 07:00:00+00:00,2024-06-10 09:55:00+00:00,-0.02055527418531401,0.007077625570776237,2,0,0,0,,
DOGE/USDT:USDT,2024-06-14 16:05:00+00:00,2024-06-14 16:05:00+00:00,-0.0010724784442771645,0.058028331056302535,0,0,0,0,,
LINK/USDT:USDT,2024-06-15 21:00:00+00:00,2024-06-16 13:15:00+00:00,-0.01968080257540822,0.015150490361853243,16,6,1,1,0.0027730808251606605,0.0027730808251606605
DOGE/USDT:USDT,2024-06-19 15:00:00+00:00,2024-06-20 11:05:00+00:00,-0.04324826873821185,0.004102732419791585,20,0,0,0,,
TAO/USDT:USDT,2024-06-22 20:00:00+00:00,2024-06-23 04:00:00+00:00,-0.0338577526584412,0.0054338047428838425,8,0,0,0,,
ADA/USDT:USDT,2024-06-21 14:00:00+00:00,2024-06-23 09:15:00+00:00,-0.03690710036535781,0.017734250926416197,43,16,0,0,,
XRP/USDT:USDT,2024-06-26 11:00:00+00:00,2024-06-28 07:50:00+00:00,-0.016693072762842,0.014012738853503175,44,18,0,0,,
SUI/USDT:USDT,2024-06-29 23:00:00+00:00,2024-06-30 13:55:00+00:00,-0.029192905277167135,0.013794865244603438,14,5,0,0,,
XRP/USDT:USDT,2024-06-29 23:00:00+00:00,2024-06-30 22:25:00+00:00,-0.011781398284980305,0.0046620046620046195,23,4,1,1,0.0029667302394575383,0.0029667302394575383
ADA/USDT:USDT,2024-07-07 14:00:00+00:00,2024-07-08 00:50:00+00:00,0.05032197867650059,0.05504071889918564,10,7,0,0,,
ETH/USDT:USDT,2024-07-07 08:00:00+00:00,2024-07-08 01:10:00+00:00,0.0537835928067331,0.05589780817721068,17,13,0,0,,
DOGE/USDT:USDT,2024-07-10 01:00:00+00:00,2024-07-10 04:25:00+00:00,-0.033577160224586594,0.003490236770115983,3,0,0,0,,
LINK/USDT:USDT,2024-07-11 04:00:00+00:00,2024-07-11 12:30:00+00:00,-0.03501673751634556,0.0019816106531388997,8,0,0,0,,
LINK/USDT:USDT,2024-07-31 20:00:00+00:00,2024-08-01 08:40:00+00:00,-5.14113595652419e-05,0.02184691664084289,12,10,0,0,,
DOGE/USDT:USDT,2024-08-03 16:00:00+00:00,2024-08-04 14:35:00+00:00,0.05254538518116827,0.05418852903926177,22,22,0,0,,
BNB/USDT:USDT,2024-08-03 16:00:00+00:00,2024-08-04 15:10:00+00:00,0.05460332346009517,0.05774687588086059,23,23,0,0,,
BNB/USDT:USDT,2024-08-07 15:00:00+00:00,2024-08-08 15:50:00+00:00,-0.046816289998442985,0.02002306321417342,24,8,0,0,,
NEAR/USDT:USDT,2024-08-19 00:00:00+00:00,2024-08-20 00:30:00+00:00,-0.04580470646209553,0.017192712342827748,24,14,0,0,,
ZEC/USDT:USDT,2024-08-31 16:00:00+00:00,2024-09-01 17:25:00+00:00,0.05194605257180543,0.053489086996618564,25,23,1,1,0.012603750384260795,0.012603750384260795
ADA/USDT:USDT,2024-08-30 12:00:00+00:00,2024-09-01 22:20:00+00:00,0.0503906967991736,0.05183708345200811,58,57,1,1,0.028197094844773625,0.028197094844773625
BNB/USDT:USDT,2024-08-31 17:00:00+00:00,2024-09-02 05:35:00+00:00,0.05051198794461552,0.0522634362224806,36,33,1,1,0.0057195364362599005,0.0057195364362599005
ETH/USDT:USDT,2024-09-03 09:00:00+00:00,2024-09-04 01:05:00+00:00,0.07348062220804323,0.07753541983510767,16,13,0,0,,
ZEC/USDT:USDT,2024-09-03 14:00:00+00:00,2024-09-04 01:05:00+00:00,0.06407389128616313,0.07003758114110013,11,11,0,0,,
DOGE/USDT:USDT,2024-09-03 14:00:00+00:00,2024-09-04 01:05:00+00:00,0.06232130485099709,0.06511343982093806,11,11,0,0,,
BTC/USDT:USDT,2024-09-05 04:00:00+00:00,2024-09-06 15:20:00+00:00,0.056631393117152436,0.05819547107825878,35,33,0,0,,
XRP/USDT:USDT,2024-09-05 04:00:00+00:00,2024-09-06 15:20:00+00:00,0.05393917862484407,0.055565610859728415,35,32,1,1,0.01176470588235285,0.01176470588235285
DOGE/USDT:USDT,2024-09-05 04:00:00+00:00,2024-09-06 17:40:00+00:00,0.05050054372158047,0.06005194805194813,37,5,0,0,,
XRP/USDT:USDT,2024-10-09 21:00:00+00:00,2024-10-10 12:50:00+00:00,-0.024559802552939033,0.003445635528330827,15,0,0,0,,
LINK/USDT:USDT,2024-10-13 15:00:00+00:00,2024-10-14 13:45:00+00:00,-0.03514096916077231,0.011562849682954172,22,8,0,0,,
TAO/USDT:USDT,2024-11-02 13:00:00+00:00,2024-11-03 02:40:00+00:00,0.0501244471213909,0.056466262017633266,13,13,0,0,,
XRP/USDT:USDT,2024-11-03 03:00:00+00:00,2024-11-04 10:00:00+00:00,-0.024463074781694807,0.017592962814874002,31,6,0,0,,
NEAR/USDT:USDT,2024-12-30 14:00:00+00:00,2024-12-31 08:20:00+00:00,0.0003488424973586159,0.025153495741731167,18,13,0,0,,
BTC/USDT:USDT,2025-01-12 10:00:00+00:00,2025-01-12 15:15:00+00:00,-0.013713093875017578,0.0008107897902281805,5,0,0,0,,
TAO/USDT:USDT,2025-01-15 10:00:00+00:00,2025-01-15 13:30:00+00:00,-0.04995236816475499,0.003959807949314514,3,0,0,0,,
NEAR/USDT:USDT,2025-01-15 10:00:00+00:00,2025-01-15 13:45:00+00:00,-0.0427088544272136,0.007761437908496784,3,1,0,0,,
SUI/USDT:USDT,2025-01-26 21:00:00+00:00,2025-01-27 00:00:00+00:00,0.05042109732887752,0.0534343657274577,3,3,0,0,,
NEAR/USDT:USDT,2025-01-26 22:00:00+00:00,2025-01-27 01:15:00+00:00,0.05206297393837469,0.054920375663536164,3,3,0,0,,
ZEC/USDT:USDT,2025-01-26 22:00:00+00:00,2025-01-27 04:30:00+00:00,0.05033540675201285,0.053800914833369615,6,6,0,0,,
BNB/USDT:USDT,2025-01-28 22:00:00+00:00,2025-01-29 04:05:00+00:00,-0.02697160292525803,0.0028441324639566657,6,0,0,0,,
ETH/USDT:USDT,2025-01-28 17:00:00+00:00,2025-01-29 06:35:00+00:00,9.840413203702896e-05,0.035374879739379715,13,13,0,0,,
SOL/USDT:USDT,2025-02-06 15:00:00+00:00,2025-02-07 02:25:00+00:00,9.814684311658662e-05,0.04109027564299626,11,11,0,0,,
LINK/USDT:USDT,2025-02-06 15:00:00+00:00,2025-02-07 09:20:00+00:00,1.3599642679208255e-05,0.0381719305584606,18,17,0,0,,
DOGE/USDT:USDT,2025-02-09 14:00:00+00:00,2025-02-09 23:45:00+00:00,7.035198788257052e-05,0.039078799550633925,9,3,0,0,,
BTC/USDT:USDT,2025-02-09 14:00:00+00:00,2025-02-10 05:45:00+00:00,-0.017062033967351755,0.012369111654866873,15,4,0,0,,
ETH/USDT:USDT,2025-02-09 22:00:00+00:00,2025-02-10 13:50:00+00:00,-0.04898326401921598,0.010095070077428207,15,0,0,0,,
SOL/USDT:USDT,2025-02-16 14:00:00+00:00,2025-02-17 08:05:00+00:00,0.05031888317461217,0.052791771620486996,18,18,0,0,,
DOGE/USDT:USDT,2025-02-23 16:00:00+00:00,2025-02-24 04:35:00+00:00,0.05196650335301211,0.059552009308897515,12,4,1,1,0.0056933881893363675,0.0056933881893363675
LINK/USDT:USDT,2025-02-24 03:00:00+00:00,2025-02-24 14:50:00+00:00,0.053653181521258086,0.05509849362688299,11,11,0,0,,
ETH/USDT:USDT,2025-02-26 13:00:00+00:00,2025-02-26 14:45:00+00:00,3.817792511805629e-06,0.026172520703635817,1,0,0,0,,
BTC/USDT:USDT,2025-02-26 14:00:00+00:00,2025-02-26 20:20:00+00:00,0.054932044507623866,0.05621342512908778,6,5,0,0,,
BNB/USDT:USDT,2025-02-27 15:00:00+00:00,2025-02-28 04:05:00+00:00,0.054662544876762524,0.05658217769225667,13,7,1,1,0.025512573817264936,0.025512573817264936
LINK/USDT:USDT,2025-03-02 14:00:00+00:00,2025-03-02 15:25:00+00:00,-0.0249203341930123,0.01389934953782959,1,0,0,0,,
BTC/USDT:USDT,2025-03-02 15:00:00+00:00,2025-03-02 15:25:00+00:00,-0.019138813239221838,0.0005442167275529801,0,0,0,0,,
BNB/USDT:USDT,2025-03-02 15:00:00+00:00,2025-03-02 15:25:00+00:00,-0.016036667923616122,0.0011771532786204473,0,0,0,0,,
ZEC/USDT:USDT,2025-03-09 03:00:00+00:00,2025-03-09 16:40:00+00:00,0.05698653254195218,0.060037523452157654,13,13,0,0,,
BTC/USDT:USDT,2025-03-09 10:00:00+00:00,2025-03-09 22:35:00+00:00,0.050470923865654285,0.05474969280826436,12,12,0,0,,
BTC/USDT:USDT,2025-03-13 14:00:00+00:00,2025-03-14 00:50:00+00:00,8.645001317012255e-05,0.02235517952294438,10,10,0,0,,
ADA/USDT:USDT,2025-03-23 19:00:00+00:00,2025-03-24 00:30:00+00:00,-0.03430321891854543,0.004035745171519205,5,0,0,0,,
SOL/USDT:USDT,2025-03-30 14:00:00+00:00,2025-03-30 18:45:00+00:00,-0.028364240613393626,0.004539191051309089,4,0,0,0,,
BTC/USDT:USDT,2025-04-03 13:00:00+00:00,2025-04-04 08:00:00+00:00,-0.02671648583181281,0.009035273090854558,19,3,0,0,,
ETH/USDT:USDT,2025-04-05 13:00:00+00:00,2025-04-06 17:30:00+00:00,0.05372444676254647,0.06592507679294841,28,20,1,1,0.01104594221608863,0.01104594221608863
SOL/USDT:USDT,2025-04-05 14:00:00+00:00,2025-04-06 17:45:00+00:00,0.05161426976713515,0.06231428813991004,27,8,1,1,0.01188555904575945,0.01188555904575945
BTC/USDT:USDT,2025-04-08 15:00:00+00:00,2025-04-09 17:00:00+00:00,0.00017096678307894548,0.049233558217449104,26,25,1,1,0.013346438824891182,0.013346438824891182
ZEC/USDT:USDT,2025-04-18 07:00:00+00:00,2025-04-18 17:35:00+00:00,-0.036974952996690374,0.010278514588859373,10,3,0,0,,
SUI/USDT:USDT,2025-04-19 17:00:00+00:00,2025-04-19 18:05:00+00:00,-0.020154341474630234,0.0007069469318503426,1,0,0,0,,
XRP/USDT:USDT,2025-05-30 17:00:00+00:00,2025-05-31 10:10:00+00:00,6.076581532274707e-05,0.03470383275261324,17,13,0,0,,
NEAR/USDT:USDT,2025-06-01 10:00:00+00:00,2025-06-01 16:10:00+00:00,-0.03658799217229157,0.0021150592216581613,6,0,0,0,,
NEAR/USDT:USDT,2025-06-02 10:00:00+00:00,2025-06-02 22:00:00+00:00,-0.04424089980686361,0.0033613445378151293,12,0,0,0,,
ADA/USDT:USDT,2025-06-02 09:00:00+00:00,2025-06-02 22:20:00+00:00,-0.02976585271278015,0.01250744490768309,13,4,0,0,,
LINK/USDT:USDT,2025-06-01 10:00:00+00:00,2025-06-03 00:15:00+00:00,-0.038947575969615046,0.006002049480310403,38,1,1,0,,
DOGE/USDT:USDT,2025-06-04 14:00:00+00:00,2025-06-05 12:45:00+00:00,0.00015984658888085519,0.025867014341590572,22,20,0,0,,
SUI/USDT:USDT,2025-06-04 11:00:00+00:00,2025-06-05 13:00:00+00:00,0.0001178788677087997,0.030033854085784323,26,24,0,0,,
XRP/USDT:USDT,2025-06-05 07:00:00+00:00,2025-06-05 20:45:00+00:00,0.05399237288045222,0.05683844711692343,13,5,0,0,,
SOL/USDT:USDT,2025-06-05 14:00:00+00:00,2025-06-05 20:45:00+00:00,0.05262084060719534,0.056967922268068696,6,5,0,0,,
SOL/USDT:USDT,2025-06-19 15:00:00+00:00,2025-06-19 22:35:00+00:00,-0.030930916497967736,0.0018170382276888036,7,0,0,0,,
NEAR/USDT:USDT,2025-06-21 14:00:00+00:00,2025-06-21 21:35:00+00:00,0.057908343787533845,0.0662739322533137,7,6,0,0,,
SOL/USDT:USDT,2025-06-21 18:00:00+00:00,2025-06-22 13:20:00+00:00,0.054767856717925154,0.05859431375378845,19,19,0,0,,
ETH/USDT:USDT,2025-06-22 14:00:00+00:00,2025-06-22 22:05:00+00:00,4.7635930159483074e-05,0.039974532720905946,8,7,0,0,,
BNB/USDT:USDT,2025-06-22 14:00:00+00:00,2025-06-22 22:55:00+00:00,6.738632884346614e-06,0.024750064918203064,8,8,0,0,,
NEAR/USDT:USDT,2025-08-21 12:00:00+00:00,2025-08-22 02:15:00+00:00,0.0004074185419997382,0.022974607013301066,14,14,0,0,,
BTC/USDT:USDT,2025-08-21 17:00:00+00:00,2025-08-22 14:00:00+00:00,-0.016356197854906048,0.0064521124905208395,21,3,0,0,,
TAO/USDT:USDT,2025-08-28 17:00:00+00:00,2025-08-29 12:30:00+00:00,0.0002557528198908292,0.03809233582203261,19,8,1,1,0.009050738991314857,0.009050738991314857
DOGE/USDT:USDT,2025-09-01 00:00:00+00:00,2025-09-01 07:30:00+00:00,0.00012953981453317373,0.025891937447326433,7,6,0,0,,
NEAR/USDT:USDT,2025-08-31 23:00:00+00:00,2025-09-01 07:50:00+00:00,9.099069599130951e-05,0.03617463617463607,8,7,0,0,,
BTC/USDT:USDT,2025-08-29 02:00:00+00:00,2025-09-02 14:00:00+00:00,0.0007738701390183536,0.037814673547229075,108,106,0,0,,
XRP/USDT:USDT,2025-09-04 20:00:00+00:00,2025-09-05 12:30:00+00:00,-0.028068089658353265,0.002371456289748899,16,1,0,0,,
SUI/USDT:USDT,2025-09-24 04:00:00+00:00,2025-09-24 14:45:00+00:00,-0.046995830427084676,0.012732824427480938,10,0,0,0,,
SUI/USDT:USDT,2025-09-25 01:00:00+00:00,2025-09-25 11:50:00+00:00,0.05527481240054528,0.06016883194635683,10,10,0,0,,
TAO/USDT:USDT,2025-09-23 18:00:00+00:00,2025-09-25 17:55:00+00:00,0.05073888429989903,0.05606448062667916,47,19,0,0,,
SOL/USDT:USDT,2025-10-19 09:00:00+00:00,2025-10-19 09:45:00+00:00,-0.022915059224527516,0.005541069100391189,0,0,0,0,,
XRP/USDT:USDT,2025-10-19 09:00:00+00:00,2025-10-19 09:50:00+00:00,-0.02079550841929629,0.006348661633493543,0,0,0,0,,
SOL/USDT:USDT,2025-10-20 17:00:00+00:00,2025-10-21 12:20:00+00:00,-7.751329599630371e-05,0.025502854398975622,19,12,0,0,,
NEAR/USDT:USDT,2025-11-02 15:00:00+00:00,2025-11-03 00:05:00+00:00,-0.03908160942510843,0.009429514380009437,9,2,0,0,,
ADA/USDT:USDT,2025-11-02 15:00:00+00:00,2025-11-03 15:25:00+00:00,0.05363827409334553,0.05635211737245757,24,19,0,0,,
BTC/USDT:USDT,2025-11-04 06:00:00+00:00,2025-11-05 18:15:00+00:00,0.00024716650806928646,0.050645950675999356,36,32,0,0,,
ETH/USDT:USDT,2025-11-06 13:00:00+00:00,2025-11-06 18:45:00+00:00,1.8343260028897461e-06,0.030729894739357475,5,5,1,1,0.005941073156744067,0.005941073156744067
DOGE/USDT:USDT,2025-11-06 06:00:00+00:00,2025-11-07 02:45:00+00:00,8.855776323092041e-05,0.04165394246625538,20,19,1,1,0.015452268979417193,0.015452268979417193
BTC/USDT:USDT,2025-11-06 13:00:00+00:00,2025-11-07 05:05:00+00:00,9.266404663365438e-05,0.022132125482039893,16,16,1,1,0.004136298851494189,0.004136298851494189
SUI/USDT:USDT,2025-11-19 06:00:00+00:00,2025-11-19 17:40:00+00:00,0.05216337670620399,0.05564456494947008,11,3,0,0,,
DOGE/USDT:USDT,2025-11-19 06:00:00+00:00,2025-11-19 18:20:00+00:00,0.05123457316674248,0.054408285915222745,12,4,0,0,,
ETH/USDT:USDT,2025-11-20 16:00:00+00:00,2025-11-20 19:05:00+00:00,0.05191730743012723,0.05635771631263277,3,3,0,0,,
XRP/USDT:USDT,2025-11-20 16:00:00+00:00,2025-11-20 19:05:00+00:00,0.052205831413812145,0.05334100829855623,3,3,0,0,,
BNB/USDT:USDT,2025-11-20 17:00:00+00:00,2025-11-21 07:35:00+00:00,0.06339500092994486,0.0915285032932092,14,12,0,0,,
BNB/USDT:USDT,2025-11-25 15:00:00+00:00,2025-11-25 23:10:00+00:00,-0.03015297005961308,0.0056275822766776,8,0,0,0,,
NEAR/USDT:USDT,2025-11-28 02:00:00+00:00,2025-11-28 15:30:00+00:00,-0.04095474260219937,0.006922257720979713,13,1,0,0,,
DOGE/USDT:USDT,2025-12-07 14:00:00+00:00,2025-12-07 15:50:00+00:00,1.3611263262429391e-05,0.024676170489905176,1,0,0,0,,
XRP/USDT:USDT,2025-12-14 11:00:00+00:00,2025-12-15 01:35:00+00:00,-0.0001757477408023341,0.02957163516680802,14,14,0,0,,
XRP/USDT:USDT,2025-12-15 14:00:00+00:00,2025-12-16 02:10:00+00:00,0.05026199048920332,0.0533903917672831,12,12,0,0,,
ADA/USDT:USDT,2025-12-15 15:00:00+00:00,2025-12-17 14:55:00+00:00,0.00013025784072341075,0.041804741269436584,47,46,0,0,,
TAO/USDT:USDT,2025-12-17 06:00:00+00:00,2025-12-17 14:55:00+00:00,8.267081749262289e-05,0.037441189261851096,8,7,0,0,,
BNB/USDT:USDT,2025-12-17 16:00:00+00:00,2025-12-18 14:00:00+00:00,7.356016590511494e-06,0.02827372241409586,22,22,0,0,,
ADA/USDT:USDT,2025-12-21 02:00:00+00:00,2025-12-22 00:10:00+00:00,0.0001360086893015782,0.03327922077922072,22,18,0,0,,
SOL/USDT:USDT,2025-12-21 02:00:00+00:00,2025-12-22 00:10:00+00:00,-0.014726264841607316,0.014073244842475652,22,4,0,0,,
XRP/USDT:USDT,2025-12-28 19:00:00+00:00,2025-12-29 01:40:00+00:00,-0.014136308438363615,0.0016703486179212794,6,0,0,0,,
ADA/USDT:USDT,2026-01-20 09:00:00+00:00,2026-01-21 02:05:00+00:00,0.00021225516623639084,0.03938973647711509,17,17,0,0,,
NEAR/USDT:USDT,2026-01-20 07:00:00+00:00,2026-01-21 15:15:00+00:00,0.0004411501178264742,0.047405509288917264,32,32,0,0,,
XRP/USDT:USDT,2026-01-22 14:00:00+00:00,2026-01-23 16:00:00+00:00,0.00012561644908651998,0.022238349489399168,26,24,0,0,,
ADA/USDT:USDT,2026-01-22 15:00:00+00:00,2026-01-23 17:25:00+00:00,-0.029056808474935223,0.015926236378876732,26,1,1,1,0.008941044984632525,0.008941044984632525
ZEC/USDT:USDT,2026-01-23 08:00:00+00:00,2026-01-23 17:30:00+00:00,-0.04261419823949669,0.00949110906400925,9,0,0,0,,
TAO/USDT:USDT,2026-01-25 05:00:00+00:00,2026-01-25 19:30:00+00:00,0.052942908364337446,0.05573714819374282,14,12,2,2,0.0037356199855669036,0.010400305641635134
ETH/USDT:USDT,2026-01-25 04:00:00+00:00,2026-01-25 20:35:00+00:00,0.05145890303078291,0.05350598666004878,16,13,1,1,0.00464042644329164,0.00464042644329164
NEAR/USDT:USDT,2026-01-25 09:00:00+00:00,2026-01-25 20:35:00+00:00,0.05017649439376454,0.052489905787348634,11,6,1,1,0.016150740242261118,0.016150740242261118
SOL/USDT:USDT,2026-01-27 14:00:00+00:00,2026-01-27 16:00:00+00:00,-0.018535842348017306,8.121497604150821e-05,2,0,0,0,,
TAO/USDT:USDT,2026-01-29 02:00:00+00:00,2026-01-29 15:05:00+00:00,0.0526199797106946,0.05922599957237543,13,13,0,0,,
ADA/USDT:USDT,2026-01-29 03:00:00+00:00,2026-01-29 15:15:00+00:00,0.052956673651375887,0.05650684931506845,12,10,0,0,,
XRP/USDT:USDT,2026-01-29 03:00:00+00:00,2026-01-30 01:45:00+00:00,0.06808286504175223,0.09031224979983989,22,16,0,0,,
BNB/USDT:USDT,2026-01-31 09:00:00+00:00,2026-01-31 17:00:00+00:00,0.05048998977266544,0.05530113711094903,8,6,0,0,,
LINK/USDT:USDT,2026-01-31 09:00:00+00:00,2026-01-31 17:10:00+00:00,0.056516667683084366,0.058598604339929215,8,6,0,0,,
TAO/USDT:USDT,2026-02-03 15:00:00+00:00,2026-02-03 19:15:00+00:00,9.368386267067913e-05,0.039797885086211314,4,2,0,0,,
SOL/USDT:USDT,2026-02-03 15:00:00+00:00,2026-02-03 20:30:00+00:00,-7.498078271126038e-05,0.041476483429251906,5,4,0,0,,
BTC/USDT:USDT,2026-02-03 17:00:00+00:00,2026-02-03 20:30:00+00:00,1.0475010531572972e-06,0.04667910047581555,3,3,0,0,,
NEAR/USDT:USDT,2026-02-04 14:00:00+00:00,2026-02-04 16:10:00+00:00,0.0008009293781944364,0.024158757549611755,2,2,0,0,,
BNB/USDT:USDT,2026-02-09 08:00:00+00:00,2026-02-09 13:20:00+00:00,1.3411786212802531e-05,0.025132547281791557,5,5,0,0,,
ADA/USDT:USDT,2026-02-10 07:00:00+00:00,2026-02-11 14:10:00+00:00,-0.0002029498915629388,0.03854961832061068,31,16,0,0,,
DOGE/USDT:USDT,2026-02-10 07:00:00+00:00,2026-02-11 15:10:00+00:00,0.053496943603998995,0.05595455032693753,32,27,1,1,0.015435738021224107,0.015435738021224107
ETH/USDT:USDT,2026-02-17 15:00:00+00:00,2026-02-17 16:35:00+00:00,-0.032092697138305794,0.0038715308977946465,1,0,0,0,,
XRP/USDT:USDT,2026-02-22 13:00:00+00:00,2026-02-23 01:20:00+00:00,0.05177373703457082,0.05390242170300395,12,12,0,0,,
BNB/USDT:USDT,2026-03-22 00:00:00+00:00,2026-03-23 11:05:00+00:00,-0.02724279698377171,0.016325818274127726,35,23,0,0,,
XRP/USDT:USDT,2026-03-22 00:00:00+00:00,2026-03-23 11:05:00+00:00,-1.1947373248310105e-05,0.0335913642496981,35,28,0,0,,
SUI/USDT:USDT,2026-03-22 00:00:00+00:00,2026-03-23 11:05:00+00:00,2.8945806538676586e-05,0.04504987664914731,35,28,0,0,,
XRP/USDT:USDT,2026-03-26 06:00:00+00:00,2026-03-29 22:10:00+00:00,0.05002428906026087,0.05439481268011521,88,88,1,1,0.044740634005763565,0.044740634005763565
ETH/USDT:USDT,2026-03-27 11:00:00+00:00,2026-03-29 23:00:00+00:00,-0.00039761299644940323,0.02671270398906367,60,16,1,1,0.0017942493554273097,0.0017942493554273097
BNB/USDT:USDT,2026-04-01 14:00:00+00:00,2026-04-02 11:15:00+00:00,0.052535259151326494,0.05392894530227693,21,13,1,1,0.011188170635959225,0.011188170635959225
NEAR/USDT:USDT,2026-04-02 02:00:00+00:00,2026-04-02 14:35:00+00:00,0.0007652792837183398,0.027350427350427375,12,12,0,0,,
XRP/USDT:USDT,2026-04-02 02:00:00+00:00,2026-04-03 12:25:00+00:00,-0.00035032469034454146,0.036386921802018996,34,34,0,0,,
XRP/USDT:USDT,2026-04-05 06:00:00+00:00,2026-04-05 23:15:00+00:00,-0.019159940941377962,0.017541160178489116,17,10,0,0,,
XRP/USDT:USDT,2026-05-22 07:00:00+00:00,2026-05-23 20:35:00+00:00,-0.00019651127266381196,0.047650562541363475,37,32,1,1,0.006471064048827223,0.006471064048827223
XRP/USDT:USDT,2026-05-25 23:00:00+00:00,2026-05-28 03:55:00+00:00,0.05072038335375298,0.05311178695942445,52,47,0,0,,
DOGE/USDT:USDT,2026-05-31 15:00:00+00:00,2026-06-01 03:30:00+00:00,-0.015855933644841617,0.010203060918275553,12,6,0,0,,
ADA/USDT:USDT,2026-05-31 15:00:00+00:00,2026-06-02 14:10:00+00:00,0.05252789590804952,0.05346449957228405,47,40,0,0,,
SOL/USDT:USDT,2026-05-31 15:00:00+00:00,2026-06-02 14:25:00+00:00,0.05113838793186053,0.05627441406249999,47,40,0,0,,
XRP/USDT:USDT,2026-06-03 20:00:00+00:00,2026-06-04 03:15:00+00:00,3.7299273438168575e-05,0.05202360176182164,7,4,0,0,,
ETH/USDT:USDT,2026-06-05 03:00:00+00:00,2026-06-05 06:25:00+00:00,0.051465325729148866,0.06198829733105141,3,2,0,0,,
LINK/USDT:USDT,2026-06-05 03:00:00+00:00,2026-06-05 06:25:00+00:00,0.05239988550315168,0.05988715055142339,3,2,0,0,,
XRP/USDT:USDT,2026-06-05 03:00:00+00:00,2026-06-05 07:35:00+00:00,5.829269857493754e-05,0.038783605112384344,4,2,0,0,,
BNB/USDT:USDT,2026-06-05 06:25:00+00:00,2026-06-05 20:05:00+00:00,5.435567237371163e-05,0.027962995287135594,14,2,0,0,,
BTC/USDT:USDT,2026-06-07 20:00:00+00:00,2026-06-07 22:10:00+00:00,-0.02940237925800008,0.0018595941191151596,2,0,0,0,,
LINK/USDT:USDT,2026-06-07 20:00:00+00:00,2026-06-07 22:10:00+00:00,-0.03700012303609321,0.0032933737320511598,2,0,0,0,,
BTC/USDT:USDT,2026-06-09 14:00:00+00:00,2026-06-09 20:10:00+00:00,7.3474439475454134e-06,0.02392825699982651,6,6,0,0,,
ETH/USDT:USDT,2026-06-09 15:00:00+00:00,2026-06-10 12:30:00+00:00,-0.0001343730654764697,0.02426272562024675,21,17,0,0,,
DOGE/USDT:USDT,2026-06-09 16:00:00+00:00,2026-06-11 01:15:00+00:00,0.0001528499987522001,0.02735815391935304,33,18,0,0,,
