sample,pair,open_date,second_add_time,signal_1h_date,signal_4h_date,hours_after_open,hours_after_first_add,profit_at_first_add,profit_at_second_add,extra_drop_after_first_add,delta_abs,delta_direction,exit_reason,baseline_exit_reason,close_position_1h,body_ratio_1h,range_pct_1h,ret_1h,ret_3h,ret_6h,ret_12h,ret_24h,dist_ema20_1h,dist_ema50_1h,ema20_slope_3_1h,ema50_slope_3_1h,atr_pct_1h,vol_ratio_24_1h,lower_wick_ratio_1h,upper_wick_ratio_1h,ret_4h_1,ret_4h_3,dist_ema20_4h,dist_ema50_4h,ema20_slope_3_4h,ema50_slope_3_4h,atr_pct_4h
3y,XRP/USDT:USDT,2024-09-05 04:00:00+00:00,2024-09-05T16:55:00+00:00,2024-09-05T16:00:00+00:00,2024-09-05T16:00:00+00:00,12.92,0.92,0.00751,0.01795,0.01036,5.52658,improved,partial_exit,partial_exit,0.2907,0.48837,0.01588,-0.00788,-0.02132,-0.01599,-0.02043,-0.03612,-0.0175,-0.02315,-0.00368,-0.00203,0.00742,3.01908,0.2907,0.22093,-0.00604,-0.01863,-0.02214,-0.03496,-0.00568,-0.00368,0.01914
3y,TAO/USDT:USDT,2024-11-02 13:00:00+00:00,2024-11-02T13:55:00+00:00,2024-11-02T13:00:00+00:00,2024-11-02T12:00:00+00:00,0.92,0.58,0.01044,0.02023,0.00968,0.54221,improved,roi,roi,0.05925,0.82823,0.03422,-0.02754,-0.04278,-0.04843,-0.05423,-0.08984,-0.04337,-0.0658,-0.00802,-0.00574,0.01135,4.72489,0.05925,0.11252,-0.03349,-0.04291,-0.07197,-0.11652,-0.01666,-0.01175,0.03294
3y,SUI/USDT:USDT,2025-01-26 21:00:00+00:00,2025-01-26T21:50:00+00:00,2025-01-26T21:00:00+00:00,2025-01-26T20:00:00+00:00,0.83,0.67,0.00284,0.01891,0.01602,6.26168,improved,roi,roi,0.09387,0.87352,0.02537,-0.02168,-0.03779,-0.03229,-0.03507,-0.04138,-0.03325,-0.04552,-0.00591,-0.00367,0.01018,4.49746,0.09387,0.03261,-0.05997,-0.06938,-0.08015,-0.1172,-0.01466,-0.01008,0.02729
3y,LINK/USDT:USDT,2025-02-06 15:00:00+00:00,2025-02-06T15:45:00+00:00,2025-02-06T15:00:00+00:00,2025-02-06T12:00:00+00:00,0.75,0.42,0.00258,0.01942,0.0168,-0.1736,worsened,trailing_stop_loss,trailing_stop_loss,0.21329,0.66924,0.03462,-0.02259,-0.0351,-0.05615,-0.041,-0.04788,-0.03966,-0.05193,-0.00641,-0.00382,0.01847,3.10963,0.21329,0.11747,-0.05127,-0.041,-0.0692,-0.12976,-0.013,-0.0125,0.04141
3y,ETH/USDT:USDT,2025-02-26 13:00:00+00:00,2025-02-26T14:25:00+00:00,2025-02-26T14:00:00+00:00,2025-02-26T12:00:00+00:00,1.42,0.42,0.00296,0.02017,0.01715,0.00105,improved,trailing_stop_loss,trailing_stop_loss,0.98124,0.28046,0.02781,0.00786,-0.01176,-0.01165,-0.02508,0.02384,-0.01276,-0.03088,-0.00545,-0.00429,0.01205,3.50191,0.70078,0.01876,-0.01462,-0.02493,-0.04721,-0.0766,-0.01246,-0.00826,0.03578
3y,SOL/USDT:USDT,2025-04-05 14:00:00+00:00,2025-04-06T13:25:00+00:00,2025-04-06T13:00:00+00:00,2025-04-06T12:00:00+00:00,23.42,0.42,0.00739,0.01895,0.01147,3.07115,improved,partial_exit,partial_exit,0.2,0.79091,0.01919,-0.01504,-0.03745,-0.03777,-0.04776,-0.02683,-0.03451,-0.03882,-0.00685,-0.00298,0.01034,3.61458,0.2,0.00909,-0.03087,-0.04202,-0.03794,-0.06358,-0.00595,-0.0054,0.02781
3y,ETH/USDT:USDT,2025-11-20 16:00:00+00:00,2025-11-20T16:30:00+00:00,2025-11-20T16:00:00+00:00,2025-11-20T16:00:00+00:00,0.5,0.33,0.00799,0.01811,0.01005,0.10767,improved,partial_exit,partial_exit,0.13329,0.81772,0.03988,-0.03159,-0.04582,-0.05072,-0.0628,-0.02973,-0.0455,-0.05479,-0.0074,-0.0038,0.01425,4.22676,0.13329,0.04899,-0.0366,-0.0631,-0.06155,-0.09596,-0.01118,-0.00843,0.03223
3y,XRP/USDT:USDT,2025-11-20 16:00:00+00:00,2025-11-20T16:15:00+00:00,2025-11-20T16:00:00+00:00,2025-11-20T16:00:00+00:00,0.25,0.08,0.00851,0.01826,0.00967,0.25856,improved,partial_exit,partial_exit,0.10376,0.86773,0.04366,-0.03655,-0.05304,-0.05273,-0.06355,-0.03368,-0.0471,-0.05763,-0.00657,-0.00364,0.01387,3.79864,0.10376,0.02851,-0.03789,-0.06227,-0.06254,-0.09441,-0.01208,-0.00844,0.02898
3y,ADA/USDT:USDT,2025-12-15 15:00:00+00:00,2025-12-15T15:25:00+00:00,2025-12-15T15:00:00+00:00,2025-12-15T12:00:00+00:00,0.42,0.33,0.00282,0.01849,0.01563,-0.44371,worsened,trailing_stop_loss,trailing_stop_loss,0.24603,0.57143,0.03272,-0.0181,-0.04299,-0.0456,-0.04013,-0.03484,-0.03619,-0.04626,-0.00648,-0.00357,0.01306,4.23891,0.24603,0.18254,-0.04394,-0.04013,-0.05326,-0.07758,-0.00913,-0.0064,0.02077
3y,BNB/USDT:USDT,2026-04-01 14:00:00+00:00,2026-04-02T02:45:00+00:00,2026-04-02T02:00:00+00:00,2026-04-02T00:00:00+00:00,12.75,0.75,0.00675,0.01962,0.01278,7.9237,improved,partial_exit,partial_exit,0.11347,0.88155,0.01342,-0.01171,-0.02248,-0.02673,-0.02732,-0.02858,-0.02338,-0.02569,-0.00399,-0.00168,0.00791,2.20609,0.11347,0.00499,-0.03089,-0.0373,-0.03258,-0.04285,-0.00404,-0.00271,0.01539
3y,XRP/USDT:USDT,2026-04-02 02:00:00+00:00,2026-04-05T06:10:00+00:00,2026-04-05T06:00:00+00:00,2026-04-05T04:00:00+00:00,76.17,75.75,0.00258,0.01849,0.01587,0.54701,improved,stale_loss_72h,trailing_stop_loss,0.77215,0.10127,0.00607,0.00062,-0.00907,-0.00846,-0.00922,-0.01402,-0.00804,-0.01032,-0.00213,-0.00105,0.0043,2.87757,0.67089,0.22785,-0.01189,-0.01511,-0.0149,-0.02657,-0.00243,-0.00235,0.00946
5y,DOGE/USDT:USDT,2021-11-20 15:00:00+00:00,2021-11-20T15:55:00+00:00,2021-11-20T15:00:00+00:00,2021-11-20T12:00:00+00:00,0.92,0.83,0.00333,0.01748,0.01411,-1.73594,worsened,trailing_stop_loss,trailing_stop_loss,0.13172,0.72964,0.02554,-0.01842,-0.03143,-0.02968,-0.03055,-0.04174,-0.02434,-0.024,-0.00352,-0.00117,0.00985,3.47008,0.13172,0.13865,-0.03168,-0.03055,-0.02914,-0.06737,-0.00359,-0.00617,0.03167
5y,XRP/USDT:USDT,2021-11-28 02:00:00+00:00,2021-11-28T02:40:00+00:00,2021-11-28T02:00:00+00:00,2021-11-28T00:00:00+00:00,0.67,0.08,0.0051,0.01938,0.01421,-0.09249,worsened,trailing_stop_loss,trailing_stop_loss,0.74423,0.17229,0.06121,-0.01033,-0.02718,-0.02149,-0.03595,-0.03585,-0.02804,-0.0463,-0.00597,-0.00446,0.01469,6.40196,0.74423,0.08348,-0.03765,-0.04852,-0.06774,-0.10904,-0.01453,-0.01056,0.03595
5y,ETH/USDT:USDT,2021-12-13 15:00:00+00:00,2021-12-13T15:50:00+00:00,2021-12-13T15:00:00+00:00,2021-12-13T12:00:00+00:00,0.83,0.58,0.00539,0.02494,0.01944,0.43685,improved,trailing_stop_loss,trailing_stop_loss,0.29187,0.70813,0.04167,-0.02871,-0.04541,-0.0479,-0.04669,-0.05381,-0.04599,-0.05458,-0.00838,-0.00407,0.01401,3.77155,0.29187,0.0,-0.05067,-0.04669,-0.05819,-0.079,-0.00978,-0.00618,0.02785
5y,XRP/USDT:USDT,2022-01-08 17:00:00+00:00,2022-01-10T13:00:00+00:00,2022-01-10T13:00:00+00:00,2022-01-10T12:00:00+00:00,44.0,43.42,0.0047,0.01978,0.015,2.21454,improved,partial_exit,partial_exit,0.1039,0.27273,0.01053,-0.00286,-0.01853,-0.02741,-0.02585,-0.01522,-0.02154,-0.02775,-0.00572,-0.00285,0.00829,1.76309,0.1039,0.62338,-0.02387,-0.03929,-0.04051,-0.07444,-0.0075,-0.00702,0.02767
5y,NEAR/USDT:USDT,2022-02-13 18:00:00+00:00,2022-02-13T18:40:00+00:00,2022-02-13T18:00:00+00:00,2022-02-13T16:00:00+00:00,0.67,0.08,0.0045,0.02102,0.01645,0.30978,improved,trailing_stop_loss,trailing_stop_loss,0.14474,0.75877,0.04479,-0.03296,-0.04637,-0.05504,-0.05993,-0.07747,-0.04952,-0.07128,-0.00741,-0.0054,0.01659,2.33221,0.14474,0.09649,-0.03934,-0.04984,-0.08244,-0.12663,-0.01887,-0.01253,0.04328
5y,XRP/USDT:USDT,2022-05-03 17:00:00+00:00,2022-05-03T20:10:00+00:00,2022-05-03T20:00:00+00:00,2022-05-03T20:00:00+00:00,3.17,1.17,0.0078,0.01793,0.01006,-10.77686,worsened,trailing_stop_loss,trailing_stop_loss,0.89216,0.65686,0.01687,0.0112,-0.0069,-0.01946,-0.01898,-0.00346,-0.01142,-0.01247,-0.00557,-0.00218,0.01004,1.07048,0.23529,0.10784,0.0107,-0.02579,-0.01352,-0.04548,-0.00401,-0.00548,0.02451
5y,ZEC/USDT:USDT,2022-08-30 14:00:00+00:00,2022-08-30T14:40:00+00:00,2022-08-30T14:00:00+00:00,2022-08-30T12:00:00+00:00,0.67,0.33,0.00321,0.01724,0.01399,-0.19551,worsened,partial_exit,partial_exit,0.31088,0.59585,0.03133,-0.01817,-0.03068,-0.03494,-0.029,-0.01895,-0.02471,-0.01971,-0.00384,-0.00069,0.0112,4.04055,0.31088,0.09326,-0.03179,-0.03467,-0.02142,-0.04118,0.00024,-0.00239,0.02257
5y,NEAR/USDT:USDT,2022-09-27 16:00:00+00:00,2022-09-27T16:25:00+00:00,2022-09-27T16:00:00+00:00,2022-09-27T16:00:00+00:00,0.42,0.17,0.0093,0.02018,0.01078,1.32849,improved,partial_exit,partial_exit,0.26087,0.7029,0.0382,-0.02562,-0.04342,-0.04291,-0.04037,-0.00987,-0.03005,-0.02709,-0.00302,-0.00061,0.01441,3.51774,0.26087,0.03623,-0.03317,-0.04907,-0.03358,-0.06227,-0.00338,-0.00485,0.02728
5y,LINK/USDT:USDT,2023-05-23 19:00:00+00:00,2023-05-24T04:30:00+00:00,2023-05-24T04:00:00+00:00,2023-05-24T04:00:00+00:00,9.5,0.5,0.00955,0.01735,0.00773,0.50537,improved,stale_loss_72h,stale_loss_72h,0.55844,0.44156,0.01211,-0.00532,-0.01974,-0.02396,-0.02366,-0.03463,-0.0203,-0.0226,-0.00426,-0.0018,0.00652,4.15062,0.55844,0.0,-0.00876,-0.02674,-0.02387,-0.02975,-0.00461,-0.00237,0.01357
5y,XRP/USDT:USDT,2024-09-05 04:00:00+00:00,2024-09-05T16:55:00+00:00,2024-09-05T16:00:00+00:00,2024-09-05T16:00:00+00:00,12.92,0.92,0.00751,0.01795,0.01036,6.2876,improved,partial_exit,partial_exit,0.2907,0.48837,0.01588,-0.00788,-0.02132,-0.01599,-0.02043,-0.03612,-0.0175,-0.02315,-0.00368,-0.00203,0.00742,3.01908,0.2907,0.22093,-0.00604,-0.01863,-0.02214,-0.03496,-0.00568,-0.00368,0.01914
5y,TAO/USDT:USDT,2024-11-02 13:00:00+00:00,2024-11-02T13:55:00+00:00,2024-11-02T13:00:00+00:00,2024-11-02T12:00:00+00:00,0.92,0.58,0.01044,0.02023,0.00968,0.38609,improved,roi,roi,0.05925,0.82823,0.03422,-0.02754,-0.04278,-0.04843,-0.05423,-0.08984,-0.04337,-0.0658,-0.00802,-0.00574,0.01135,4.72489,0.05925,0.11252,-0.03349,-0.04291,-0.07197,-0.11652,-0.01666,-0.01175,0.03294
5y,SUI/USDT:USDT,2025-01-26 21:00:00+00:00,2025-01-26T21:50:00+00:00,2025-01-26T21:00:00+00:00,2025-01-26T20:00:00+00:00,0.83,0.67,0.00286,0.01893,0.01602,6.91719,improved,roi,roi,0.09387,0.87352,0.02537,-0.02168,-0.03779,-0.03229,-0.03507,-0.04138,-0.03325,-0.04552,-0.00591,-0.00367,0.01018,4.49746,0.09387,0.03261,-0.05997,-0.06938,-0.08015,-0.1172,-0.01466,-0.01008,0.02729
5y,LINK/USDT:USDT,2025-02-06 15:00:00+00:00,2025-02-06T15:45:00+00:00,2025-02-06T15:00:00+00:00,2025-02-06T12:00:00+00:00,0.75,0.42,0.00258,0.01942,0.0168,-0.22161,worsened,trailing_stop_loss,trailing_stop_loss,0.21329,0.66924,0.03462,-0.02259,-0.0351,-0.05615,-0.041,-0.04788,-0.03966,-0.05193,-0.00641,-0.00382,0.01847,3.10963,0.21329,0.11747,-0.05127,-0.041,-0.0692,-0.12976,-0.013,-0.0125,0.04141
5y,ETH/USDT:USDT,2025-02-26 13:00:00+00:00,2025-02-26T14:25:00+00:00,2025-02-26T14:00:00+00:00,2025-02-26T12:00:00+00:00,1.42,0.42,0.00297,0.02017,0.01715,0.00267,improved,trailing_stop_loss,trailing_stop_loss,0.98124,0.28046,0.02781,0.00786,-0.01176,-0.01165,-0.02508,0.02384,-0.01276,-0.03088,-0.00545,-0.00429,0.01205,3.50191,0.70078,0.01876,-0.01462,-0.02493,-0.04721,-0.0766,-0.01246,-0.00826,0.03578
5y,SOL/USDT:USDT,2025-04-05 14:00:00+00:00,2025-04-06T13:25:00+00:00,2025-04-06T13:00:00+00:00,2025-04-06T12:00:00+00:00,23.42,0.42,0.00739,0.01895,0.01147,3.45479,improved,partial_exit,partial_exit,0.2,0.79091,0.01919,-0.01504,-0.03745,-0.03777,-0.04776,-0.02683,-0.03451,-0.03882,-0.00685,-0.00298,0.01034,3.61458,0.2,0.00909,-0.03087,-0.04202,-0.03794,-0.06358,-0.00595,-0.0054,0.02781
5y,ETH/USDT:USDT,2025-11-20 16:00:00+00:00,2025-11-20T16:30:00+00:00,2025-11-20T16:00:00+00:00,2025-11-20T16:00:00+00:00,0.5,0.33,0.00794,0.01807,0.01005,0.09447,improved,partial_exit,partial_exit,0.13329,0.81772,0.03988,-0.03159,-0.04582,-0.05072,-0.0628,-0.02973,-0.0455,-0.05479,-0.0074,-0.0038,0.01425,4.22676,0.13329,0.04899,-0.0366,-0.0631,-0.06155,-0.09596,-0.01118,-0.00843,0.03223
5y,XRP/USDT:USDT,2025-11-20 16:00:00+00:00,2025-11-20T16:15:00+00:00,2025-11-20T16:00:00+00:00,2025-11-20T16:00:00+00:00,0.25,0.08,0.00851,0.01826,0.00967,0.05748,improved,partial_exit,partial_exit,0.10376,0.86773,0.04366,-0.03655,-0.05304,-0.05273,-0.06355,-0.03368,-0.0471,-0.05763,-0.00657,-0.00364,0.01387,3.79864,0.10376,0.02851,-0.03789,-0.06227,-0.06254,-0.09441,-0.01208,-0.00844,0.02898
5y,ADA/USDT:USDT,2025-12-15 15:00:00+00:00,2025-12-15T15:25:00+00:00,2025-12-15T15:00:00+00:00,2025-12-15T12:00:00+00:00,0.42,0.33,0.00282,0.01849,0.01563,-0.52581,worsened,trailing_stop_loss,trailing_stop_loss,0.24603,0.57143,0.03272,-0.0181,-0.04299,-0.0456,-0.04013,-0.03484,-0.03619,-0.04626,-0.00648,-0.00357,0.01306,4.23891,0.24603,0.18254,-0.04394,-0.04013,-0.05326,-0.07758,-0.00913,-0.0064,0.02077
5y,BNB/USDT:USDT,2026-04-01 14:00:00+00:00,2026-04-02T02:45:00+00:00,2026-04-02T02:00:00+00:00,2026-04-02T00:00:00+00:00,12.75,0.75,0.00677,0.01964,0.01278,8.9545,improved,partial_exit,partial_exit,0.11347,0.88155,0.01342,-0.01171,-0.02248,-0.02673,-0.02732,-0.02858,-0.02338,-0.02569,-0.00399,-0.00168,0.00791,2.20609,0.11347,0.00499,-0.03089,-0.0373,-0.03258,-0.04285,-0.00404,-0.00271,0.01539
5y,XRP/USDT:USDT,2026-04-02 02:00:00+00:00,2026-04-05T06:10:00+00:00,2026-04-05T06:00:00+00:00,2026-04-05T04:00:00+00:00,76.17,75.75,0.00258,0.01849,0.01587,0.64651,improved,stale_loss_72h,trailing_stop_loss,0.77215,0.10127,0.00607,0.00062,-0.00907,-0.00846,-0.00922,-0.01402,-0.00804,-0.01032,-0.00213,-0.00105,0.0043,2.87757,0.67089,0.22785,-0.01189,-0.01511,-0.0149,-0.02657,-0.00243,-0.00235,0.00946
