signal_date,candidate_pair,candidate_side,candidate_tag,candidate_counterfactual_return,occupant_pair,occupant_side,occupant_tag,occupant_open_date,occupant_close_date,occupant_age_hours,occupant_total_return,occupant_same_candle,mark_price,mark_basis,current_amount,current_notional,future_order_count,current_mark_return,hold_minus_close_abs,hold_minus_close_ratio,valuation_status,candidate_minus_remaining
2021-12-17 15:00:00+00:00,BNB/USDT:USDT,short,short_pullback_restart,-0.0394788655164261,XRP/USDT:USDT,short,short_pullback_restart,2021-12-16 20:00:00+00:00,2021-12-17 16:25:00+00:00,19.0,0.00041110649259240437,False,0.7836,collision_5m_open,269.2,210.94511999999997,1,0.030652001977261707,-6.652564620000021,-0.03153694486983165,valued_without_funding,-0.00794192064659445
2021-12-17 15:00:00+00:00,BNB/USDT:USDT,short,short_pullback_restart,-0.0394788655164261,ADA/USDT:USDT,short,short_compression_breakdown,2021-12-17 14:00:00+00:00,2021-12-17 15:30:00+00:00,1.0,6.780337874380093e-05,False,1.203,collision_5m_open,166.0,199.698,1,0.011402553156555462,-2.2919454000000314,-0.011477057356608636,valued_without_funding,-0.02800180815981746
2021-12-17 15:00:00+00:00,BNB/USDT:USDT,short,short_pullback_restart,-0.0394788655164261,BTC/USDT:USDT,short,short_compression_breakdown,2021-12-17 15:00:00+00:00,2021-12-19 03:20:00+00:00,0.0,-0.040650508440663084,True,45944.63,collision_5m_open,0.003,137.83389,1,-0.000999999999999765,-5.5160966700000245,-0.04001988676369814,valued_without_funding,0.0005410212472720388
2021-12-29 13:00:00+00:00,DOGE/USDT:USDT,short,short_compression_breakdown,0.000103775233198,XRP/USDT:USDT,short,short_compression_breakdown,2021-12-29 08:00:00+00:00,2021-12-29 14:30:00+00:00,5.0,0.00017243346192967221,False,0.828,collision_5m_open,219.7,181.9116,1,0.012940514469453579,-2.3739463800000067,-0.013050000000000037,valued_without_funding,0.013153775233198037
2021-12-29 13:00:00+00:00,DOGE/USDT:USDT,short,short_compression_breakdown,0.000103775233198,BTC/USDT:USDT,short,short_compression_breakdown,2021-12-29 13:00:00+00:00,2021-12-31 08:30:00+00:00,0.0,-0.02951876557719018,True,46810.01,collision_5m_open,0.004,187.24004000000002,1,-0.0010000000000000321,-5.425511399999948,-0.02897623499759959,valued_without_funding,0.02908001023079759
2021-12-29 13:00:00+00:00,DOGE/USDT:USDT,short,short_compression_breakdown,0.000103775233198,ETH/USDT:USDT,short,short_compression_breakdown,2021-12-29 13:00:00+00:00,2021-12-30 08:00:00+00:00,0.0,0.00015349424907553548,True,3726.89,collision_5m_open,0.065,242.24785,1,-0.0009999999999998168,0.24257122499997763,0.001001334893168206,valued_without_funding,-0.000897559659970206
2022-04-23 03:00:00+00:00,BNB/USDT:USDT,short,short_pullback_restart,0.0504485641141579,ADA/USDT:USDT,short,short_pullback_restart,2022-04-22 15:00:00+00:00,2022-04-23 08:40:00+00:00,12.0,0.00031528193948581325,False,0.893,collision_5m_open,400.0,357.2,1,0.008609309495819029,-3.081540000000018,-0.008626931690929502,valued_without_funding,0.059075495805087405
2022-04-23 03:00:00+00:00,BNB/USDT:USDT,short,short_pullback_restart,0.0504485641141579,BTC/USDT:USDT,short,short_compression_breakdown,2022-04-22 15:00:00+00:00,2022-04-25 18:45:00+00:00,12.0,-0.0007500302100177536,False,39478.6,collision_5m_open,0.007,276.3502,1,0.00828978684320165,-2.3122055249999676,-0.00836693993707972,valued_without_funding,0.058815504051237616
2022-04-23 03:00:00+00:00,BNB/USDT:USDT,short,short_pullback_restart,0.0504485641141579,ETH/USDT:USDT,short,short_compression_breakdown,2022-04-22 16:00:00+00:00,2022-04-25 18:35:00+00:00,11.0,-0.000640792327490936,False,2957.04,collision_5m_open,0.077,227.69208,1,-0.0038706122947317024,0.8790092849999951,0.0038605176122067796,valued_without_funding,0.04658804650195112
2022-04-24 00:00:00+00:00,XRP/USDT:USDT,short,short_pullback_restart,0.0003744724673637,BTC/USDT:USDT,short,short_compression_breakdown,2022-04-22 15:00:00+00:00,2022-04-25 18:45:00+00:00,33.0,-0.0007500302100177536,False,39413.8,collision_5m_open,0.007,275.89660000000003,1,0.00991675491736215,-2.7660323249999124,-0.010025612222114778,valued_without_funding,0.010400084689478478
2022-04-24 00:00:00+00:00,XRP/USDT:USDT,short,short_pullback_restart,0.0003744724673637,ETH/USDT:USDT,short,short_compression_breakdown,2022-04-22 16:00:00+00:00,2022-04-25 18:35:00+00:00,32.0,-0.000640792327490936,False,2930.28,collision_5m_open,0.077,225.63156,1,0.005209480495696314,-1.1825409750000233,-0.005241026454809883,valued_without_funding,0.005615498922173582
2022-04-24 00:00:00+00:00,XRP/USDT:USDT,short,short_pullback_restart,0.0003744724673637,ADA/USDT:USDT,short,short_pullback_restart,2022-04-24 00:00:00+00:00,2022-04-25 07:05:00+00:00,0.0,0.06183436539702065,True,0.8864,collision_5m_open,354.0,313.7856,1,-0.000999999999999873,19.58598810000001,0.062418377707581255,valued_without_funding,-0.06204390524021756
2022-04-29 11:00:00+00:00,BTC/USDT:USDT,short,short_pullback_restart,7.270133406002099e-05,ADA/USDT:USDT,short,short_compression_breakdown,2022-04-29 10:00:00+00:00,2022-04-29 12:40:00+00:00,1.0,9.64198158984521e-05,False,0.8111,collision_5m_open,223.0,180.8753,1,0.01142554486789244,-2.0749369499999943,-0.011471643447170478,valued_without_funding,0.011544344781230498
2022-04-29 11:00:00+00:00,BTC/USDT:USDT,short,short_pullback_restart,7.270133406002099e-05,ETH/USDT:USDT,short,short_pullback_restart,2022-04-29 10:00:00+00:00,2022-04-30 23:10:00+00:00,1.0,0.05274173172674781,False,2860.94,collision_5m_open,0.11099999999999999,317.56433999999996,1,0.0038169694065514717,15.651051614999915,0.04928466343229821,valued_without_funding,-0.049211962098238186
2022-04-29 11:00:00+00:00,BTC/USDT:USDT,short,short_pullback_restart,7.270133406002099e-05,XRP/USDT:USDT,short,short_compression_breakdown,2022-04-29 10:00:00+00:00,2022-04-30 23:05:00+00:00,1.0,0.09994898514676435,False,0.6171,collision_5m_open,435.3,268.62363,1,0.021349572243346243,21.51457191,0.08009188138065144,valued_without_funding,-0.08001918004659142
2022-04-29 11:00:00+00:00,LINK/USDT:USDT,short,short_compression_breakdown,0.0002327185936162,ADA/USDT:USDT,short,short_compression_breakdown,2022-04-29 10:00:00+00:00,2022-04-29 12:40:00+00:00,1.0,9.64198158984521e-05,False,0.8111,collision_5m_open,223.0,180.8753,1,0.01142554486789244,-2.0749369499999943,-0.011471643447170478,valued_without_funding,0.011704362040786677
2022-04-29 11:00:00+00:00,LINK/USDT:USDT,short,short_compression_breakdown,0.0002327185936162,ETH/USDT:USDT,short,short_pullback_restart,2022-04-29 10:00:00+00:00,2022-04-30 23:10:00+00:00,1.0,0.05274173172674781,False,2860.94,collision_5m_open,0.11099999999999999,317.56433999999996,1,0.0038169694065514717,15.651051614999915,0.04928466343229821,valued_without_funding,-0.04905194483868201
2022-04-29 11:00:00+00:00,LINK/USDT:USDT,short,short_compression_breakdown,0.0002327185936162,XRP/USDT:USDT,short,short_compression_breakdown,2022-04-29 10:00:00+00:00,2022-04-30 23:05:00+00:00,1.0,0.09994898514676435,False,0.6171,collision_5m_open,435.3,268.62363,1,0.021349572243346243,21.51457191,0.08009188138065144,valued_without_funding,-0.07985916278703524
2022-04-29 17:00:00+00:00,SOL/USDT:USDT,short,short_pullback_restart,9.51708700678745e-05,ETH/USDT:USDT,short,short_pullback_restart,2022-04-29 10:00:00+00:00,2022-04-30 23:10:00+00:00,7.0,0.05274173172674781,False,2814.4,collision_5m_open,0.11099999999999999,312.3984,1,0.02001412427307046,10.482528644999945,0.03355500106594639,valued_without_funding,-0.03345983019587851
2022-04-29 17:00:00+00:00,SOL/USDT:USDT,short,short_pullback_restart,9.51708700678745e-05,XRP/USDT:USDT,short,short_compression_breakdown,2022-04-29 10:00:00+00:00,2022-04-30 23:05:00+00:00,7.0,0.09994898514676435,False,0.6115,collision_5m_open,435.3,266.18595000000005,1,0.03022599809885927,19.07567307000008,0.07166295993458736,valued_without_funding,-0.0715677890645195
2022-04-29 17:00:00+00:00,SOL/USDT:USDT,short,short_pullback_restart,9.51708700678745e-05,BTC/USDT:USDT,short,short_pullback_restart,2022-04-29 17:00:00+00:00,2022-05-01 15:50:00+00:00,0.0,3.584987534449936e-05,True,38505.3,collision_5m_open,0.006,231.03180000000003,1,-0.000999999999999924,0.23117553000003,0.0010006221221495481,valued_without_funding,-0.0009054512520816736
2022-04-30 14:00:00+00:00,BNB/USDT:USDT,short,short_pullback_restart,-0.0007854529339363,ETH/USDT:USDT,short,short_pullback_restart,2022-04-29 10:00:00+00:00,2022-04-30 23:10:00+00:00,28.0,0.05274173172674781,False,2819.59,collision_5m_open,0.11099999999999999,312.97449,1,0.018207866564492123,11.058906689999958,0.03533485010231971,valued_without_funding,-0.03612030303625601
2022-04-30 14:00:00+00:00,BNB/USDT:USDT,short,short_pullback_restart,-0.0007854529339363,XRP/USDT:USDT,short,short_compression_breakdown,2022-04-29 10:00:00+00:00,2022-04-30 23:05:00+00:00,28.0,0.09994898514676435,False,0.6191,collision_5m_open,435.3,269.49423,1,0.018179420152091428,22.385607210000018,0.08306525601679864,valued_without_funding,-0.08385070895073493
2022-04-30 14:00:00+00:00,BNB/USDT:USDT,short,short_pullback_restart,-0.0007854529339363,BTC/USDT:USDT,short,short_pullback_restart,2022-04-29 17:00:00+00:00,2022-05-01 15:50:00+00:00,21.0,3.584987534449936e-05,False,38490.3,collision_5m_open,0.006,230.94180000000003,1,-0.000610248459302914,0.1411305300000265,0.0006111086429569116,valued_without_funding,-0.0013965615768932117
2022-04-30 15:00:00+00:00,ADA/USDT:USDT,short,short_pullback_restart,-3.823365325570071e-05,ETH/USDT:USDT,short,short_pullback_restart,2022-04-29 10:00:00+00:00,2022-04-30 23:10:00+00:00,29.0,0.05274173172674781,False,2781.51,collision_5m_open,0.11099999999999999,308.74761,1,0.031460716958068576,6.829913249999947,0.02212134775715332,valued_without_funding,-0.02215958141040902
2022-04-30 15:00:00+00:00,ADA/USDT:USDT,short,short_pullback_restart,-3.823365325570071e-05,XRP/USDT:USDT,short,short_compression_breakdown,2022-04-29 10:00:00+00:00,2022-04-30 23:05:00+00:00,29.0,0.09994898514676435,False,0.6104,collision_5m_open,435.3,265.70712000000003,1,0.03196958174904948,18.596603655000052,0.06998910550458734,valued_without_funding,-0.07002733915784304
2022-04-30 15:00:00+00:00,ADA/USDT:USDT,short,short_pullback_restart,-3.823365325570071e-05,BTC/USDT:USDT,short,short_pullback_restart,2022-04-29 17:00:00+00:00,2022-05-01 15:50:00+00:00,22.0,3.584987534449936e-05,False,38238.3,collision_5m_open,0.006,229.42980000000003,1,0.005937577424406583,-1.3716254699999695,-0.005978410258824134,valued_without_funding,0.005940176605568433
2022-04-30 15:00:00+00:00,DOGE/USDT:USDT,short,short_compression_breakdown,9.384760502048438e-06,ETH/USDT:USDT,short,short_pullback_restart,2022-04-29 10:00:00+00:00,2022-04-30 23:10:00+00:00,29.0,0.05274173172674781,False,2781.51,collision_5m_open,0.11099999999999999,308.74761,1,0.031460716958068576,6.829913249999947,0.02212134775715332,valued_without_funding,-0.02211196299665127
2022-04-30 15:00:00+00:00,DOGE/USDT:USDT,short,short_compression_breakdown,9.384760502048438e-06,XRP/USDT:USDT,short,short_compression_breakdown,2022-04-29 10:00:00+00:00,2022-04-30 23:05:00+00:00,29.0,0.09994898514676435,False,0.6104,collision_5m_open,435.3,265.70712000000003,1,0.03196958174904948,18.596603655000052,0.06998910550458734,valued_without_funding,-0.06997972074408529
2022-04-30 15:00:00+00:00,DOGE/USDT:USDT,short,short_compression_breakdown,9.384760502048438e-06,BTC/USDT:USDT,short,short_pullback_restart,2022-04-29 17:00:00+00:00,2022-05-01 15:50:00+00:00,22.0,3.584987534449936e-05,False,38238.3,collision_5m_open,0.006,229.42980000000003,1,0.005937577424406583,-1.3716254699999695,-0.005978410258824134,valued_without_funding,0.005987795019326183
2022-04-30 15:00:00+00:00,LINK/USDT:USDT,short,short_pullback_restart,0.0776312550857828,ETH/USDT:USDT,short,short_pullback_restart,2022-04-29 10:00:00+00:00,2022-04-30 23:10:00+00:00,29.0,0.05274173172674781,False,2781.51,collision_5m_open,0.11099999999999999,308.74761,1,0.031460716958068576,6.829913249999947,0.02212134775715332,valued_without_funding,0.055509907328629475
2022-04-30 15:00:00+00:00,LINK/USDT:USDT,short,short_pullback_restart,0.0776312550857828,XRP/USDT:USDT,short,short_compression_breakdown,2022-04-29 10:00:00+00:00,2022-04-30 23:05:00+00:00,29.0,0.09994898514676435,False,0.6104,collision_5m_open,435.3,265.70712000000003,1,0.03196958174904948,18.596603655000052,0.06998910550458734,valued_without_funding,0.007642149581195454
2022-04-30 15:00:00+00:00,LINK/USDT:USDT,short,short_pullback_restart,0.0776312550857828,BTC/USDT:USDT,short,short_pullback_restart,2022-04-29 17:00:00+00:00,2022-05-01 15:50:00+00:00,22.0,3.584987534449936e-05,False,38238.3,collision_5m_open,0.006,229.42980000000003,1,0.005937577424406583,-1.3716254699999695,-0.005978410258824134,valued_without_funding,0.08360966534460693
2022-04-30 15:00:00+00:00,SOL/USDT:USDT,short,short_compression_breakdown,0.099969911643975,ETH/USDT:USDT,short,short_pullback_restart,2022-04-29 10:00:00+00:00,2022-04-30 23:10:00+00:00,29.0,0.05274173172674781,False,2781.51,collision_5m_open,0.11099999999999999,308.74761,1,0.031460716958068576,6.829913249999947,0.02212134775715332,valued_without_funding,0.07784856388682168
2022-04-30 15:00:00+00:00,SOL/USDT:USDT,short,short_compression_breakdown,0.099969911643975,XRP/USDT:USDT,short,short_compression_breakdown,2022-04-29 10:00:00+00:00,2022-04-30 23:05:00+00:00,29.0,0.09994898514676435,False,0.6104,collision_5m_open,435.3,265.70712000000003,1,0.03196958174904948,18.596603655000052,0.06998910550458734,valued_without_funding,0.029980806139387667
2022-04-30 15:00:00+00:00,SOL/USDT:USDT,short,short_compression_breakdown,0.099969911643975,BTC/USDT:USDT,short,short_pullback_restart,2022-04-29 17:00:00+00:00,2022-05-01 15:50:00+00:00,22.0,3.584987534449936e-05,False,38238.3,collision_5m_open,0.006,229.42980000000003,1,0.005937577424406583,-1.3716254699999695,-0.005978410258824134,valued_without_funding,0.10594832190279914
2022-05-03 19:00:00+00:00,ADA/USDT:USDT,short,short_pullback_restart,-0.0407783920424804,ETH/USDT:USDT,short,short_pullback_restart,2022-05-03 17:00:00+00:00,2022-05-04 10:25:00+00:00,2.0,-0.01930467187713787,False,2782.93,collision_5m_open,0.127,353.43210999999997,1,0.007048934236321647,-9.454795035000018,-0.026751375349002723,valued_without_funding,-0.014027016693477674
2022-05-03 19:00:00+00:00,ADA/USDT:USDT,short,short_pullback_restart,-0.0407783920424804,SOL/USDT:USDT,short,short_pullback_restart,2022-05-03 17:00:00+00:00,2022-05-04 18:45:00+00:00,2.0,-0.0306764338853594,False,85.97,collision_5m_open,2.92,251.0324,1,0.003864104641741034,-8.705950799999982,-0.03468058625101773,valued_without_funding,-0.006097805791462671
2022-05-03 19:00:00+00:00,ADA/USDT:USDT,short,short_pullback_restart,-0.0407783920424804,XRP/USDT:USDT,short,short_pullback_restart,2022-05-03 17:00:00+00:00,2022-05-04 18:05:00+00:00,2.0,-0.026013410869159863,False,0.6027,collision_5m_open,606.3,365.41701,2,0.008709135800702629,-14.01602975999998,-0.03835625977017321,valued_without_funding,-0.002422132272307191
2022-09-01 15:00:00+00:00,SOL/USDT:USDT,short,short_compression_breakdown,-0.0357285968856026,XRP/USDT:USDT,short,short_pullback_restart,2022-08-30 15:00:00+00:00,2022-09-02 15:05:00+00:00,48.0,-0.026971288760084654,False,0.3223,collision_5m_open,599.2,193.12216,1,0.0036348054354540522,-5.755196159999997,-0.029800806701830575,valued_without_funding,-0.005927790183772024
2022-09-01 15:00:00+00:00,SOL/USDT:USDT,short,short_compression_breakdown,-0.0357285968856026,BTC/USDT:USDT,short,short_pullback_restart,2022-08-31 15:00:00+00:00,2022-09-01 20:05:00+00:00,24.0,0.00017285691048171464,False,19685.9,collision_5m_open,0.017,334.66030000000006,2,0.019466017316017197,-6.649503499999923,-0.019869412356350372,valued_without_funding,-0.015859184529252227
2022-09-01 15:00:00+00:00,SOL/USDT:USDT,short,short_compression_breakdown,-0.0357285968856026,BNB/USDT:USDT,short,short_compression_breakdown,2022-09-01 15:00:00+00:00,2022-09-02 03:00:00+00:00,0.0,-0.03127349472913704,True,271.64,collision_5m_open,0.83,225.4612,1,-0.0009999999999999282,-6.726361499999996,-0.029833787365630964,valued_without_funding,-0.005894809519971636
2022-09-16 14:00:00+00:00,SOL/USDT:USDT,short,short_compression_breakdown,-0.0367522391010404,ADA/USDT:USDT,short,short_compression_breakdown,2022-09-16 14:00:00+00:00,2022-09-16 23:20:00+00:00,0.0,-0.034715721109476426,True,0.4553,collision_5m_open,470.0,213.99099999999999,1,-0.0009999999999998341,-7.194595500000048,-0.033621019108280484,valued_without_funding,-0.0031312199927599135
2022-09-16 14:00:00+00:00,SOL/USDT:USDT,short,short_compression_breakdown,-0.0367522391010404,ETH/USDT:USDT,short,short_compression_breakdown,2022-09-16 14:00:00+00:00,2022-09-19 03:40:00+00:00,0.0,0.1000019768348979,True,1430.19,collision_5m_open,0.131,187.35489,1,-0.0009999999999999712,18.8472189,0.1005963543305435,valued_without_funding,-0.1373485934315839
2022-09-16 14:00:00+00:00,SOL/USDT:USDT,short,short_compression_breakdown,-0.0367522391010404,ZEC/USDT:USDT,short,short_compression_breakdown,2022-09-16 14:00:00+00:00,2022-09-17 00:25:00+00:00,0.0,6.9088897845506e-05,True,57.16,collision_5m_open,4.304,246.01664,1,-0.0009999999999999733,0.25836911999996914,0.0010502099370187689,valued_without_funding,-0.03780244903805917
2022-09-18 10:00:00+00:00,BNB/USDT:USDT,short,short_pullback_restart,-0.0200647463311423,ETH/USDT:USDT,short,short_compression_breakdown,2022-09-16 14:00:00+00:00,2022-09-19 03:40:00+00:00,44.0,0.1000019768348979,False,1423.46,collision_5m_open,0.131,186.47326,1,0.0037080213118538055,17.96514808499998,0.09634168504910559,valued_without_funding,-0.1164064313802479
2022-09-18 10:00:00+00:00,BNB/USDT:USDT,short,short_pullback_restart,-0.0200647463311423,BTC/USDT:USDT,short,short_pullback_restart,2022-09-18 10:00:00+00:00,2022-09-19 02:30:00+00:00,0.0,0.05119422499867107,True,19824.5,collision_5m_open,0.017,337.0165,1,-0.0010000000000000126,17.55787454999995,0.052097967161845046,valued_without_funding,-0.07216271349298735
2022-09-18 10:00:00+00:00,BNB/USDT:USDT,short,short_pullback_restart,-0.0200647463311423,ZEC/USDT:USDT,short,short_pullback_restart,2022-09-18 10:00:00+00:00,2022-09-21 18:45:00+00:00,0.0,0.00043277723649398663,True,57.3,collision_5m_open,4.677,267.99209999999994,1,-0.001000000000000056,0.2807603099999483,0.001047643979057399,valued_without_funding,-0.021112390310199698
2023-03-04 20:00:00+00:00,ADA/USDT:USDT,short,short_pullback_restart,-0.0237655458895977,BNB/USDT:USDT,short,short_pullback_restart,2023-03-02 03:00:00+00:00,2023-03-09 19:10:00+00:00,65.0,0.051090753058633066,False,288.3,collision_5m_open,1.31,377.67300000000006,1,0.03260488736926783,7.850823450000064,0.020787356919875297,valued_without_funding,-0.044552902809472994
2023-03-04 20:00:00+00:00,ADA/USDT:USDT,short,short_pullback_restart,-0.0237655458895977,SOL/USDT:USDT,short,short_pullback_restart,2023-03-04 16:00:00+00:00,2023-03-04 23:40:00+00:00,4.0,0.00010296524071655329,False,20.675,collision_5m_open,19.43,401.71525,1,0.01213305489260146,-4.937687609999955,-0.012291511487303394,valued_without_funding,-0.011474034402294307
2023-03-04 20:00:00+00:00,ADA/USDT:USDT,short,short_pullback_restart,-0.0237655458895977,DOGE/USDT:USDT,short,short_pullback_restart,2023-03-04 19:00:00+00:00,2023-03-05 01:15:00+00:00,1.0,6.655225789636389e-05,False,0.07478,collision_5m_open,4852.0,362.83256,1,0.00656848042468496,-2.3786687399999664,-0.006555830435945347,valued_without_funding,-0.017209715453652352
2023-05-24 04:00:00+00:00,DOGE/USDT:USDT,short,short_pullback_restart,0.0004302152026029,LINK/USDT:USDT,short,short_pullback_restart,2023-05-23 19:00:00+00:00,2023-05-28 00:45:00+00:00,9.0,0.0020090113781508915,False,6.39,collision_5m_open,78.48,501.4872,4,0.010603610056219332,-4.8210881800001175,-0.009613581722524758,valued_without_funding,0.01004379692512766
2023-05-24 04:00:00+00:00,DOGE/USDT:USDT,short,short_pullback_restart,0.0004302152026029,SOL/USDT:USDT,short,short_pullback_restart,2023-05-24 04:00:00+00:00,2023-05-25 12:05:00+00:00,0.0,0.0002975494450287179,True,19.546,collision_5m_open,13.85,270.71209999999996,1,-0.0009999999999998849,0.2771384999999782,0.0010237388724034804,valued_without_funding,-0.0005935236698005803
2023-05-24 04:00:00+00:00,DOGE/USDT:USDT,short,short_pullback_restart,0.0004302152026029,ZEC/USDT:USDT,short,short_pullback_restart,2023-05-24 04:00:00+00:00,2023-05-25 04:20:00+00:00,0.0,0.00043127874383623235,True,31.55,collision_5m_open,9.769,308.21195,1,-0.0009999999999999554,0.3909553800000367,0.0012684627575278529,valued_without_funding,-0.0008382475549249529
2023-05-24 04:00:00+00:00,NEAR/USDT:USDT,short,short_pullback_restart,0.0003601602790112,LINK/USDT:USDT,short,short_pullback_restart,2023-05-23 19:00:00+00:00,2023-05-28 00:45:00+00:00,9.0,0.0020090113781508915,False,6.39,collision_5m_open,78.48,501.4872,4,0.010603610056219332,-4.8210881800001175,-0.009613581722524758,valued_without_funding,0.009973742001535958
2023-05-24 04:00:00+00:00,NEAR/USDT:USDT,short,short_pullback_restart,0.0003601602790112,SOL/USDT:USDT,short,short_pullback_restart,2023-05-24 04:00:00+00:00,2023-05-25 12:05:00+00:00,0.0,0.0002975494450287179,True,19.546,collision_5m_open,13.85,270.71209999999996,1,-0.0009999999999998849,0.2771384999999782,0.0010237388724034804,valued_without_funding,-0.0006635785933922804
2023-05-24 04:00:00+00:00,NEAR/USDT:USDT,short,short_pullback_restart,0.0003601602790112,ZEC/USDT:USDT,short,short_pullback_restart,2023-05-24 04:00:00+00:00,2023-05-25 04:20:00+00:00,0.0,0.00043127874383623235,True,31.55,collision_5m_open,9.769,308.21195,1,-0.0009999999999999554,0.3909553800000367,0.0012684627575278529,valued_without_funding,-0.0009083024785166529
2023-08-17 15:00:00+00:00,ADA/USDT:USDT,short,short_pullback_restart,0.0998843655544292,BTC/USDT:USDT,short,short_compression_breakdown,2023-08-17 14:00:00+00:00,2023-08-17 21:40:00+00:00,1.0,0.10000033122846687,False,28388.0,collision_5m_open,0.014,397.432,1,-0.0008097198644754086,40.013796900000045,0.10068086339298306,valued_without_funding,-0.0007964978385538585
2023-08-17 15:00:00+00:00,ADA/USDT:USDT,short,short_pullback_restart,0.0998843655544292,ETH/USDT:USDT,short,short_pullback_restart,2023-08-17 15:00:00+00:00,2023-08-17 21:40:00+00:00,0.0,0.09999793599482833,True,1778.48,collision_5m_open,0.23,409.0504,1,-0.0009999999999998912,41.26422180000003,0.10087808690567232,valued_without_funding,-0.0009937213512431209
2023-08-17 15:00:00+00:00,ADA/USDT:USDT,short,short_pullback_restart,0.0998843655544292,ZEC/USDT:USDT,short,short_pullback_restart,2023-08-17 15:00:00+00:00,2023-08-17 16:30:00+00:00,0.0,0.00022277056131061787,True,26.7,collision_5m_open,13.584,362.6928,1,-0.0009999999999999744,0.4077237600000103,0.001124157303370815,valued_without_funding,0.09876020825105838
2023-08-17 15:00:00+00:00,BNB/USDT:USDT,short,short_pullback_restart,0.0999788688766229,BTC/USDT:USDT,short,short_compression_breakdown,2023-08-17 14:00:00+00:00,2023-08-17 21:40:00+00:00,1.0,0.10000033122846687,False,28388.0,collision_5m_open,0.014,397.432,1,-0.0008097198644754086,40.013796900000045,0.10068086339298306,valued_without_funding,-0.0007019945163601604
2023-08-17 15:00:00+00:00,BNB/USDT:USDT,short,short_pullback_restart,0.0999788688766229,ETH/USDT:USDT,short,short_pullback_restart,2023-08-17 15:00:00+00:00,2023-08-17 21:40:00+00:00,0.0,0.09999793599482833,True,1778.48,collision_5m_open,0.23,409.0504,1,-0.0009999999999998912,41.26422180000003,0.10087808690567232,valued_without_funding,-0.0008992180290494228
2023-08-17 15:00:00+00:00,BNB/USDT:USDT,short,short_pullback_restart,0.0999788688766229,ZEC/USDT:USDT,short,short_pullback_restart,2023-08-17 15:00:00+00:00,2023-08-17 16:30:00+00:00,0.0,0.00022277056131061787,True,26.7,collision_5m_open,13.584,362.6928,1,-0.0009999999999999744,0.4077237600000103,0.001124157303370815,valued_without_funding,0.09885471157325208
2023-08-17 15:00:00+00:00,DOGE/USDT:USDT,short,short_pullback_restart,0.0999532454243395,BTC/USDT:USDT,short,short_compression_breakdown,2023-08-17 14:00:00+00:00,2023-08-17 21:40:00+00:00,1.0,0.10000033122846687,False,28388.0,collision_5m_open,0.014,397.432,1,-0.0008097198644754086,40.013796900000045,0.10068086339298306,valued_without_funding,-0.0007276179686435541
2023-08-17 15:00:00+00:00,DOGE/USDT:USDT,short,short_pullback_restart,0.0999532454243395,ETH/USDT:USDT,short,short_pullback_restart,2023-08-17 15:00:00+00:00,2023-08-17 21:40:00+00:00,0.0,0.09999793599482833,True,1778.48,collision_5m_open,0.23,409.0504,1,-0.0009999999999998912,41.26422180000003,0.10087808690567232,valued_without_funding,-0.0009248414813328165
2023-08-17 15:00:00+00:00,DOGE/USDT:USDT,short,short_pullback_restart,0.0999532454243395,ZEC/USDT:USDT,short,short_pullback_restart,2023-08-17 15:00:00+00:00,2023-08-17 16:30:00+00:00,0.0,0.00022277056131061787,True,26.7,collision_5m_open,13.584,362.6928,1,-0.0009999999999999744,0.4077237600000103,0.001124157303370815,valued_without_funding,0.09882908812096869
2023-08-17 15:00:00+00:00,NEAR/USDT:USDT,short,short_pullback_restart,0.1003161862032356,BTC/USDT:USDT,short,short_compression_breakdown,2023-08-17 14:00:00+00:00,2023-08-17 21:40:00+00:00,1.0,0.10000033122846687,False,28388.0,collision_5m_open,0.014,397.432,1,-0.0008097198644754086,40.013796900000045,0.10068086339298306,valued_without_funding,-0.00036467718974746155
2023-08-17 15:00:00+00:00,NEAR/USDT:USDT,short,short_pullback_restart,0.1003161862032356,ETH/USDT:USDT,short,short_pullback_restart,2023-08-17 15:00:00+00:00,2023-08-17 21:40:00+00:00,0.0,0.09999793599482833,True,1778.48,collision_5m_open,0.23,409.0504,1,-0.0009999999999998912,41.26422180000003,0.10087808690567232,valued_without_funding,-0.000561900702436724
2023-08-17 15:00:00+00:00,NEAR/USDT:USDT,short,short_pullback_restart,0.1003161862032356,ZEC/USDT:USDT,short,short_pullback_restart,2023-08-17 15:00:00+00:00,2023-08-17 16:30:00+00:00,0.0,0.00022277056131061787,True,26.7,collision_5m_open,13.584,362.6928,1,-0.0009999999999999744,0.4077237600000103,0.001124157303370815,valued_without_funding,0.09919202889986478
2023-08-17 16:00:00+00:00,LINK/USDT:USDT,short,short_pullback_restart,0.099978574832937,BTC/USDT:USDT,short,short_compression_breakdown,2023-08-17 14:00:00+00:00,2023-08-17 21:40:00+00:00,2.0,0.10000033122846687,False,27920.9,collision_5m_open,0.014,390.8926,1,0.015649511858389847,33.47112720000001,0.08562742605001991,valued_without_funding,0.014351148782917086
2023-08-17 16:00:00+00:00,LINK/USDT:USDT,short,short_pullback_restart,0.099978574832937,ETH/USDT:USDT,short,short_pullback_restart,2023-08-17 15:00:00+00:00,2023-08-17 21:40:00+00:00,1.0,0.09999793599482833,False,1738.32,collision_5m_open,0.23,399.8136,1,0.0215923710134499,32.02280339999999,0.08009433245892582,valued_without_funding,0.01988424237401118
2023-08-17 16:00:00+00:00,LINK/USDT:USDT,short,short_pullback_restart,0.099978574832937,ZEC/USDT:USDT,short,short_pullback_restart,2023-08-17 15:00:00+00:00,2023-08-17 16:30:00+00:00,1.0,0.00022277056131061787,False,26.31,collision_5m_open,13.584,357.39504,1,0.013614044943820307,-4.89268512000001,-0.013689851767388853,valued_without_funding,0.11366842660032585
2023-08-17 16:00:00+00:00,XRP/USDT:USDT,short,short_pullback_restart,0.0999605344936405,BTC/USDT:USDT,short,short_compression_breakdown,2023-08-17 14:00:00+00:00,2023-08-17 21:40:00+00:00,2.0,0.10000033122846687,False,27920.9,collision_5m_open,0.014,390.8926,1,0.015649511858389847,33.47112720000001,0.08562742605001991,valued_without_funding,0.014333108443620582
2023-08-17 16:00:00+00:00,XRP/USDT:USDT,short,short_pullback_restart,0.0999605344936405,ETH/USDT:USDT,short,short_pullback_restart,2023-08-17 15:00:00+00:00,2023-08-17 21:40:00+00:00,1.0,0.09999793599482833,False,1738.32,collision_5m_open,0.23,399.8136,1,0.0215923710134499,32.02280339999999,0.08009433245892582,valued_without_funding,0.019866202034714675
2023-08-17 16:00:00+00:00,XRP/USDT:USDT,short,short_pullback_restart,0.0999605344936405,ZEC/USDT:USDT,short,short_pullback_restart,2023-08-17 15:00:00+00:00,2023-08-17 16:30:00+00:00,1.0,0.00022277056131061787,False,26.31,collision_5m_open,13.584,357.39504,1,0.013614044943820307,-4.89268512000001,-0.013689851767388853,valued_without_funding,0.11365038626102934
2023-08-24 15:00:00+00:00,DOGE/USDT:USDT,short,short_pullback_restart,-0.0137912721799787,ETH/USDT:USDT,short,short_pullback_restart,2023-08-24 15:00:00+00:00,2023-08-27 15:05:00+00:00,0.0,-0.009128082329957116,True,1645.07,collision_5m_open,0.268,440.87876,1,-0.0009999999999998155,-3.5527754999999956,-0.008058395691368746,valued_without_funding,-0.005732876488609954
2023-08-24 15:00:00+00:00,DOGE/USDT:USDT,short,short_pullback_restart,-0.0137912721799787,SOL/USDT:USDT,short,short_pullback_restart,2023-08-24 15:00:00+00:00,2023-08-29 14:25:00+00:00,0.0,-0.0011988394887368645,True,21.231,collision_5m_open,11.7,248.4027,2,-0.0009999999999999417,0.267413580000067,0.0010765325014585872,valued_without_funding,-0.014867804681437287
2023-08-24 15:00:00+00:00,DOGE/USDT:USDT,short,short_pullback_restart,-0.0137912721799787,ZEC/USDT:USDT,short,short_pullback_restart,2023-08-24 15:00:00+00:00,2023-08-24 23:25:00+00:00,0.0,7.801994224126789e-05,True,24.62,collision_5m_open,11.421,281.18502,1,-0.0009999999999998313,0.3428013150000311,0.0012191307879773647,valued_without_funding,-0.015010402967956065
2023-08-24 15:00:00+00:00,LINK/USDT:USDT,short,short_pullback_restart,0.0514946884775397,ETH/USDT:USDT,short,short_pullback_restart,2023-08-24 15:00:00+00:00,2023-08-27 15:05:00+00:00,0.0,-0.009128082329957116,True,1645.07,collision_5m_open,0.268,440.87876,1,-0.0009999999999998155,-3.5527754999999956,-0.008058395691368746,valued_without_funding,0.05955308416890845
2023-08-24 15:00:00+00:00,LINK/USDT:USDT,short,short_pullback_restart,0.0514946884775397,SOL/USDT:USDT,short,short_pullback_restart,2023-08-24 15:00:00+00:00,2023-08-29 14:25:00+00:00,0.0,-0.0011988394887368645,True,21.231,collision_5m_open,11.7,248.4027,2,-0.0009999999999999417,0.267413580000067,0.0010765325014585872,valued_without_funding,0.05041815597608111
2023-08-24 15:00:00+00:00,LINK/USDT:USDT,short,short_pullback_restart,0.0514946884775397,ZEC/USDT:USDT,short,short_pullback_restart,2023-08-24 15:00:00+00:00,2023-08-24 23:25:00+00:00,0.0,7.801994224126789e-05,True,24.62,collision_5m_open,11.421,281.18502,1,-0.0009999999999998313,0.3428013150000311,0.0012191307879773647,valued_without_funding,0.050275557689562336
2023-10-12 10:00:00+00:00,BNB/USDT:USDT,short,short_pullback_restart,-0.0174675581750804,XRP/USDT:USDT,short,short_pullback_restart,2023-10-12 09:00:00+00:00,2023-10-13 20:50:00+00:00,1.0,-0.028183832756224464,False,0.4771,collision_5m_open,701.4,334.63794,1,-0.0026804534956959554,-8.631533609999963,-0.02579364913016128,valued_without_funding,0.00832609095508088
2023-10-12 10:00:00+00:00,BNB/USDT:USDT,short,short_pullback_restart,-0.0174675581750804,ADA/USDT:USDT,short,short_pullback_restart,2023-10-12 10:00:00+00:00,2023-10-13 21:00:00+00:00,0.0,-0.019616214543796962,True,0.2437,collision_5m_open,1762.0,429.3994,1,-0.00099999999999992,-8.109252599999934,-0.01888510463684843,valued_without_funding,0.0014175464617680322
2023-10-12 10:00:00+00:00,BNB/USDT:USDT,short,short_pullback_restart,-0.0174675581750804,ETH/USDT:USDT,short,short_pullback_restart,2023-10-12 10:00:00+00:00,2023-10-13 21:00:00+00:00,0.0,-0.019902485924479962,True,1540.98,collision_5m_open,0.278,428.39244,1,-0.000999999999999825,-8.16616104000002,-0.019062336954405682,valued_without_funding,0.001594778779325283
2023-10-12 10:00:00+00:00,NEAR/USDT:USDT,short,short_pullback_restart,-0.0210516475838877,XRP/USDT:USDT,short,short_pullback_restart,2023-10-12 09:00:00+00:00,2023-10-13 20:50:00+00:00,1.0,-0.028183832756224464,False,0.4771,collision_5m_open,701.4,334.63794,1,-0.0026804534956959554,-8.631533609999963,-0.02579364913016128,valued_without_funding,0.004742001546273581
2023-10-12 10:00:00+00:00,NEAR/USDT:USDT,short,short_pullback_restart,-0.0210516475838877,ADA/USDT:USDT,short,short_pullback_restart,2023-10-12 10:00:00+00:00,2023-10-13 21:00:00+00:00,0.0,-0.019616214543796962,True,0.2437,collision_5m_open,1762.0,429.3994,1,-0.00099999999999992,-8.109252599999934,-0.01888510463684843,valued_without_funding,-0.002166542947039267
2023-10-12 10:00:00+00:00,NEAR/USDT:USDT,short,short_pullback_restart,-0.0210516475838877,ETH/USDT:USDT,short,short_pullback_restart,2023-10-12 10:00:00+00:00,2023-10-13 21:00:00+00:00,0.0,-0.019902485924479962,True,1540.98,collision_5m_open,0.278,428.39244,1,-0.000999999999999825,-8.16616104000002,-0.019062336954405682,valued_without_funding,-0.001989310629482016
2024-02-12 00:00:00+00:00,LINK/USDT:USDT,long,long_1d_center_compression,-5.845148029280071e-05,BNB/USDT:USDT,long,long_pullback_restart_1h_body,2024-02-07 17:00:00+00:00,2024-02-14 09:45:00+00:00,103.0,0.10000015571304247,False,320.43,collision_5m_open,1.46,467.8278,1,0.05052974862168569,16.57730719999995,0.03543463470960886,valued_without_funding,-0.03549308618990166
2024-02-12 00:00:00+00:00,LINK/USDT:USDT,long,long_1d_center_compression,-5.845148029280071e-05,BTC/USDT:USDT,long,long_1d_center_compression,2024-02-08 00:00:00+00:00,2024-02-12 15:00:00+00:00,96.0,0.09999958456283056,False,48303.4,collision_5m_open,0.01,483.03400000000005,1,0.0886783952190912,5.605195999999978,0.01160414380768223,valued_without_funding,-0.01166259528797503
2024-02-12 00:00:00+00:00,LINK/USDT:USDT,long,long_1d_center_compression,-5.845148029280071e-05,SOL/USDT:USDT,long,long_1d_center_compression,2024-02-09 00:00:00+00:00,2024-02-13 00:05:00+00:00,72.0,0.1000007231386782,False,107.471,collision_5m_open,3.78,406.24038,1,0.045004900624866326,21.867700679999984,0.05382946097086652,valued_without_funding,-0.05388791245115932
2024-05-12 08:00:00+00:00,DOGE/USDT:USDT,short,short_pullback_restart,0.0002476338903698,ETH/USDT:USDT,short,short_pullback_restart,2024-05-10 15:00:00+00:00,2024-05-13 15:05:00+00:00,41.0,-0.0044861448538403926,False,2906.53,collision_5m_open,0.10999999999999999,319.7183,2,0.007212024292769042,-3.973865939999996,-0.012429272706629543,valued_without_funding,0.012676906596999342
2024-05-12 08:00:00+00:00,DOGE/USDT:USDT,short,short_pullback_restart,0.0002476338903698,XRP/USDT:USDT,short,short_pullback_restart,2024-05-10 15:00:00+00:00,2024-05-13 07:00:00+00:00,41.0,0.0007168009893751866,False,0.5039,collision_5m_open,555.1,279.71489,1,-0.008400739704118245,2.3881234649999783,0.008537705894026514,valued_without_funding,-0.008290072003656715
2024-05-12 08:00:00+00:00,DOGE/USDT:USDT,short,short_pullback_restart,0.0002476338903698,LINK/USDT:USDT,short,short_pullback_restart,2024-05-11 21:00:00+00:00,2024-05-13 06:45:00+00:00,11.0,0.00019772341055982837,False,13.302,collision_5m_open,36.85,490.1787,1,0.0031197499438497373,-1.5116054249999706,-0.003083784393324252,valued_without_funding,0.0033314182836940522
2024-05-13 02:00:00+00:00,SUI/USDT:USDT,short,short_pullback_restart,3.206129071279098e-05,ETH/USDT:USDT,short,short_pullback_restart,2024-05-10 15:00:00+00:00,2024-05-13 15:05:00+00:00,59.0,-0.0044861448538403926,False,2916.35,collision_5m_open,0.10999999999999999,320.79849999999993,2,0.003859480908925038,-2.8931258400000956,-0.009018514238689072,valued_without_funding,0.009050575529401863
2024-05-13 02:00:00+00:00,SUI/USDT:USDT,short,short_pullback_restart,3.206129071279098e-05,XRP/USDT:USDT,short,short_pullback_restart,2024-05-10 15:00:00+00:00,2024-05-13 07:00:00+00:00,59.0,0.0007168009893751866,False,0.4983,collision_5m_open,555.1,276.60633,1,0.0028003798480609,-0.7219908150000265,-0.0026101745936183978,valued_without_funding,0.0026422358843311887
2024-05-13 02:00:00+00:00,SUI/USDT:USDT,short,short_pullback_restart,3.206129071279098e-05,LINK/USDT:USDT,short,short_pullback_restart,2024-05-11 21:00:00+00:00,2024-05-13 06:45:00+00:00,29.0,0.00019772341055982837,False,13.528,collision_5m_open,36.85,498.50680000000006,1,-0.013808677098150812,6.820658625000078,0.01368217770549986,valued_without_funding,-0.01365011641478707
2024-05-13 03:00:00+00:00,SOL/USDT:USDT,short,short_pullback_restart,-0.0466867881932506,ETH/USDT:USDT,short,short_pullback_restart,2024-05-10 15:00:00+00:00,2024-05-13 15:05:00+00:00,60.0,-0.0044861448538403926,False,2884.58,collision_5m_open,0.10999999999999999,317.30379999999997,2,0.014705743974579981,-6.389573190000021,-0.020137083734893885,valued_without_funding,-0.026549704458356718
2024-05-13 03:00:00+00:00,SOL/USDT:USDT,short,short_pullback_restart,-0.0466867881932506,XRP/USDT:USDT,short,short_pullback_restart,2024-05-10 15:00:00+00:00,2024-05-13 07:00:00+00:00,60.0,0.0007168009893751866,False,0.4917,collision_5m_open,555.1,272.94267,1,0.016001699320271838,-4.387482644999977,-0.01607474069554598,valued_without_funding,-0.030612047497704624
2024-05-13 03:00:00+00:00,SOL/USDT:USDT,short,short_pullback_restart,-0.0466867881932506,LINK/USDT:USDT,short,short_pullback_restart,2024-05-11 21:00:00+00:00,2024-05-13 06:45:00+00:00,30.0,0.00019772341055982837,False,13.279,collision_5m_open,36.85,489.33115000000004,1,0.004842554465823147,-2.359579199999928,-0.004822049853151445,valued_without_funding,-0.041864738340099156
2024-06-14 16:00:00+00:00,ADA/USDT:USDT,short,short_compression_breakdown,0.0003096567626172,LINK/USDT:USDT,short,short_compression_breakdown,2024-06-13 16:00:00+00:00,2024-06-14 16:05:00+00:00,24.0,0.00046287527826823735,False,15.193,collision_5m_open,18.46,280.46278,1,-0.00716201986754968,2.013146070000005,0.007177943789903262,valued_without_funding,-0.006868287027286061
2024-06-14 16:00:00+00:00,ADA/USDT:USDT,short,short_compression_breakdown,0.0003096567626172,SOL/USDT:USDT,short,short_compression_breakdown,2024-06-13 16:00:00+00:00,2024-06-16 14:10:00+00:00,24.0,0.0008742770312758246,False,143.734,collision_5m_open,1.67,240.03578000000002,1,0.01992269284215693,-4.883850704999986,-0.020346344636620366,valued_without_funding,0.020656001399237567
2024-06-14 16:00:00+00:00,ADA/USDT:USDT,short,short_compression_breakdown,0.0003096567626172,XRP/USDT:USDT,short,short_compression_breakdown,2024-06-13 16:00:00+00:00,2024-06-15 09:15:00+00:00,24.0,0.0006371437371710314,False,0.4741,collision_5m_open,1053.0,499.2273,1,0.01232611862643085,-6.21580634999998,-0.012450854250158154,valued_without_funding,0.012760511012775354
2024-06-14 16:00:00+00:00,DOGE/USDT:USDT,short,short_pullback_restart,0.0506649491941143,LINK/USDT:USDT,short,short_compression_breakdown,2024-06-13 16:00:00+00:00,2024-06-14 16:05:00+00:00,24.0,0.00046287527826823735,False,15.193,collision_5m_open,18.46,280.46278,1,-0.00716201986754968,2.013146070000005,0.007177943789903262,valued_without_funding,0.04348700540421104
2024-06-14 16:00:00+00:00,DOGE/USDT:USDT,short,short_pullback_restart,0.0506649491941143,SOL/USDT:USDT,short,short_compression_breakdown,2024-06-13 16:00:00+00:00,2024-06-16 14:10:00+00:00,24.0,0.0008742770312758246,False,143.734,collision_5m_open,1.67,240.03578000000002,1,0.01992269284215693,-4.883850704999986,-0.020346344636620366,valued_without_funding,0.07101129383073466
2024-06-14 16:00:00+00:00,DOGE/USDT:USDT,short,short_pullback_restart,0.0506649491941143,XRP/USDT:USDT,short,short_compression_breakdown,2024-06-13 16:00:00+00:00,2024-06-15 09:15:00+00:00,24.0,0.0006371437371710314,False,0.4741,collision_5m_open,1053.0,499.2273,1,0.01232611862643085,-6.21580634999998,-0.012450854250158154,valued_without_funding,0.06311580344427245
2024-06-27 06:00:00+00:00,TAO/USDT:USDT,short,short_pullback_restart,-0.0442487275912843,BTC/USDT:USDT,short,short_compression_breakdown,2024-06-21 09:00:00+00:00,2024-07-01 01:10:00+00:00,141.0,0.006462896782009391,False,60790.2,collision_5m_open,0.006,364.7412,1,0.043405782725706624,-15.065729099999999,-0.04130525726186128,valued_without_funding,-0.0029434703294230202
2024-06-27 06:00:00+00:00,TAO/USDT:USDT,short,short_pullback_restart,-0.0442487275912843,XRP/USDT:USDT,short,short_pullback_restart,2024-06-26 11:00:00+00:00,2024-06-28 07:50:00+00:00,19.0,-0.01669307275934463,False,0.4663,collision_5m_open,1042.8,486.25764,1,0.008983757961783379,-12.832853220000061,-0.02639105725927527,valued_without_funding,-0.01785767033200903
2024-06-27 06:00:00+00:00,TAO/USDT:USDT,short,short_pullback_restart,-0.0442487275912843,DOGE/USDT:USDT,short,short_compression_breakdown,2024-06-27 06:00:00+00:00,2024-06-27 13:05:00+00:00,0.0,-0.030859917748501157,True,0.12095,collision_5m_open,2819.0,340.95805,1,-0.0009999999999997845,-10.209882389999962,-0.029944687887556727,valued_without_funding,-0.014304039703727574
2024-08-31 17:00:00+00:00,NEAR/USDT:USDT,short,short_pullback_restart,0.0015453602575572,ADA/USDT:USDT,short,short_pullback_restart,2024-08-30 12:00:00+00:00,2024-09-01 22:20:00+00:00,29.0,0.05039069681189152,False,0.3478,collision_5m_open,940.0,326.932,1,0.008403731130732237,13.730862000000059,0.04199913743530782,valued_without_funding,-0.04045377717775062
2024-08-31 17:00:00+00:00,NEAR/USDT:USDT,short,short_pullback_restart,0.0015453602575572,ZEC/USDT:USDT,short,short_pullback_restart,2024-08-31 16:00:00+00:00,2024-09-01 17:25:00+00:00,1.0,0.05194605257473784,False,32.47,collision_5m_open,15.396,499.90812,1,0.0008453735013835324,25.416101700000013,0.050841546042500796,valued_without_funding,-0.049296185784943596
2024-08-31 17:00:00+00:00,NEAR/USDT:USDT,short,short_pullback_restart,0.0015453602575572,BNB/USDT:USDT,short,short_pullback_restart,2024-08-31 17:00:00+00:00,2024-09-02 06:15:00+00:00,0.0,0.05023980278372794,True,533.26,collision_5m_open,0.93,495.9318,2,-0.0009999999999999877,30.476193500000022,0.06145238821144363,valued_without_funding,-0.05990702795388643
2024-09-01 02:00:00+00:00,SOL/USDT:USDT,short,short_compression_breakdown,-2.2561887772683325e-05,ADA/USDT:USDT,short,short_pullback_restart,2024-08-30 12:00:00+00:00,2024-09-01 22:20:00+00:00,38.0,0.05039069681189152,False,0.3411,collision_5m_open,940.0,320.634,1,0.027496154941612352,7.429713000000049,0.0231719437115217,valued_without_funding,-0.023194505599294382
2024-09-01 02:00:00+00:00,SOL/USDT:USDT,short,short_compression_breakdown,-2.2561887772683325e-05,ZEC/USDT:USDT,short,short_pullback_restart,2024-08-31 16:00:00+00:00,2024-09-01 17:25:00+00:00,10.0,0.05194605257473784,False,32.18,collision_5m_open,15.396,495.44328,1,0.009764678758069712,20.94902927999999,0.04228340584213795,valued_without_funding,-0.04230596772991064
2024-09-01 02:00:00+00:00,SOL/USDT:USDT,short,short_compression_breakdown,-2.2561887772683325e-05,BNB/USDT:USDT,short,short_pullback_restart,2024-08-31 17:00:00+00:00,2024-09-02 06:15:00+00:00,9.0,0.05023980278372794,False,526.84,collision_5m_open,1.12,590.0608000000001,1,0.009665956483612929,24.21530160000009,0.041038654999620526,valued_without_funding,-0.04106121688739321
2024-09-05 04:00:00+00:00,LINK/USDT:USDT,short,short_pullback_restart,5.103569252588756e-05,BTC/USDT:USDT,short,short_pullback_restart,2024-09-05 04:00:00+00:00,2024-09-06 15:20:00+00:00,0.0,0.05663139312445269,True,57104.1,collision_5m_open,0.008,456.8328,1,-0.000999999999999815,26.28433560000002,0.05753600792237339,valued_without_funding,-0.057484972229847504
2024-09-05 04:00:00+00:00,LINK/USDT:USDT,short,short_pullback_restart,5.103569252588756e-05,DOGE/USDT:USDT,short,short_pullback_restart,2024-09-05 04:00:00+00:00,2024-09-06 17:40:00+00:00,0.0,0.05050054370272908,True,0.09625,collision_5m_open,3435.0,330.61875000000003,1,-0.0009999999999999547,16.943017275000045,0.05124638961038974,valued_without_funding,-0.05119535391786385
2024-09-05 04:00:00+00:00,LINK/USDT:USDT,short,short_pullback_restart,5.103569252588756e-05,XRP/USDT:USDT,short,short_pullback_restart,2024-09-05 04:00:00+00:00,2024-09-06 16:45:00+00:00,0.0,0.05506389146744164,True,0.5525,collision_5m_open,938.3,518.41075,3,-0.000999999999999865,41.8289944,0.08068697340863398,valued_without_funding,-0.0806359377161081
2025-02-09 22:00:00+00:00,SOL/USDT:USDT,short,short_pullback_restart,-0.0434113581227661,BTC/USDT:USDT,short,short_pullback_restart,2025-02-09 14:00:00+00:00,2025-02-10 05:45:00+00:00,8.0,-0.017062033976300125,False,95121.0,collision_5m_open,0.007,665.847,1,0.006459211356960812,-15.804798450000021,-0.023736381556123287,valued_without_funding,-0.019674976566642813
2025-02-09 22:00:00+00:00,SOL/USDT:USDT,short,short_pullback_restart,-0.0434113581227661,DOGE/USDT:USDT,short,short_pullback_restart,2025-02-09 14:00:00+00:00,2025-02-09 23:45:00+00:00,8.0,7.035199942111876e-05,False,0.24173,collision_5m_open,1294.0,312.79862,1,0.029146665864227216,-9.39913722,-0.030048525214081825,valued_without_funding,-0.013362832908684275
2025-02-09 22:00:00+00:00,SOL/USDT:USDT,short,short_pullback_restart,-0.0434113581227661,ETH/USDT:USDT,short,short_pullback_restart,2025-02-09 22:00:00+00:00,2025-02-10 13:50:00+00:00,0.0,-0.048983264043592344,True,2550.75,collision_5m_open,0.118,300.9885,1,-0.0010000000000000557,-14.459866319999946,-0.04804125845339589,valued_without_funding,0.004629900330629787
2025-03-09 10:00:00+00:00,XRP/USDT:USDT,short,short_pullback_restart,0.1000131825305252,DOGE/USDT:USDT,short,short_compression_breakdown,2025-03-09 03:00:00+00:00,2025-03-09 16:55:00+00:00,7.0,0.10001030472287191,False,0.18795,collision_5m_open,2116.0,397.7022,1,0.009221549318026363,36.434568179999985,0.09161268954509175,valued_without_funding,0.008400492985433453
2025-03-09 10:00:00+00:00,XRP/USDT:USDT,short,short_pullback_restart,0.1000131825305252,ZEC/USDT:USDT,short,short_pullback_restart,2025-03-09 03:00:00+00:00,2025-03-10 09:20:00+00:00,7.0,-3.2700176474551534e-05,False,31.47,collision_5m_open,16.756,527.31132,1,0.013529265470411021,-7.041038759999992,-0.013352716873212569,valued_without_funding,0.11336589940373777
2025-03-09 10:00:00+00:00,XRP/USDT:USDT,short,short_pullback_restart,0.1000131825305252,BTC/USDT:USDT,short,short_pullback_restart,2025-03-09 10:00:00+00:00,2025-03-09 22:50:00+00:00,0.0,0.05155228006884643,True,85532.9,collision_5m_open,0.008,684.2632,2,-0.001000000000000047,44.599539800000116,0.06517892501014247,valued_without_funding,0.03483425752038273
2025-03-09 11:00:00+00:00,ETH/USDT:USDT,short,short_pullback_restart,0.0537792796456366,DOGE/USDT:USDT,short,short_compression_breakdown,2025-03-09 03:00:00+00:00,2025-03-09 16:55:00+00:00,8.0,0.10001030472287191,False,0.18455,collision_5m_open,2116.0,390.5078,1,0.0271356048238456,29.236570979999954,0.07486808452993757,valued_without_funding,-0.02108880488430097
2025-03-09 11:00:00+00:00,ETH/USDT:USDT,short,short_pullback_restart,0.0537792796456366,ZEC/USDT:USDT,short,short_pullback_restart,2025-03-09 03:00:00+00:00,2025-03-10 09:20:00+00:00,8.0,-3.2700176474551534e-05,False,31.2,collision_5m_open,16.756,522.7872,1,0.02198849960841502,-11.567420819999938,-0.02212644230769219,valued_without_funding,0.07590572195332879
2025-03-09 11:00:00+00:00,ETH/USDT:USDT,short,short_pullback_restart,0.0537792796456366,BTC/USDT:USDT,short,short_pullback_restart,2025-03-09 10:00:00+00:00,2025-03-09 22:50:00+00:00,1.0,0.05155228006884643,False,84816.8,collision_5m_open,0.01,848.168,1,0.005712361962241772,39.037509000000114,0.04602568005395171,valued_without_funding,0.0077535995916848885
2025-06-14 17:00:00+00:00,LINK/USDT:USDT,short,short_compression_breakdown,-0.0360155282726032,DOGE/USDT:USDT,short,short_compression_breakdown,2025-06-12 16:00:00+00:00,2025-06-17 15:25:00+00:00,49.0,0.10000685438133455,False,0.1752,collision_5m_open,2375.0,416.09999999999997,1,0.05612989074861433,19.104547499999967,0.04591335616438349,valued_without_funding,-0.08192888443698669
2025-06-14 17:00:00+00:00,LINK/USDT:USDT,short,short_compression_breakdown,-0.0360155282726032,ADA/USDT:USDT,short,short_compression_breakdown,2025-06-12 20:00:00+00:00,2025-06-17 17:00:00+00:00,45.0,0.09995839759572687,False,0.6178,collision_5m_open,599.0,370.0622,1,0.07418727544910177,10.307951400000036,0.027854645516348427,valued_without_funding,-0.06387017378895163
2025-06-14 17:00:00+00:00,LINK/USDT:USDT,short,short_compression_breakdown,-0.0360155282726032,PAXG/USDT:USDT,long,long_1d_center_compression,2025-06-14 00:00:00+00:00,2025-06-17 14:35:00+00:00,17.0,-0.020690681336903514,False,3462.52,collision_5m_open,0.212,734.0542399999999,1,-0.00016506822983954885,-15.271200579999913,-0.02080391304598951,valued_without_funding,-0.01521161522661369
2025-08-29 08:00:00+00:00,NEAR/USDT:USDT,short,short_pullback_restart,0.0016913673554508,TAO/USDT:USDT,short,short_pullback_restart,2025-08-28 17:00:00+00:00,2025-08-29 12:30:00+00:00,15.0,0.00025575281408559634,False,322.06,collision_5m_open,1.661,534.9416600000001,1,0.01756786530550036,-9.57214367999984,-0.017893808607091544,valued_without_funding,0.019585175962542344
2025-08-29 08:00:00+00:00,NEAR/USDT:USDT,short,short_pullback_restart,0.0016913673554508,BTC/USDT:USDT,short,short_pullback_restart,2025-08-29 02:00:00+00:00,2025-09-02 14:00:00+00:00,6.0,0.0007738701364528863,False,109969.0,collision_5m_open,0.007,769.783,1,0.012073619026250926,-9.416205750000017,-0.01223228591694025,valued_without_funding,0.01392365327239105
2025-08-29 08:00:00+00:00,NEAR/USDT:USDT,short,short_pullback_restart,0.0016913673554508,SUI/USDT:USDT,short,short_compression_breakdown,2025-08-29 08:00:00+00:00,2025-08-29 12:30:00+00:00,0.0,0.00011399396824726786,True,3.355,collision_5m_open,121.8,408.639,1,-0.0009999999999999846,0.4143270600000619,0.0010139195231000024,valued_without_funding,0.0006774478323507975
2025-09-01 00:00:00+00:00,SUI/USDT:USDT,short,short_pullback_restart,1.6927002984323396e-05,BTC/USDT:USDT,short,short_pullback_restart,2025-08-29 02:00:00+00:00,2025-09-02 14:00:00+00:00,70.0,0.0007738701364528863,False,108208.4,collision_5m_open,0.007,757.4588,1,0.02788228225263639,-21.74656785000002,-0.028709901911496732,valued_without_funding,0.028726828914481056
2025-09-01 00:00:00+00:00,SUI/USDT:USDT,short,short_pullback_restart,1.6927002984323396e-05,NEAR/USDT:USDT,short,short_pullback_restart,2025-08-31 23:00:00+00:00,2025-09-01 09:05:00+00:00,1.0,-0.017029199793518628,False,2.365,collision_5m_open,448.0,1059.52,2,0.013911454604620952,-33.02350350000006,-0.03116836256040477,valued_without_funding,0.031185289563389094
2025-09-01 00:00:00+00:00,SUI/USDT:USDT,short,short_pullback_restart,1.6927002984323396e-05,DOGE/USDT:USDT,short,short_pullback_restart,2025-09-01 00:00:00+00:00,2025-09-01 07:30:00+00:00,0.0,0.00012953981741453338,True,0.21358,collision_5m_open,2847.0,608.0622599999999,1,-0.000999999999999995,0.6266531699999405,0.0010305740237849007,valued_without_funding,-0.0010136470208005773
2025-09-01 00:00:00+00:00,XRP/USDT:USDT,short,short_pullback_restart,-0.0164925791959831,BTC/USDT:USDT,short,short_pullback_restart,2025-08-29 02:00:00+00:00,2025-09-02 14:00:00+00:00,70.0,0.0007738701364528863,False,108208.4,collision_5m_open,0.007,757.4588,1,0.02788228225263639,-21.74656785000002,-0.028709901911496732,valued_without_funding,0.01221732271551363
2025-09-01 00:00:00+00:00,XRP/USDT:USDT,short,short_pullback_restart,-0.0164925791959831,NEAR/USDT:USDT,short,short_pullback_restart,2025-08-31 23:00:00+00:00,2025-09-01 09:05:00+00:00,1.0,-0.017029199793518628,False,2.365,collision_5m_open,448.0,1059.52,2,0.013911454604620952,-33.02350350000006,-0.03116836256040477,valued_without_funding,0.014675783364421668
2025-09-01 00:00:00+00:00,XRP/USDT:USDT,short,short_pullback_restart,-0.0164925791959831,DOGE/USDT:USDT,short,short_pullback_restart,2025-09-01 00:00:00+00:00,2025-09-01 07:30:00+00:00,0.0,0.00012953981741453338,True,0.21358,collision_5m_open,2847.0,608.0622599999999,1,-0.000999999999999995,0.6266531699999405,0.0010305740237849007,valued_without_funding,-0.017523153219768002
2025-09-24 04:00:00+00:00,LINK/USDT:USDT,short,short_pullback_restart,0.0503783396141612,PAXG/USDT:USDT,long,long_1d_center_compression,2025-09-23 00:00:00+00:00,2025-10-10 21:15:00+00:00,28.0,-0.002378283069146573,False,3775.83,collision_5m_open,0.223,842.01009,1,0.004276912939297351,-3.5818181949999826,-0.004253889873219907,valued_without_funding,0.05463222948738111
2025-09-24 04:00:00+00:00,LINK/USDT:USDT,short,short_pullback_restart,0.0503783396141612,TAO/USDT:USDT,short,short_pullback_restart,2025-09-23 18:00:00+00:00,2025-09-25 17:55:00+00:00,10.0,0.05073888428745156,False,307.69,collision_5m_open,1.516,466.45804,1,0.003015861198330026,22.175001959999918,0.04753911404335515,valued_without_funding,0.002839225570806049
2025-09-24 04:00:00+00:00,LINK/USDT:USDT,short,short_pullback_restart,0.0503783396141612,SUI/USDT:USDT,short,short_pullback_restart,2025-09-24 04:00:00+00:00,2025-09-24 14:45:00+00:00,0.0,-0.04699583043455762,True,3.275,collision_5m_open,119.1,390.05249999999995,1,-0.000999999999999771,-17.95734418500001,-0.04603827480916034,valued_without_funding,0.09641661442332154
2025-09-25 02:00:00+00:00,ETH/USDT:USDT,short,short_pullback_restart,0.0523183889878075,PAXG/USDT:USDT,long,long_1d_center_compression,2025-09-23 00:00:00+00:00,2025-10-10 21:15:00+00:00,50.0,-0.002378283069146573,False,3738.95,collision_5m_open,0.223,833.78585,1,-0.005537133919062682,4.638309685000081,0.005562950828441237,valued_without_funding,0.04675543815936627
2025-09-25 02:00:00+00:00,ETH/USDT:USDT,short,short_pullback_restart,0.0523183889878075,TAO/USDT:USDT,short,short_pullback_restart,2025-09-23 18:00:00+00:00,2025-09-25 17:55:00+00:00,32.0,0.05073888428745156,False,308.58,collision_5m_open,1.516,467.80728,1,0.00013350920920617072,23.524916579999967,0.05028762395489007,valued_without_funding,0.0020307650329174295
2025-09-25 02:00:00+00:00,ETH/USDT:USDT,short,short_pullback_restart,0.0523183889878075,SUI/USDT:USDT,short,short_pullback_restart,2025-09-25 01:00:00+00:00,2025-09-25 11:50:00+00:00,1.0,0.0539659950435867,False,3.318,collision_5m_open,212.5,705.075,1,0.00439192411179435,35.14381312499995,0.04984407775768528,valued_without_funding,0.0024743112301222198
2025-09-28 02:00:00+00:00,SUI/USDT:USDT,short,short_pullback_restart,-0.0275704009777156,PAXG/USDT:USDT,long,long_1d_center_compression,2025-09-23 00:00:00+00:00,2025-10-10 21:15:00+00:00,122.0,-0.002378283069146573,False,3777.05,collision_5m_open,0.223,842.28215,1,0.004601564164004473,-3.8537421649999715,-0.004575357752743509,valued_without_funding,-0.022995043224972093
2025-09-28 02:00:00+00:00,SUI/USDT:USDT,short,short_pullback_restart,-0.0275704009777156,BTC/USDT:USDT,short,short_compression_breakdown,2025-09-25 18:00:00+00:00,2025-09-28 18:05:00+00:00,56.0,-0.013090221309412172,False,109305.5,collision_5m_open,0.005,546.5275,1,-0.005704820766605598,-4.232615249999981,-0.007744560429255583,valued_without_funding,-0.019825840548460018
2025-09-28 02:00:00+00:00,SUI/USDT:USDT,short,short_pullback_restart,-0.0275704009777156,XRP/USDT:USDT,short,short_compression_breakdown,2025-09-25 18:00:00+00:00,2025-09-28 18:05:00+00:00,56.0,-0.03132180688568239,False,2.7872,collision_5m_open,135.0,376.272,1,-0.019722807017543646,-4.511254500000007,-0.011989344144661327,valued_without_funding,-0.015581056833054274
2025-09-28 12:00:00+00:00,SOL/USDT:USDT,short,short_pullback_restart,-0.0234798987399186,PAXG/USDT:USDT,long,long_1d_center_compression,2025-09-23 00:00:00+00:00,2025-10-10 21:15:00+00:00,132.0,-0.002378283069146573,False,3773.89,collision_5m_open,0.223,841.57747,1,0.003760664270500622,-3.149414504999868,-0.003742275212048949,valued_without_funding,-0.019737623527869654
2025-09-28 12:00:00+00:00,SOL/USDT:USDT,short,short_pullback_restart,-0.0234798987399186,BTC/USDT:USDT,short,short_compression_breakdown,2025-09-25 18:00:00+00:00,2025-09-28 18:05:00+00:00,66.0,-0.013090221309412172,False,109319.9,collision_5m_open,0.005,546.5995,1,-0.005837247308902594,-4.160579249999955,-0.0076117509254947265,valued_without_funding,-0.015868147814423875
2025-09-28 12:00:00+00:00,SOL/USDT:USDT,short,short_pullback_restart,-0.0234798987399186,XRP/USDT:USDT,short,short_compression_breakdown,2025-09-25 18:00:00+00:00,2025-09-28 18:05:00+00:00,66.0,-0.03132180688568239,False,2.7751,collision_5m_open,135.0,374.6385,1,-0.015298081140350712,-6.145571249999989,-0.01640400345933477,valued_without_funding,-0.007075895280583833
2025-11-06 13:00:00+00:00,SOL/USDT:USDT,short,short_pullback_restart,8.000883445842738e-05,DOGE/USDT:USDT,short,short_pullback_restart,2025-11-06 06:00:00+00:00,2025-11-07 02:45:00+00:00,7.0,8.855775800478273e-05,False,0.16121,collision_5m_open,3443.0,555.04603,1,0.014398888413852224,-8.095095525000147,-0.014584548104956534,valued_without_funding,0.014664556939414961
2025-11-06 13:00:00+00:00,SOL/USDT:USDT,short,short_pullback_restart,8.000883445842738e-05,BTC/USDT:USDT,short,short_pullback_restart,2025-11-06 13:00:00+00:00,2025-11-07 05:05:00+00:00,0.0,9.266405070044688e-05,True,102507.1,collision_5m_open,0.008,820.0568000000001,1,-0.0009999999999999692,0.8212104000001546,0.0010014067318265692,valued_without_funding,-0.0009213978973681418
2025-11-06 13:00:00+00:00,SOL/USDT:USDT,short,short_pullback_restart,8.000883445842738e-05,ETH/USDT:USDT,short,short_pullback_restart,2025-11-06 13:00:00+00:00,2025-11-07 17:15:00+00:00,0.0,0.0006168129396793377,True,3347.88,collision_5m_open,0.164,549.05232,3,-0.0009999999999997693,0.8585223700000597,0.001563644007551156,valued_without_funding,-0.0014836351730927286
2025-11-06 15:00:00+00:00,ADA/USDT:USDT,short,short_pullback_restart,-0.0389597556616748,DOGE/USDT:USDT,short,short_pullback_restart,2025-11-06 06:00:00+00:00,2025-11-07 02:45:00+00:00,9.0,8.855775800478273e-05,False,0.16058,collision_5m_open,3443.0,552.87694,1,0.018248610517315057,-10.265270070000042,-0.018567007099265242,valued_without_funding,-0.020392748562409555
2025-11-06 15:00:00+00:00,ADA/USDT:USDT,short,short_pullback_restart,-0.0389597556616748,BTC/USDT:USDT,short,short_pullback_restart,2025-11-06 13:00:00+00:00,2025-11-07 05:05:00+00:00,2.0,9.266405070044688e-05,False,102083.0,collision_5m_open,0.008,816.664,1,0.003139343030873128,-2.573285999999939,-0.00315097273787009,valued_without_funding,-0.03580878292380471
2025-11-06 15:00:00+00:00,ADA/USDT:USDT,short,short_pullback_restart,-0.0389597556616748,ETH/USDT:USDT,short,short_pullback_restart,2025-11-06 13:00:00+00:00,2025-11-07 17:15:00+00:00,2.0,0.0006168129396793377,False,3327.99,collision_5m_open,0.164,545.79036,3,0.0049440436933225786,-2.405068609999944,-0.004406579496933482,valued_without_funding,-0.034553176164741316
2025-11-06 15:00:00+00:00,BNB/USDT:USDT,short,short_pullback_restart,-0.0344304665488493,DOGE/USDT:USDT,short,short_pullback_restart,2025-11-06 06:00:00+00:00,2025-11-07 02:45:00+00:00,9.0,8.855775800478273e-05,False,0.16058,collision_5m_open,3443.0,552.87694,1,0.018248610517315057,-10.265270070000042,-0.018567007099265242,valued_without_funding,-0.015863459449584057
2025-11-06 15:00:00+00:00,BNB/USDT:USDT,short,short_pullback_restart,-0.0344304665488493,BTC/USDT:USDT,short,short_pullback_restart,2025-11-06 13:00:00+00:00,2025-11-07 05:05:00+00:00,2.0,9.266405070044688e-05,False,102083.0,collision_5m_open,0.008,816.664,1,0.003139343030873128,-2.573285999999939,-0.00315097273787009,valued_without_funding,-0.031279493810979206
2025-11-06 15:00:00+00:00,BNB/USDT:USDT,short,short_pullback_restart,-0.0344304665488493,ETH/USDT:USDT,short,short_pullback_restart,2025-11-06 13:00:00+00:00,2025-11-07 17:15:00+00:00,2.0,0.0006168129396793377,False,3327.99,collision_5m_open,0.164,545.79036,3,0.0049440436933225786,-2.405068609999944,-0.004406579496933482,valued_without_funding,-0.030023887051915818
2025-11-06 15:00:00+00:00,LINK/USDT:USDT,short,short_pullback_restart,4.751838181879525e-05,DOGE/USDT:USDT,short,short_pullback_restart,2025-11-06 06:00:00+00:00,2025-11-07 02:45:00+00:00,9.0,8.855775800478273e-05,False,0.16058,collision_5m_open,3443.0,552.87694,1,0.018248610517315057,-10.265270070000042,-0.018567007099265242,valued_without_funding,0.018614525481084037
2025-11-06 15:00:00+00:00,LINK/USDT:USDT,short,short_pullback_restart,4.751838181879525e-05,BTC/USDT:USDT,short,short_pullback_restart,2025-11-06 13:00:00+00:00,2025-11-07 05:05:00+00:00,2.0,9.266405070044688e-05,False,102083.0,collision_5m_open,0.008,816.664,1,0.003139343030873128,-2.573285999999939,-0.00315097273787009,valued_without_funding,0.003198491119688885
2025-11-06 15:00:00+00:00,LINK/USDT:USDT,short,short_pullback_restart,4.751838181879525e-05,ETH/USDT:USDT,short,short_pullback_restart,2025-11-06 13:00:00+00:00,2025-11-07 17:15:00+00:00,2.0,0.0006168129396793377,False,3327.99,collision_5m_open,0.164,545.79036,3,0.0049440436933225786,-2.405068609999944,-0.004406579496933482,valued_without_funding,0.004454097878752277
2025-12-15 15:00:00+00:00,NEAR/USDT:USDT,short,short_pullback_restart,0.0036205116903102,PAXG/USDT:USDT,long,long_1d_center_compression,2025-12-12 00:00:00+00:00,2025-12-29 09:00:00+00:00,87.0,0.04296294593577657,False,4335.55,collision_5m_open,0.225,975.4987500000001,1,0.011379067416071514,30.955764374999944,0.03173326913540375,valued_without_funding,-0.02811275744509355
2025-12-15 15:00:00+00:00,NEAR/USDT:USDT,short,short_pullback_restart,0.0036205116903102,XRP/USDT:USDT,short,short_pullback_restart,2025-12-15 14:00:00+00:00,2025-12-16 02:10:00+00:00,1.0,0.05026199048254291,False,1.9395,collision_5m_open,391.9,760.0900499999999,1,0.010927097661623312,30.544274504999976,0.04018507347254444,valued_without_funding,-0.036564561782234245
2025-12-15 15:00:00+00:00,NEAR/USDT:USDT,short,short_pullback_restart,0.0036205116903102,ADA/USDT:USDT,short,short_pullback_restart,2025-12-15 15:00:00+00:00,2025-12-16 10:45:00+00:00,0.0,7.296605120648242e-05,True,0.3923,collision_5m_open,1290.0,506.06699999999995,3,-0.0009999999999998348,0.540290299999981,0.0010676260258028702,valued_without_funding,0.0025528856645073298
2025-12-21 02:00:00+00:00,LINK/USDT:USDT,short,short_pullback_restart,-0.0196728673673841,PAXG/USDT:USDT,long,long_1d_center_compression,2025-12-12 00:00:00+00:00,2025-12-29 09:00:00+00:00,218.0,0.04296294593577657,False,4351.35,collision_5m_open,0.225,979.0537500000002,1,0.015066647830361327,27.402541874999883,0.027988802325714886,valued_without_funding,-0.047661669693098985
2025-12-21 02:00:00+00:00,LINK/USDT:USDT,short,short_pullback_restart,-0.0196728673673841,ADA/USDT:USDT,short,short_pullback_restart,2025-12-21 02:00:00+00:00,2025-12-22 00:10:00+00:00,0.0,0.00013600869923608864,True,0.3696,collision_5m_open,2024.0,748.0704,1,-0.0009999999999999473,0.8100048000001152,0.0010827922077923618,valued_without_funding,-0.02075565957517646
2025-12-21 02:00:00+00:00,LINK/USDT:USDT,short,short_pullback_restart,-0.0196728673673841,SOL/USDT:USDT,short,short_pullback_restart,2025-12-21 02:00:00+00:00,2025-12-22 00:10:00+00:00,0.0,-0.014726264833546592,True,125.06,collision_5m_open,7.83,979.2198000000001,1,-0.0009999999999997778,-13.552672949999987,-0.01384027666719973,valued_without_funding,-0.005832590700184369
2025-12-21 02:00:00+00:00,SUI/USDT:USDT,short,short_pullback_restart,-0.0193074863048838,PAXG/USDT:USDT,long,long_1d_center_compression,2025-12-12 00:00:00+00:00,2025-12-29 09:00:00+00:00,218.0,0.04296294593577657,False,4351.35,collision_5m_open,0.225,979.0537500000002,1,0.015066647830361327,27.402541874999883,0.027988802325714886,valued_without_funding,-0.04729628863059869
2025-12-21 02:00:00+00:00,SUI/USDT:USDT,short,short_pullback_restart,-0.0193074863048838,ADA/USDT:USDT,short,short_pullback_restart,2025-12-21 02:00:00+00:00,2025-12-22 00:10:00+00:00,0.0,0.00013600869923608864,True,0.3696,collision_5m_open,2024.0,748.0704,1,-0.0009999999999999473,0.8100048000001152,0.0010827922077923618,valued_without_funding,-0.020390278512676163
2025-12-21 02:00:00+00:00,SUI/USDT:USDT,short,short_pullback_restart,-0.0193074863048838,SOL/USDT:USDT,short,short_pullback_restart,2025-12-21 02:00:00+00:00,2025-12-22 00:10:00+00:00,0.0,-0.014726264833546592,True,125.06,collision_5m_open,7.83,979.2198000000001,1,-0.0009999999999997778,-13.552672949999987,-0.01384027666719973,valued_without_funding,-0.005467209637684071
2025-12-21 03:00:00+00:00,TAO/USDT:USDT,short,short_pullback_restart,0.0001208089742884,PAXG/USDT:USDT,long,long_1d_center_compression,2025-12-12 00:00:00+00:00,2025-12-29 09:00:00+00:00,219.0,0.04296294593577657,False,4353.47,collision_5m_open,0.225,979.5307500000001,1,0.015561437101139396,26.92578037499993,0.02748844829526784,valued_without_funding,-0.02736763932097944
2025-12-21 03:00:00+00:00,TAO/USDT:USDT,short,short_pullback_restart,0.0001208089742884,ADA/USDT:USDT,short,short_pullback_restart,2025-12-21 02:00:00+00:00,2025-12-22 00:10:00+00:00,1.0,0.00013600869923608864,False,0.3682,collision_5m_open,2024.0,745.2368,1,0.0027897727272727115,-2.0250119999998333,-0.002717273221075279,valued_without_funding,0.002838082195363679
2025-12-21 03:00:00+00:00,TAO/USDT:USDT,short,short_pullback_restart,0.0001208089742884,SOL/USDT:USDT,short,short_pullback_restart,2025-12-21 02:00:00+00:00,2025-12-22 00:10:00+00:00,1.0,-0.014726264833546592,False,124.84,collision_5m_open,7.83,977.4972,1,0.000760035183112383,-15.276134250000041,-0.01562780358859344,valued_without_funding,0.01574861256288184
2026-01-22 15:00:00+00:00,DOGE/USDT:USDT,short,short_pullback_restart,-0.030818020207303,PAXG/USDT:USDT,long,long_1d_center_compression,2026-01-07 00:00:00+00:00,2026-01-22 23:05:00+00:00,375.0,0.09999960854361914,False,4850.75,collision_5m_open,0.218,1057.4635,1,0.07506267483933109,26.23407639999982,0.02480849353192788,valued_without_funding,-0.05562651373923088
2026-01-22 15:00:00+00:00,DOGE/USDT:USDT,short,short_pullback_restart,-0.030818020207303,XRP/USDT:USDT,short,short_pullback_restart,2026-01-22 14:00:00+00:00,2026-01-25 19:20:00+00:00,1.0,0.05170060852652651,False,1.9142,collision_5m_open,629.2,1204.41464,1,0.005223956986421126,56.15270231999989,0.0466224010030299,valued_without_funding,-0.0774404212103329
2026-01-22 15:00:00+00:00,DOGE/USDT:USDT,short,short_pullback_restart,-0.030818020207303,ADA/USDT:USDT,short,short_pullback_restart,2026-01-22 15:00:00+00:00,2026-01-23 17:25:00+00:00,0.0,-0.02905680847089898,True,0.3579,collision_5m_open,1729.0,618.8091,1,-0.0009999999999998508,-17.29864500000008,-0.027954735959765428,valued_without_funding,-0.002863284247537571
2026-01-22 15:00:00+00:00,LINK/USDT:USDT,short,short_pullback_restart,0.0517839281332348,PAXG/USDT:USDT,long,long_1d_center_compression,2026-01-07 00:00:00+00:00,2026-01-22 23:05:00+00:00,375.0,0.09999960854361914,False,4850.75,collision_5m_open,0.218,1057.4635,1,0.07506267483933109,26.23407639999982,0.02480849353192788,valued_without_funding,0.026975434601306917
2026-01-22 15:00:00+00:00,LINK/USDT:USDT,short,short_pullback_restart,0.0517839281332348,XRP/USDT:USDT,short,short_pullback_restart,2026-01-22 14:00:00+00:00,2026-01-25 19:20:00+00:00,1.0,0.05170060852652651,False,1.9142,collision_5m_open,629.2,1204.41464,1,0.005223956986421126,56.15270231999989,0.0466224010030299,valued_without_funding,0.0051615271302049015
2026-01-22 15:00:00+00:00,LINK/USDT:USDT,short,short_pullback_restart,0.0517839281332348,ADA/USDT:USDT,short,short_pullback_restart,2026-01-22 15:00:00+00:00,2026-01-23 17:25:00+00:00,0.0,-0.02905680847089898,True,0.3579,collision_5m_open,1729.0,618.8091,1,-0.0009999999999998508,-17.29864500000008,-0.027954735959765428,valued_without_funding,0.07973866409300023
2026-01-25 09:00:00+00:00,NEAR/USDT:USDT,short,short_pullback_restart,0.0501764943970575,XRP/USDT:USDT,short,short_pullback_restart,2026-01-22 14:00:00+00:00,2026-01-25 19:20:00+00:00,67.0,0.05170060852652651,False,1.8899,collision_5m_open,629.2,1189.12508,1,0.01784589191758287,40.85549753999999,0.0343576115138367,valued_without_funding,0.0158188828832208
2026-01-25 09:00:00+00:00,NEAR/USDT:USDT,short,short_pullback_restart,0.0501764943970575,ETH/USDT:USDT,short,short_pullback_restart,2026-01-25 04:00:00+00:00,2026-01-26 15:10:00+00:00,5.0,4.537579225242777e-05,False,2927.89,collision_5m_open,0.34,995.4826,1,0.0036427466565133893,-3.6398190000001023,-0.0036563361328466235,valued_without_funding,0.053832830529904126
2026-01-25 09:00:00+00:00,NEAR/USDT:USDT,short,short_pullback_restart,0.0501764943970575,TAO/USDT:USDT,short,short_pullback_restart,2026-01-25 05:00:00+00:00,2026-01-26 07:00:00+00:00,4.0,-1.837271292502908e-05,False,234.05,collision_5m_open,2.768,647.8504,1,0.0054556607377848725,-3.5448115199999393,-0.005471651356547652,valued_without_funding,0.055648145753605154
2026-01-25 15:00:00+00:00,DOGE/USDT:USDT,short,short_pullback_restart,-7.455118052495136e-05,XRP/USDT:USDT,short,short_pullback_restart,2026-01-22 14:00:00+00:00,2026-01-25 19:20:00+00:00,73.0,0.05170060852652651,False,1.8863,collision_5m_open,629.2,1186.8599600000002,1,0.019715808203680824,38.5892449800001,0.03251373058368242,valued_without_funding,-0.03258828176420737
2026-01-25 15:00:00+00:00,DOGE/USDT:USDT,short,short_pullback_restart,-7.455118052495136e-05,ETH/USDT:USDT,short,short_pullback_restart,2026-01-25 04:00:00+00:00,2026-01-26 15:10:00+00:00,11.0,4.537579225242777e-05,False,2931.29,collision_5m_open,0.34,996.6386000000001,1,0.002486311591887296,-2.483241000000021,-0.0024916163190950268,valued_without_funding,0.0024170651385700755
2026-01-25 15:00:00+00:00,DOGE/USDT:USDT,short,short_pullback_restart,-7.455118052495136e-05,TAO/USDT:USDT,short,short_pullback_restart,2026-01-25 05:00:00+00:00,2026-01-26 07:00:00+00:00,10.0,-1.837271292502908e-05,False,233.12,collision_5m_open,2.768,645.27616,1,0.00940550579445602,-6.12033864,-0.009484836135895677,valued_without_funding,0.009410284955370725
2026-01-29 12:00:00+00:00,ZEC/USDT:USDT,short,short_compression_breakdown,0.0001217609946929,TAO/USDT:USDT,short,short_pullback_restart,2026-01-29 02:00:00+00:00,2026-01-30 01:40:00+00:00,10.0,0.10000154693808155,False,226.14,collision_5m_open,3.14,710.0796,1,0.029871570275573647,51.396085200000016,0.07238073759617938,valued_without_funding,-0.07225897660148649
2026-01-29 12:00:00+00:00,ZEC/USDT:USDT,short,short_compression_breakdown,0.0001217609946929,ADA/USDT:USDT,short,short_pullback_restart,2026-01-29 03:00:00+00:00,2026-01-29 15:15:00+00:00,9.0,0.05295667366326204,False,0.3464,collision_5m_open,1831.0,634.2583999999999,1,0.010421232876712637,27.295540949999918,0.043035363741339365,valued_without_funding,-0.04291360274664646
2026-01-29 12:00:00+00:00,ZEC/USDT:USDT,short,short_compression_breakdown,0.0001217609946929,XRP/USDT:USDT,short,short_pullback_restart,2026-01-29 03:00:00+00:00,2026-01-30 01:45:00+00:00,9.0,0.06808286504239845,False,1.8702,collision_5m_open,350.4,655.31808,1,0.0007622898318654768,44.347762800000055,0.06767364452999687,valued_without_funding,-0.06755188353530397
2026-01-29 15:00:00+00:00,BTC/USDT:USDT,short,short_compression_breakdown,0.1000002735471803,TAO/USDT:USDT,short,short_pullback_restart,2026-01-29 02:00:00+00:00,2026-01-30 01:40:00+00:00,13.0,0.10000154693808155,False,222.32,collision_5m_open,3.14,698.0848,1,0.04625071859761905,39.39528779999989,0.05643338431090305,valued_without_funding,0.04356688923627725
2026-01-29 15:00:00+00:00,BTC/USDT:USDT,short,short_compression_breakdown,0.1000002735471803,ADA/USDT:USDT,short,short_pullback_restart,2026-01-29 03:00:00+00:00,2026-01-29 15:15:00+00:00,12.0,0.05295667366326204,False,0.3389,collision_5m_open,1831.0,620.5259,1,0.03183604452054824,13.556174699999929,0.021846267335497084,valued_without_funding,0.07815400621168322
2026-01-29 15:00:00+00:00,BTC/USDT:USDT,short,short_compression_breakdown,0.1000002735471803,XRP/USDT:USDT,short,short_pullback_restart,2026-01-29 03:00:00+00:00,2026-01-30 01:45:00+00:00,12.0,0.06808286504239845,False,1.8256,collision_5m_open,350.4,639.6902399999999,1,0.024579903923138642,28.71210887999996,0.044884394171779085,valued_without_funding,0.05511587937540122
2026-01-29 15:00:00+00:00,SOL/USDT:USDT,short,short_compression_breakdown,0.0999651019626407,TAO/USDT:USDT,short,short_pullback_restart,2026-01-29 02:00:00+00:00,2026-01-30 01:40:00+00:00,13.0,0.10000154693808155,False,222.32,collision_5m_open,3.14,698.0848,1,0.04625071859761905,39.39528779999989,0.05643338431090305,valued_without_funding,0.043531717651737654
2026-01-29 15:00:00+00:00,SOL/USDT:USDT,short,short_compression_breakdown,0.0999651019626407,ADA/USDT:USDT,short,short_pullback_restart,2026-01-29 03:00:00+00:00,2026-01-29 15:15:00+00:00,12.0,0.05295667366326204,False,0.3389,collision_5m_open,1831.0,620.5259,1,0.03183604452054824,13.556174699999929,0.021846267335497084,valued_without_funding,0.07811883462714361
2026-01-29 15:00:00+00:00,SOL/USDT:USDT,short,short_compression_breakdown,0.0999651019626407,XRP/USDT:USDT,short,short_pullback_restart,2026-01-29 03:00:00+00:00,2026-01-30 01:45:00+00:00,12.0,0.06808286504239845,False,1.8256,collision_5m_open,350.4,639.6902399999999,1,0.024579903923138642,28.71210887999996,0.044884394171779085,valued_without_funding,0.05508070779086162
2026-02-03 18:00:00+00:00,BNB/USDT:USDT,short,short_pullback_restart,0.0533589790729308,SOL/USDT:USDT,short,short_pullback_restart,2026-02-03 15:00:00+00:00,2026-02-03 20:30:00+00:00,3.0,-7.498079241902931e-05,False,99.04,collision_5m_open,5.42,536.7968000000001,1,0.016273963087914328,-8.83901729999991,-0.01646622576736655,valued_without_funding,0.06982520484029735
2026-02-03 18:00:00+00:00,BNB/USDT:USDT,short,short_pullback_restart,0.0533589790729308,TAO/USDT:USDT,short,short_pullback_restart,2026-02-03 15:00:00+00:00,2026-02-03 19:15:00+00:00,3.0,9.368386508314343e-05,False,188.76,collision_5m_open,3.004,567.03504,1,0.015729723394280432,-9.046561020000127,-0.015954148124602895,valued_without_funding,0.0693131271975337
2026-02-03 18:00:00+00:00,BNB/USDT:USDT,short,short_pullback_restart,0.0533589790729308,BTC/USDT:USDT,short,short_pullback_restart,2026-02-03 17:00:00+00:00,2026-02-03 20:30:00+00:00,1.0,1.047501053157297e-06,False,74882.4,collision_5m_open,0.008,599.0591999999999,1,0.019620259174294327,-12.000397200000066,-0.020032072289349813,valued_without_funding,0.07339105136228061
2026-02-03 18:00:00+00:00,XRP/USDT:USDT,short,short_compression_breakdown,-0.0410328093869693,SOL/USDT:USDT,short,short_pullback_restart,2026-02-03 15:00:00+00:00,2026-02-03 20:30:00+00:00,3.0,-7.498079241902931e-05,False,99.04,collision_5m_open,5.42,536.7968000000001,1,0.016273963087914328,-8.83901729999991,-0.01646622576736655,valued_without_funding,-0.02456658361960275
2026-02-03 18:00:00+00:00,XRP/USDT:USDT,short,short_compression_breakdown,-0.0410328093869693,TAO/USDT:USDT,short,short_pullback_restart,2026-02-03 15:00:00+00:00,2026-02-03 19:15:00+00:00,3.0,9.368386508314343e-05,False,188.76,collision_5m_open,3.004,567.03504,1,0.015729723394280432,-9.046561020000127,-0.015954148124602895,valued_without_funding,-0.025078661262366405
2026-02-03 18:00:00+00:00,XRP/USDT:USDT,short,short_compression_breakdown,-0.0410328093869693,BTC/USDT:USDT,short,short_pullback_restart,2026-02-03 17:00:00+00:00,2026-02-03 20:30:00+00:00,1.0,1.047501053157297e-06,False,74882.4,collision_5m_open,0.008,599.0591999999999,1,0.019620259174294327,-12.000397200000066,-0.020032072289349813,valued_without_funding,-0.021000737097619487
2026-02-10 19:00:00+00:00,SOL/USDT:USDT,short,short_compression_breakdown,3.237069942429039e-05,BNB/USDT:USDT,short,short_pullback_restart,2026-02-09 08:00:00+00:00,2026-02-11 08:40:00+00:00,35.0,0.04396228989769934,False,615.37,collision_5m_open,1.08,664.5996,1,0.019895165790525145,20.47623299999998,0.030809878609616946,valued_without_funding,-0.030777507910192656
2026-02-10 19:00:00+00:00,SOL/USDT:USDT,short,short_compression_breakdown,3.237069942429039e-05,ADA/USDT:USDT,short,short_pullback_restart,2026-02-10 07:00:00+00:00,2026-02-11 14:10:00+00:00,12.0,-0.00020294988160418076,False,0.2608,collision_5m_open,2074.0,540.8992,1,0.003582442748091698,-1.867533299999991,-0.003452645705521456,valued_without_funding,0.0034850164049457467
2026-02-10 19:00:00+00:00,SOL/USDT:USDT,short,short_compression_breakdown,3.237069942429039e-05,DOGE/USDT:USDT,short,short_pullback_restart,2026-02-10 07:00:00+00:00,2026-02-11 15:10:00+00:00,12.0,0.04245010687774366,False,0.09257,collision_5m_open,6288.0,582.08016,3,0.006721727945117495,27.30859217999989,0.04691551792454134,valued_without_funding,-0.04688314722511705
2026-02-10 19:00:00+00:00,SUI/USDT:USDT,short,short_compression_breakdown,0.0001755378857687,BNB/USDT:USDT,short,short_pullback_restart,2026-02-09 08:00:00+00:00,2026-02-11 08:40:00+00:00,35.0,0.04396228989769934,False,615.37,collision_5m_open,1.08,664.5996,1,0.019895165790525145,20.47623299999998,0.030809878609616946,valued_without_funding,-0.030634340723848245
2026-02-10 19:00:00+00:00,SUI/USDT:USDT,short,short_compression_breakdown,0.0001755378857687,ADA/USDT:USDT,short,short_pullback_restart,2026-02-10 07:00:00+00:00,2026-02-11 14:10:00+00:00,12.0,-0.00020294988160418076,False,0.2608,collision_5m_open,2074.0,540.8992,1,0.003582442748091698,-1.867533299999991,-0.003452645705521456,valued_without_funding,0.0036281835912901563
2026-02-10 19:00:00+00:00,SUI/USDT:USDT,short,short_compression_breakdown,0.0001755378857687,DOGE/USDT:USDT,short,short_pullback_restart,2026-02-10 07:00:00+00:00,2026-02-11 15:10:00+00:00,12.0,0.04245010687774366,False,0.09257,collision_5m_open,6288.0,582.08016,3,0.006721727945117495,27.30859217999989,0.04691551792454134,valued_without_funding,-0.046739980038772645
2026-02-10 19:00:00+00:00,TAO/USDT:USDT,short,short_compression_breakdown,5.607223550166097e-06,BNB/USDT:USDT,short,short_pullback_restart,2026-02-09 08:00:00+00:00,2026-02-11 08:40:00+00:00,35.0,0.04396228989769934,False,615.37,collision_5m_open,1.08,664.5996,1,0.019895165790525145,20.47623299999998,0.030809878609616946,valued_without_funding,-0.03080427138606678
2026-02-10 19:00:00+00:00,TAO/USDT:USDT,short,short_compression_breakdown,5.607223550166097e-06,ADA/USDT:USDT,short,short_pullback_restart,2026-02-10 07:00:00+00:00,2026-02-11 14:10:00+00:00,12.0,-0.00020294988160418076,False,0.2608,collision_5m_open,2074.0,540.8992,1,0.003582442748091698,-1.867533299999991,-0.003452645705521456,valued_without_funding,0.0034582529290716224
2026-02-10 19:00:00+00:00,TAO/USDT:USDT,short,short_compression_breakdown,5.607223550166097e-06,DOGE/USDT:USDT,short,short_pullback_restart,2026-02-10 07:00:00+00:00,2026-02-11 15:10:00+00:00,12.0,0.04245010687774366,False,0.09257,collision_5m_open,6288.0,582.08016,3,0.006721727945117495,27.30859217999989,0.04691551792454134,valued_without_funding,-0.046909910700991174
2026-02-11 05:00:00+00:00,BTC/USDT:USDT,short,short_pullback_restart,-9.37813675148992e-05,BNB/USDT:USDT,short,short_pullback_restart,2026-02-09 08:00:00+00:00,2026-02-11 08:40:00+00:00,45.0,0.04396228989769934,False,610.55,collision_5m_open,1.08,659.394,1,0.026011133551893297,15.268030199999998,0.02315463925968389,valued_without_funding,-0.023248420627198788
2026-02-11 05:00:00+00:00,BTC/USDT:USDT,short,short_pullback_restart,-9.37813675148992e-05,ADA/USDT:USDT,short,short_pullback_restart,2026-02-10 07:00:00+00:00,2026-02-11 14:10:00+00:00,22.0,-0.00020294988160418076,False,0.2587,collision_5m_open,2074.0,536.5437999999999,1,0.011601717557252172,-6.2251110000000835,-0.011602241979126559,valued_without_funding,0.011508460611611659
2026-02-11 05:00:00+00:00,BTC/USDT:USDT,short,short_pullback_restart,-9.37813675148992e-05,DOGE/USDT:USDT,short,short_pullback_restart,2026-02-10 07:00:00+00:00,2026-02-11 15:10:00+00:00,22.0,0.04245010687774366,False,0.09186,collision_5m_open,7884.0,724.22424,2,0.011269692612306127,22.988488500000017,0.03174222461816525,valued_without_funding,-0.03183600598568015
2026-02-11 05:00:00+00:00,LINK/USDT:USDT,short,short_pullback_restart,9.43269214699894e-05,BNB/USDT:USDT,short,short_pullback_restart,2026-02-09 08:00:00+00:00,2026-02-11 08:40:00+00:00,45.0,0.04396228989769934,False,610.55,collision_5m_open,1.08,659.394,1,0.026011133551893297,15.268030199999998,0.02315463925968389,valued_without_funding,-0.0230603123382139
2026-02-11 05:00:00+00:00,LINK/USDT:USDT,short,short_pullback_restart,9.43269214699894e-05,ADA/USDT:USDT,short,short_pullback_restart,2026-02-10 07:00:00+00:00,2026-02-11 14:10:00+00:00,22.0,-0.00020294988160418076,False,0.2587,collision_5m_open,2074.0,536.5437999999999,1,0.011601717557252172,-6.2251110000000835,-0.011602241979126559,valued_without_funding,0.011696568900596548
2026-02-11 05:00:00+00:00,LINK/USDT:USDT,short,short_pullback_restart,9.43269214699894e-05,DOGE/USDT:USDT,short,short_pullback_restart,2026-02-10 07:00:00+00:00,2026-02-11 15:10:00+00:00,22.0,0.04245010687774366,False,0.09186,collision_5m_open,7884.0,724.22424,2,0.011269692612306127,22.988488500000017,0.03174222461816525,valued_without_funding,-0.03164789769669526
2026-02-22 13:00:00+00:00,SUI/USDT:USDT,short,short_compression_breakdown,-0.0003218402665889,ADA/USDT:USDT,short,short_compression_breakdown,2026-02-22 13:00:00+00:00,2026-02-23 12:35:00+00:00,0.0,-0.00020278490378513095,True,0.2731,collision_5m_open,3352.0,915.4312,1,-0.0009999999999998142,1.0061028000000078,0.0010990479677773794,valued_without_funding,-0.0014208882343662793
2026-02-22 13:00:00+00:00,SUI/USDT:USDT,short,short_compression_breakdown,-0.0003218402665889,TAO/USDT:USDT,short,short_compression_breakdown,2026-02-22 13:00:00+00:00,2026-02-23 12:40:00+00:00,0.0,-0.0005129891957578988,True,175.05,collision_5m_open,3.384,592.3692,1,-0.0009999999999998205,0.6094245599999795,0.0010287917737788856,valued_without_funding,-0.0013506320403677856
2026-02-22 13:00:00+00:00,SUI/USDT:USDT,short,short_compression_breakdown,-0.0003218402665889,XRP/USDT:USDT,short,short_pullback_restart,2026-02-22 13:00:00+00:00,2026-02-23 01:20:00+00:00,0.0,0.05051293489834221,True,1.4081,collision_5m_open,820.2,1154.92362,2,-0.0009999999999998814,74.51617143000021,0.06452043246807976,valued_without_funding,-0.06484227273466865
2026-03-22 00:00:00+00:00,LINK/USDT:USDT,short,short_pullback_restart,0.0014900486204686,BNB/USDT:USDT,short,short_pullback_restart,2026-03-22 00:00:00+00:00,2026-03-23 11:05:00+00:00,0.0,-0.02914991353654485,True,630.29,collision_5m_open,1.55,976.9495,2,-0.0009999999999998144,-34.439536650000036,-0.035252115539237225,valued_without_funding,0.036742164159705826
2026-03-22 00:00:00+00:00,LINK/USDT:USDT,short,short_pullback_restart,0.0014900486204686,SUI/USDT:USDT,short,short_pullback_restart,2026-03-22 00:00:00+00:00,2026-03-23 11:05:00+00:00,0.0,6.411406267500039e-05,True,0.9323,collision_5m_open,696.3,649.16049,2,-0.000999999999999978,0.7246590999999398,0.0011163019178815701,valued_without_funding,0.0003737467025870299
2026-03-22 00:00:00+00:00,LINK/USDT:USDT,short,short_pullback_restart,0.0014900486204686,XRP/USDT:USDT,short,short_pullback_restart,2026-03-22 00:00:00+00:00,2026-03-23 11:05:00+00:00,0.0,-1.297757584600582e-05,True,1.4081,collision_5m_open,650.5,915.9690499999999,2,-0.000999999999999815,0.9694924849998188,0.001058433671967212,valued_without_funding,0.000431614948501388
2026-03-29 11:00:00+00:00,NEAR/USDT:USDT,short,short_pullback_restart,0.0008284372114591,XRP/USDT:USDT,short,short_pullback_restart,2026-03-26 06:00:00+00:00,2026-03-29 22:10:00+00:00,77.0,0.05002428905707171,False,1.3329,collision_5m_open,705.0,939.6945,1,0.03871725504322784,11.849921999999879,0.0126103983794732,valued_without_funding,-0.0117819611680141
2026-03-29 11:00:00+00:00,NEAR/USDT:USDT,short,short_pullback_restart,0.0008284372114591,ADA/USDT:USDT,short,short_compression_breakdown,2026-03-27 11:00:00+00:00,2026-03-30 02:15:00+00:00,48.0,-0.0005938743779991423,False,0.2425,collision_5m_open,2382.0,577.635,1,0.01283367222448171,-7.387892100000158,-0.012789896907216769,valued_without_funding,0.013618334118675869
2026-03-29 11:00:00+00:00,NEAR/USDT:USDT,short,short_pullback_restart,0.0008284372114591,ETH/USDT:USDT,short,short_pullback_restart,2026-03-27 11:00:00+00:00,2026-03-29 23:00:00+00:00,48.0,-0.00039761299824027965,False,1994.88,collision_5m_open,0.278,554.5766400000001,1,-0.00360975076519467,1.9970380200001046,0.003601013594802883,valued_without_funding,-0.0027725763833437826
2026-03-29 14:00:00+00:00,BNB/USDT:USDT,short,short_pullback_restart,1.6810031085109482e-05,XRP/USDT:USDT,short,short_pullback_restart,2026-03-26 06:00:00+00:00,2026-03-29 22:10:00+00:00,80.0,0.05002428905707171,False,1.3258,collision_5m_open,705.0,934.6890000000001,1,0.043835086455331414,6.841919250000046,0.007319995474430582,valued_without_funding,-0.0073031854433454725
2026-03-29 14:00:00+00:00,BNB/USDT:USDT,short,short_pullback_restart,1.6810031085109482e-05,ADA/USDT:USDT,short,short_compression_breakdown,2026-03-27 11:00:00+00:00,2026-03-30 02:15:00+00:00,51.0,-0.0005938743779991423,False,0.2406,collision_5m_open,2382.0,573.1092,1,0.020564253761691974,-11.915955000000167,-0.020791770573566376,valued_without_funding,0.020808580604651485
2026-03-29 14:00:00+00:00,BNB/USDT:USDT,short,short_pullback_restart,1.6810031085109482e-05,ETH/USDT:USDT,short,short_pullback_restart,2026-03-27 11:00:00+00:00,2026-03-29 23:00:00+00:00,51.0,-0.00039761299824027965,False,1986.12,collision_5m_open,0.278,552.14136,1,0.0007951464801052069,-0.4394596200000933,-0.0007959186756088937,valued_without_funding,0.0008127287066940031
2026-03-29 14:00:00+00:00,LINK/USDT:USDT,short,short_pullback_restart,2.15996899311906e-05,XRP/USDT:USDT,short,short_pullback_restart,2026-03-26 06:00:00+00:00,2026-03-29 22:10:00+00:00,80.0,0.05002428905707171,False,1.3258,collision_5m_open,705.0,934.6890000000001,1,0.043835086455331414,6.841919250000046,0.007319995474430582,valued_without_funding,-0.007298395784499391
2026-03-29 14:00:00+00:00,LINK/USDT:USDT,short,short_pullback_restart,2.15996899311906e-05,ADA/USDT:USDT,short,short_compression_breakdown,2026-03-27 11:00:00+00:00,2026-03-30 02:15:00+00:00,51.0,-0.0005938743779991423,False,0.2406,collision_5m_open,2382.0,573.1092,1,0.020564253761691974,-11.915955000000167,-0.020791770573566376,valued_without_funding,0.020813370263497565
2026-03-29 14:00:00+00:00,LINK/USDT:USDT,short,short_pullback_restart,2.15996899311906e-05,ETH/USDT:USDT,short,short_pullback_restart,2026-03-27 11:00:00+00:00,2026-03-29 23:00:00+00:00,51.0,-0.00039761299824027965,False,1986.12,collision_5m_open,0.278,552.14136,1,0.0007951464801052069,-0.4394596200000933,-0.0007959186756088937,valued_without_funding,0.0008175183655400842
2026-05-31 15:00:00+00:00,LINK/USDT:USDT,short,short_pullback_restart,0.0002718579550928,ADA/USDT:USDT,short,short_pullback_restart,2026-05-31 15:00:00+00:00,2026-06-02 14:10:00+00:00,0.0,0.052527895907672234,True,0.2338,collision_5m_open,5270.0,1232.126,1,-0.0009999999999999027,65.90793750000012,0.05349123182207024,valued_without_funding,-0.05321937386697744
2026-05-31 15:00:00+00:00,LINK/USDT:USDT,short,short_pullback_restart,0.0002718579550928,DOGE/USDT:USDT,short,short_pullback_restart,2026-05-31 15:00:00+00:00,2026-06-01 03:30:00+00:00,0.0,-0.015855933636497958,True,0.09997,collision_5m_open,10568.0,1056.48296,1,-0.000999999999999822,-15.754193160000113,-0.014911923577073228,valued_without_funding,0.015183781532166029
2026-05-31 15:00:00+00:00,LINK/USDT:USDT,short,short_pullback_restart,0.0002718579550928,SOL/USDT:USDT,short,short_pullback_restart,2026-05-31 15:00:00+00:00,2026-06-02 14:25:00+00:00,0.0,0.05113838793221359,True,81.92,collision_5m_open,15.04,1232.0768,1,-0.0009999999999999666,63.9519600000001,0.05190582275390633,valued_without_funding,-0.051633964798813534
2026-05-31 15:00:00+00:00,TAO/USDT:USDT,short,short_pullback_restart,0.0009625009455879,ADA/USDT:USDT,short,short_pullback_restart,2026-05-31 15:00:00+00:00,2026-06-02 14:10:00+00:00,0.0,0.052527895907672234,True,0.2338,collision_5m_open,5270.0,1232.126,1,-0.0009999999999999027,65.90793750000012,0.05349123182207024,valued_without_funding,-0.05252873087648234
2026-05-31 15:00:00+00:00,TAO/USDT:USDT,short,short_pullback_restart,0.0009625009455879,DOGE/USDT:USDT,short,short_pullback_restart,2026-05-31 15:00:00+00:00,2026-06-01 03:30:00+00:00,0.0,-0.015855933636497958,True,0.09997,collision_5m_open,10568.0,1056.48296,1,-0.000999999999999822,-15.754193160000113,-0.014911923577073228,valued_without_funding,0.015874424522661128
2026-05-31 15:00:00+00:00,TAO/USDT:USDT,short,short_pullback_restart,0.0009625009455879,SOL/USDT:USDT,short,short_pullback_restart,2026-05-31 15:00:00+00:00,2026-06-02 14:25:00+00:00,0.0,0.05113838793221359,True,81.92,collision_5m_open,15.04,1232.0768,1,-0.0009999999999999666,63.9519600000001,0.05190582275390633,valued_without_funding,-0.05094332180831843
2026-06-10 09:00:00+00:00,SOL/USDT:USDT,short,short_compression_breakdown,-0.0343776795601323,BTC/USDT:USDT,short,short_pullback_restart,2026-06-09 14:00:00+00:00,2026-06-10 13:35:00+00:00,19.0,0.0005890429258895889,False,61228.8,collision_5m_open,0.02,1224.576,1,0.011749399819873881,-17.314652999999907,-0.0141393045429601,valued_without_funding,-0.020238375017172204
2026-06-10 09:00:00+00:00,SOL/USDT:USDT,short,short_compression_breakdown,-0.0343776795601323,ETH/USDT:USDT,short,short_pullback_restart,2026-06-09 15:00:00+00:00,2026-06-10 12:30:00+00:00,18.0,-0.00013437307051549603,False,1620.47,collision_5m_open,0.513,831.30111,1,0.013865384732295555,-11.697115635000046,-0.014070852900701702,valued_without_funding,-0.0203068266594306
2026-06-10 09:00:00+00:00,SOL/USDT:USDT,short,short_compression_breakdown,-0.0343776795601323,DOGE/USDT:USDT,short,short_pullback_restart,2026-06-09 16:00:00+00:00,2026-06-11 01:15:00+00:00,17.0,0.00015285000123280368,False,0.08338,collision_5m_open,9974.0,831.63212,1,0.007211549898893842,-5.987392200000045,-0.007199568241784655,valued_without_funding,-0.027178111318347648
