symbol,pair,date,entry_tag,side,close,initial_stop,risk_pct,trend_up_4h,trend_down_4h,compression_width_pct,volume_ratio,body_pct_of_range,close_position,forward_ret_6h,forward_ret_24h,forward_ret_72h,mfe_24h,mae_24h
BTC,BTC/USDT:USDT,2025-01-04 20:00:00+00:00,long_pullback_restart,long,98577.4,97362.53519724785,0.012323968807780904,True,False,0.009093362170233835,1.6451041137909583,0.8436403913605361,0.8438249953848878,-0.003874113133436219,-0.0033729840713997428,-0.0210251031169415,0.001861481434892731,-0.013698880270731406
ETH,ETH/USDT:USDT,2025-01-09 13:00:00+00:00,short_pullback_restart,short,3219.7,3363.0150302316533,0.04451192043720021,False,True,0.028288349846258946,2.453512495157049,0.8569800569800601,0.11042735042734586,0.008156811172169709,-0.007230624547122533,-0.014179380957192511,0.02018377693282636,-0.0353363454416894
BTC,BTC/USDT:USDT,2025-01-12 09:00:00+00:00,short_pullback_restart,short,93859.1,95055.48594031941,0.01274661636771935,False,True,0.00978914138320102,2.649352448370657,0.5301362194439155,0.36947191640231786,-0.012379571444805948,0.011383289494810045,-0.03015176110877471,0.01364535679881107,-0.02163351036384198
BTC,BTC/USDT:USDT,2025-01-24 17:00:00+00:00,long_pullback_restart,long,106414.2,104304.17001822166,0.019828462571520888,True,False,0.01698645481524088,1.309086088226663,0.7442692096093827,0.7792041078305505,-0.015092910532616854,-0.014698226364526445,-0.06854536330677674,0.006223793441100911,-0.022305293842363016
SOL,SOL/USDT:USDT,2025-01-25 16:00:00+00:00,long_pullback_restart,long,255.72,245.4339894397489,0.04022372344850266,True,False,0.03277021742530892,1.4453016185021157,0.6256983240223517,0.7960893854748623,0.012435476302205428,-0.001955263569529131,-0.0840372282183639,0.019709056780853995,-0.011927107774127976
ETH,ETH/USDT:USDT,2025-01-28 16:00:00+00:00,short_pullback_restart,short,3149.41,3228.4823746806696,0.025107043757614852,False,True,0.021496089743793224,1.6769820184656596,0.600039039625224,0.3675580714425126,0.021540707103470558,0.020911536840740208,-0.0742937595710973,0.03667215273206059,-0.010120662180468476
BTC,BTC/USDT:USDT,2025-01-31 15:00:00+00:00,long_pullback_restart,long,105407.0,103763.5359732621,0.015591602329426888,True,False,0.010526815107156126,4.678222874773186,0.6274263458760013,0.6274891638922029,-0.03137457664102006,-0.032023489901050195,-0.06265523162598308,0.0012333146754959223,-0.03854582712723065
ETH,ETH/USDT:USDT,2025-02-01 19:00:00+00:00,short_compression_breakdown,short,3195.18,3305.888474411443,0.03464858768878221,False,True,0.024252154808179896,3.5305340423090765,0.6874623267028417,0.272905364677513,0.013872935084056293,0.08027020447906508,0.15397367137981477,0.10561009283833389,-0.0002753390111575049
ETH,ETH/USDT:USDT,2025-02-02 11:00:00+00:00,short_compression_breakdown,short,3063.49,3168.465745826062,0.034266717314586435,False,True,0.03102017633483387,1.9239636293787457,0.6441668018822035,0.21888690572772607,0.030735429690391447,0.18766161516303992,0.0946587197793165,0.4726972055437242,-0.011892167361209793
ETH,ETH/USDT:USDT,2025-02-02 11:00:00+00:00,short_pullback_restart,short,3063.49,3168.465745826062,0.034266717314586435,False,True,0.03102017633483387,1.9239636293787457,0.6441668018822035,0.21888690572772607,0.030735429690391447,0.18766161516303992,0.0946587197793165,0.4726972055437242,-0.011892167361209793
ETH,ETH/USDT:USDT,2025-02-02 16:00:00+00:00,short_compression_breakdown,short,3014.7,3144.8443749386342,0.04316992567706055,False,True,0.02958503333665028,2.566716455568467,0.826486348558307,0.16203113039040318,0.04878829414916175,0.11480902142199434,0.08815864513474292,0.4492426172609232,-0.007015810276679857
ETH,ETH/USDT:USDT,2025-02-02 16:00:00+00:00,short_pullback_restart,short,3014.7,3144.8443749386342,0.04316992567706055,False,True,0.02958503333665028,2.566716455568467,0.826486348558307,0.16203113039040318,0.04878829414916175,0.11480902142199434,0.08815864513474292,0.4492426172609232,-0.007015810276679857
SOL,SOL/USDT:USDT,2025-02-05 15:00:00+00:00,short_compression_breakdown,short,201.64,209.59395348186558,0.03944630768630032,False,True,0.03025193414005155,1.8233828735104847,0.48416289592760653,0.08371040723981384,0.014540880503144615,0.05493355655540433,0.04303745085867994,0.058588828223435474,-0.010889826351417775
SOL,SOL/USDT:USDT,2025-02-05 15:00:00+00:00,short_pullback_restart,short,201.64,209.59395348186558,0.03944630768630032,False,True,0.03025193414005155,1.8233828735104847,0.48416289592760653,0.08371040723981384,0.014540880503144615,0.05493355655540433,0.04303745085867994,0.058588828223435474,-0.010889826351417775
SOL,SOL/USDT:USDT,2025-02-06 14:00:00+00:00,short_pullback_restart,short,195.18,204.41165872226264,0.047298179743122434,False,True,0.032021723537247665,2.289501829754567,0.8981818181818177,0.021818181818182646,0.01108578532946547,-0.039373954129343414,-0.020868867261964463,0.04285103654627065,-0.03998819536668141
BTC,BTC/USDT:USDT,2025-02-09 13:00:00+00:00,short_pullback_restart,short,95835.5,97377.74292726553,0.01609260584298645,False,True,0.010352113778297095,2.7352489549625827,0.8861492859067632,0.0926973861492902,-0.0018320741078663438,-0.023832878534621238,0.00966623822667989,0.012524022689886172,-0.025348832479049732
ETH,ETH/USDT:USDT,2025-02-09 21:00:00+00:00,short_pullback_restart,short,2550.75,2673.23084753961,0.04801758209922958,False,True,0.022906988140742855,5.257526992493835,0.6988021004266491,0.2677223498523144,-0.028182053704776,-0.04201500777429745,-0.0486677805791349,0.010198019801980207,-0.05281861425404466
SOL,SOL/USDT:USDT,2025-02-09 21:00:00+00:00,short_pullback_restart,short,195.01,203.470976707823,0.04338739914785407,False,True,0.0343572124506435,2.2745428702784984,0.6549079754601232,0.27453987730061186,-0.033886549417884604,-0.025047495250475005,-0.0035258048032702494,0.005465326114978186,-0.06649114408808054
SOL,SOL/USDT:USDT,2025-02-11 13:00:00+00:00,short_pullback_restart,short,198.18,206.55544025820367,0.042261783521059984,False,True,0.029316782722777282,1.9477376362369567,0.8234086242299768,0.11498973305954861,0.013604746317512184,0.03277919641461269,0.0026307801274916276,0.046964974377938784,-0.013440860215053752
BTC,BTC/USDT:USDT,2025-02-13 06:00:00+00:00,short_pullback_restart,short,96010.0,98229.51040316076,0.023117491960845355,False,True,0.0186563899593792,1.2622518434763141,0.6127339340528829,0.3002277453213178,0.0024526207751283113,-0.008023838010633777,-0.01470502212064706,0.008931264258864813,-0.012364728634325028
SOL,SOL/USDT:USDT,2025-02-16 13:00:00+00:00,short_pullback_restart,short,190.56,196.48048188738852,0.031068859610561075,False,True,0.021620486985726304,3.6486766839355447,0.7122302158273341,0.23021582733813473,0.007720782654680125,0.03077838481094819,0.11113702623906696,0.05573407202216063,-0.003138731952291196
BTC,BTC/USDT:USDT,2025-02-16 23:00:00+00:00,short_pullback_restart,short,96067.0,97362.96531148042,0.013490223609360386,False,True,0.0080881051765955,3.9801495630443178,0.9026737967914508,0.07724301841948901,-0.0013669651813698058,0.0033819634188119174,-0.005497008219631838,0.009631048043837742,-0.009618556701030956
SOL,SOL/USDT:USDT,2025-02-24 01:00:00+00:00,short_compression_breakdown,short,163.53,170.14150763241744,0.0404299372128505,False,True,0.021525102427689173,3.9575782562014648,0.8305555555555594,0.11944444444444653,0.016345556246115667,0.16740434037692742,0.19452154857560267,0.19225721784776906,-0.008187772925764114
SOL,SOL/USDT:USDT,2025-02-24 01:00:00+00:00,short_pullback_restart,short,163.53,170.14150763241744,0.0404299372128505,False,True,0.021525102427689173,3.9575782562014648,0.8305555555555594,0.11944444444444653,0.016345556246115667,0.16740434037692742,0.19452154857560267,0.19225721784776906,-0.008187772925764114
ETH,ETH/USDT:USDT,2025-02-26 12:00:00+00:00,short_pullback_restart,short,2431.95,2513.312967876517,0.03345585553836113,False,True,0.020473282756635607,1.9004859164725418,0.7266071837108257,0.22260352322123106,0.061226894276587895,0.036632409921526055,0.1154557088013648,0.0795328438640257,-0.011844297265450443
BTC,BTC/USDT:USDT,2025-02-26 13:00:00+00:00,short_pullback_restart,short,87150.0,89539.72384709388,0.02742081293280408,False,True,0.020756167527251963,1.5079550108409123,0.7171128107074626,0.14340344168260039,0.03957915831663317,0.012444411399787247,0.031545282056320234,0.059935297122424736,-0.015254237288135575
ETH,ETH/USDT:USDT,2025-02-26 13:00:00+00:00,short_pullback_restart,short,2415.74,2513.447184456766,0.04044606806062172,False,True,0.03486716285692998,1.5252928643310435,0.5311475409836155,0.2373770491803207,0.052399083408118496,0.03432123926390873,0.12269662085856492,0.07233728992622424,-0.018430782983218985
BTC,BTC/USDT:USDT,2025-03-02 14:00:00+00:00,short_pullback_restart,short,85076.3,86618.09756440739,0.01812252724210372,False,True,0.012654523057537831,2.890160476308339,0.7018096906012741,0.0715703444249888,-0.09752519359287148,-0.04664237224698731,-0.038439238087057404,0.0005433370065424104,-0.10418654115466819
BTC,BTC/USDT:USDT,2025-03-09 09:00:00+00:00,short_pullback_restart,short,85533.0,86564.59540828729,0.012060788330671111,False,True,0.008710088503852314,1.837139439466601,0.42397379071112445,0.38523800346886955,0.030139527041267877,0.037243911726399404,0.035200170409297016,0.07005331938839099,-0.0006496192249902943
BTC,BTC/USDT:USDT,2025-03-09 10:00:00+00:00,short_pullback_restart,short,84816.7,86565.29430769534,0.020616155871371333,False,True,0.013411273959019863,4.315750820017811,0.7762844136136924,0.16334272707565156,0.02868595477341218,0.031337739164270184,0.028578670168966536,0.06109210918089314,-0.00298926778808295
ETH,ETH/USDT:USDT,2025-03-09 10:00:00+00:00,short_pullback_restart,short,2132.84,2220.969447671335,0.04132023390002751,False,True,0.02681401324056169,2.6590183469350697,0.7549575070821511,0.1373937677053859,0.04142578125000007,0.01616069216549465,0.12288423369115997,0.07350513388363211,-0.009359077376113967
BTC,BTC/USDT:USDT,2025-03-13 13:00:00+00:00,short_pullback_restart,short,81730.6,84464.42238667223,0.033449190225842286,False,True,0.025634217783792185,3.0923127211580175,0.4741368245411306,0.1120523681170621,0.01936568555674323,-0.021874521292892024,-0.010059216749776834,0.022867612642265778,-0.025345830948292236
BTC,BTC/USDT:USDT,2025-03-16 11:00:00+00:00,short_pullback_restart,short,82367.9,84447.80542142695,0.025251407665206428,False,True,0.009496417900662723,8.462194480070696,0.9525575060532712,0.026104721549636688,-0.01790634758440779,-0.013262653489068632,-0.01765686643990827,0.005398800863222197,-0.03251386017665858
ETH,ETH/USDT:USDT,2025-03-18 13:00:00+00:00,short_pullback_restart,short,1878.79,1926.9290352348523,0.025622360793304398,False,True,0.021173201901223647,2.9493976701744766,0.5198728139904684,0.24324324324324031,-0.012996905748793086,-0.06795880502832652,-0.037233851751261926,0.003439527866050618,-0.0757306676243279
SOL,SOL/USDT:USDT,2025-03-18 13:00:00+00:00,short_compression_breakdown,short,122.28,127.12700483211394,0.03963857402775547,False,True,0.033284265619888724,1.7978213277078179,0.5939086294416256,0.3147208121827436,-0.014903729960525247,-0.06306030189257517,-0.038149925273342156,0.003940886699507429,-0.06777464359228469
SOL,SOL/USDT:USDT,2025-03-18 13:00:00+00:00,short_pullback_restart,short,122.28,127.12700483211394,0.03963857402775547,False,True,0.033284265619888724,1.7978213277078179,0.5939086294416256,0.3147208121827436,-0.014903729960525247,-0.06306030189257517,-0.038149925273342156,0.003940886699507429,-0.06777464359228469
BTC,BTC/USDT:USDT,2025-03-21 12:00:00+00:00,short_pullback_restart,short,83428.6,84916.31728312376,0.017832221601749937,False,True,0.013943659608335785,2.0321605493094252,0.5718672610202955,0.0928182268449843,-0.007632897705848518,-0.0090956168106191,-0.04419703413131926,0.0036885541733837623,-0.013263157894736755
ETH,ETH/USDT:USDT,2025-03-28 04:00:00+00:00,short_pullback_restart,short,1936.31,2023.9309812348465,0.04525152544522652,False,True,0.01555019599134431,6.0020690796696865,0.5850905019593208,0.3695652173913032,0.014417510569523007,0.022473927392739235,0.07333662230253712,0.0442832488404703,0.0
SOL,SOL/USDT:USDT,2025-03-28 04:00:00+00:00,short_compression_breakdown,short,134.2,140.19331259452713,0.044659557336267815,False,True,0.02906110283159447,3.295441562851755,0.6331658291457283,0.23618090452261142,0.026072329688814122,0.04403298584098336,0.07428754402817783,0.061792863359442896,-0.0022304832713755385
SOL,SOL/USDT:USDT,2025-03-30 13:00:00+00:00,short_pullback_restart,short,123.37,126.72798976767966,0.027218851971140916,False,True,0.016049282645699842,1.831877898238259,0.7871287128712834,0.18316831683168577,-0.019082452095094182,-0.016345080529421074,-0.02203725723345229,0.0064447707619514905,-0.033074692374010506
BTC,BTC/USDT:USDT,2025-04-03 12:00:00+00:00,short_pullback_restart,short,81912.3,84029.52331450437,0.025847440671356706,False,True,0.021387508347342148,1.8485927833478741,0.8936817472698885,0.06419656786271678,-0.001971389268965562,-0.011229729631856089,-0.009081451193399648,0.009117653580905882,-0.03275504155340536
BTC,BTC/USDT:USDT,2025-04-03 14:00:00+00:00,short_compression_breakdown,short,81494.9,83997.08489873081,0.030703576527252856,False,True,0.025644549536228578,1.7769890541151814,0.7471765228990767,0.21778568252556174,-0.01007238463584792,-0.012598337426561246,-0.013737141474040926,0.003975499000889338,-0.03768382570005502
BTC,BTC/USDT:USDT,2025-04-03 14:00:00+00:00,short_pullback_restart,short,81494.9,83997.08489873081,0.030703576527252856,False,True,0.025644549536228578,1.7769890541151814,0.7471765228990767,0.21778568252556174,-0.01007238463584792,-0.012598337426561246,-0.013737141474040926,0.003975499000889338,-0.03768382570005502
ETH,ETH/USDT:USDT,2025-04-05 12:00:00+00:00,short_pullback_restart,short,1797.03,1829.4715919403998,0.01805289390850448,False,True,0.013127215461066396,1.550055188502327,0.6030245746691872,0.3333333333333333,0.0026390671204596927,0.011163690995335207,0.1440877055599059,0.02035567062991861,-0.010653057179665137
BTC,BTC/USDT:USDT,2025-04-05 13:00:00+00:00,short_pullback_restart,short,82714.1,84349.66565685358,0.019773722459091952,False,True,0.013939582247766704,2.5248907517600787,0.6383928571428443,0.29307432432433383,-0.0012629997814501692,0.0055667536307295595,0.0357906732117812,0.006800526806515661,-0.012846325060716812
ETH,ETH/USDT:USDT,2025-04-05 13:00:00+00:00,short_pullback_restart,short,1786.13,1829.4953353732283,0.024278935672783147,False,True,0.0195338525191336,1.7664223801999948,0.6931385006353143,0.2509529860228744,0.0026946158207632465,0.02206492443793384,0.1393678435875354,0.02946380712503105,-0.016654004118081045
SOL,SOL/USDT:USDT,2025-04-05 13:00:00+00:00,short_pullback_restart,short,117.8,123.07238569736626,0.04475709420514653,False,True,0.03387096774193544,1.7498570379382068,0.7303370786516833,0.18539325842696522,-0.006494054145230632,0.02756454989532453,0.06993642143505907,0.031523642732048884,-0.027089527585067774
ETH,ETH/USDT:USDT,2025-04-06 12:00:00+00:00,short_pullback_restart,short,1777.19,1818.6728774396593,0.0233418359543207,False,True,0.01933951912851193,1.3958296271404194,0.7382864792503414,0.0689424364123149,0.09865850642927798,0.16919625528779414,0.2164535647793231,0.26041843971631207,-0.0016459564523738646
SOL,SOL/USDT:USDT,2025-04-06 12:00:00+00:00,short_pullback_restart,short,116.39,121.29675635559744,0.0421578860348607,False,True,0.02560357419022256,3.0987505738837484,0.7912087912087888,0.11721611721611976,0.08108861229797504,0.13120808630576342,0.1147399674360694,0.22271246979724757,-8.59106529209619e-05
BTC,BTC/USDT:USDT,2025-04-08 14:00:00+00:00,short_pullback_restart,short,78440.5,81017.41020095168,0.032851781936011105,False,True,0.026059242355670933,2.6237390741225837,0.780620967297198,0.009595764628023102,0.017299427026998826,0.02080641110230519,-0.041733908159014454,0.05178436144465226,-0.004751633572289582
BTC,BTC/USDT:USDT,2025-04-08 16:00:00+00:00,short_pullback_restart,short,77393.5,80576.9367549022,0.04113312816841465,False,True,0.029038614353918534,2.2312339787215016,0.9091219096334137,0.056692242114237,0.00910355654127426,-0.0106662712408232,-0.06471642454805937,0.03774546283446312,-0.011979793672820316
SOL,SOL/USDT:USDT,2025-04-21 00:00:00+00:00,long_pullback_restart,long,141.16,135.25659264103328,0.04182068120548822,True,False,0.021110796259563545,4.468149329832382,0.5957820738137061,0.6326889279437602,-0.003046188722017562,-0.028690847265514186,0.06340323037687745,0.0071550014168320075,-0.05249362425616322
BTC,BTC/USDT:USDT,2025-04-24 23:00:00+00:00,long_pullback_restart,long,93931.6,92128.35024051259,0.01919747730782202,True,False,0.014496718889063925,1.65394188620631,0.8283059110298665,0.9253503960999401,-0.008214487989132602,0.007028518624190294,-0.0024964974513369542,0.019567429917088708,-0.012174816568652158
SOL,SOL/USDT:USDT,2025-04-25 07:00:00+00:00,long_compression_breakout,long,154.8,149.4967843042156,0.03425849932677271,True,False,0.030038759689922517,1.438119196863151,0.6523605150214601,0.9141630901287607,-0.009043927648578864,-0.02273901808785539,-0.024354005167958714,0.015762273901808843,-0.032622739018087876
SOL,SOL/USDT:USDT,2025-04-25 07:00:00+00:00,long_pullback_restart,long,154.8,149.4967843042156,0.03425849932677271,True,False,0.030038759689922517,1.438119196863151,0.6523605150214601,0.9141630901287607,-0.009043927648578864,-0.02273901808785539,-0.024354005167958714,0.015762273901808843,-0.032622739018087876
BTC,BTC/USDT:USDT,2025-04-26 22:00:00+00:00,long_pullback_restart,long,94733.7,93761.6804020879,0.010260547174997818,True,False,0.005562962282693487,1.7850342304655598,0.9562655789712151,0.9562655789712151,-0.008084768144810073,-0.008899684061743462,-0.006624886392065266,0.005771969214756867,-0.012523526474739088
ETH,ETH/USDT:USDT,2025-05-01 10:00:00+00:00,long_pullback_restart,long,1847.0,1785.301313196945,0.03340481147972653,True,False,0.019426096372496,3.5669466712145383,0.8878177037686265,0.8878177037686265,0.006329182458040039,-0.01001624255549538,-0.011174878180833847,0.013919870059555972,-0.018949648077964287
BTC,BTC/USDT:USDT,2025-05-02 14:00:00+00:00,long_pullback_restart,long,97690.1,96191.97707417166,0.015335463120913398,True,False,0.010020462667148402,4.943231706902355,0.7930114049988012,0.8582059370702985,-0.0074449713942355,-0.014079215805900547,-0.03941341036604529,0.0016265721910408981,-0.019298782578787477
SOL,SOL/USDT:USDT,2025-05-02 14:00:00+00:00,long_pullback_restart,long,151.46,148.0603261219174,0.02244601794587752,True,False,0.01769444077644267,2.21353049804841,0.7101449275362328,0.7101449275362328,-0.021787930806813738,-0.02026937805361162,-0.0465469430872838,0.0015185527532020071,-0.03208767991548933
BTC,BTC/USDT:USDT,2025-05-08 15:00:00+00:00,long_compression_breakout,long,100730.8,98379.41097118692,0.02334329747021843,True,False,0.013712786952947885,5.466346864548046,0.6325779672425386,0.657886470720218,0.020540887196368818,0.021067042056649887,0.03327879854026761,0.036157759096522524,-0.0017948829950720224
BTC,BTC/USDT:USDT,2025-05-08 15:00:00+00:00,long_pullback_restart,long,100730.8,98379.41097118692,0.02334329747021843,True,False,0.013712786952947885,5.466346864548046,0.6325779672425386,0.657886470720218,0.020540887196368818,0.021067042056649887,0.03327879854026761,0.036157759096522524,-0.0017948829950720224
BTC,BTC/USDT:USDT,2025-05-10 06:00:00+00:00,long_pullback_restart,long,103908.0,102600.50517778572,0.012583196887768842,True,False,0.006409516110405359,1.5422993977808226,0.9801666666666764,0.9801666666666764,-0.0025147245640374516,-0.0009518035184971074,-0.01349366747507419,0.01051025907533587,-0.009315933325634185
ETH,ETH/USDT:USDT,2025-05-10 07:00:00+00:00,long_pullback_restart,long,2399.17,2300.1690202918503,0.041264678913186546,True,False,0.030293809942605082,1.3460894619212866,0.5209599999999991,0.7227200000000011,0.015767953083774877,0.030610586161047282,0.025312920718415066,0.0870426022332722,-0.016326479574186092
ETH,ETH/USDT:USDT,2025-05-13 11:00:00+00:00,long_pullback_restart,long,2512.26,2407.789276025698,0.041584359888826,True,False,0.03382611672358753,1.483314632221159,0.6578891931746398,0.7322519485991229,0.03874598966667442,0.044541568149793154,0.042885688583187864,0.09010213910980536,-0.008808801636773333
BTC,BTC/USDT:USDT,2025-05-13 19:00:00+00:00,long_compression_breakout,long,104744.7,102372.68576224848,0.02264567312476445,True,False,0.01796749620744534,1.9853696614062393,0.5004713646005202,0.7590148479849138,-0.01016471477793146,-0.013995934877850669,-0.007355026077691673,0.0013795447406885764,-0.02108650843431692
BTC,BTC/USDT:USDT,2025-05-13 19:00:00+00:00,long_pullback_restart,long,104744.7,102372.68576224848,0.02264567312476445,True,False,0.01796749620744534,1.9853696614062393,0.5004713646005202,0.7590148479849138,-0.01016471477793146,-0.013995934877850669,-0.007355026077691673,0.0013795447406885764,-0.02108650843431692
ETH,ETH/USDT:USDT,2025-05-18 05:00:00+00:00,long_pullback_restart,long,2511.34,2446.8354101188665,0.025685327307785322,True,False,0.017628039214124723,1.7683031339943207,0.8751245433410911,0.8860843573563659,-0.004320402653563593,-0.053226564304315604,0.03231342629831069,0.030334403147323608,-0.07912907053604856
ETH,ETH/USDT:USDT,2025-05-18 13:00:00+00:00,long_pullback_restart,long,2541.19,2462.5558251869643,0.03094383923005984,True,False,0.02404778863445871,2.0321244678612356,0.8284600389863556,0.9286062378167681,-0.052892542470259984,-0.04520716672110314,0.0016606393067812864,0.018231615896489473,-0.08994604889835078
SOL,SOL/USDT:USDT,2025-05-23 01:00:00+00:00,long_compression_breakout,long,183.07,176.50991278783812,0.03583376420037076,True,False,0.02676571803135416,1.356677880229438,0.7286585365853614,0.8536585365853604,-0.0032228109466324595,-0.051073359916971595,-0.03610640738515314,0.025127000600863036,-0.05762822963893588
SOL,SOL/USDT:USDT,2025-05-23 01:00:00+00:00,long_pullback_restart,long,183.07,176.50991278783812,0.03583376420037076,True,False,0.02676571803135416,1.356677880229438,0.7286585365853614,0.8536585365853604,-0.0032228109466324595,-0.051073359916971595,-0.03610640738515314,0.025127000600863036,-0.05762822963893588
BTC,BTC/USDT:USDT,2025-05-24 10:00:00+00:00,long_pullback_restart,long,109043.5,106583.77748014407,0.022557259441011446,True,False,0.01661171917629211,1.6621891390842582,0.8322493224932276,0.8387533875338753,-0.0007685006442383902,-0.019626112514730454,0.0055427421166780455,0.003637997679825089,-0.02192244379536612
BTC,BTC/USDT:USDT,2025-05-25 22:00:00+00:00,long_pullback_restart,long,109122.6,106390.69784321578,0.02503516372212748,True,False,0.012747130291983511,4.286372338554721,0.9142644002770851,0.9752757499866818,0.003431003293543178,0.0001942768958951291,-0.016263358827594,0.011706099378130608,-0.0057128404198580895
SOL,SOL/USDT:USDT,2025-06-05 13:00:00+00:00,short_pullback_restart,short,150.26,154.87076350765662,0.030685235642597022,False,True,0.022827099693864015,3.9512285651153354,0.7443298969072202,0.15670103092783336,0.028262505987818987,-0.0029197080291970545,0.004478909017982424,0.062433712790779694,-0.015076035658101783
SOL,SOL/USDT:USDT,2025-06-14 16:00:00+00:00,short_pullback_restart,short,143.32,147.3255196025243,0.027948085420906477,False,True,0.023444041306167913,2.2785883352036937,0.5588235294117742,0.2352941176470547,-0.00624046595479133,-0.05629814973332459,-0.018221674201945426,0.010220624515401289,-0.06277792309704422
SOL,SOL/USDT:USDT,2025-06-19 14:00:00+00:00,short_pullback_restart,short,143.09,147.37923781163389,0.029975804120720397,False,True,0.02362149695995524,1.7780557375854091,0.44571428571428634,0.14285714285714285,-0.015074339207048482,-0.005698005698005604,0.10230336645867033,0.0018203458657144456,-0.038050420168067256
SOL,SOL/USDT:USDT,2025-06-21 17:00:00+00:00,short_pullback_restart,short,138.58,142.79018423614164,0.030380893607603033,False,True,0.02496752778178675,1.7709666237944486,0.5522388059701441,0.1529850746268746,0.02409104345255697,0.0625670909369731,-0.04255907143844129,0.09627402895340564,-0.007164350193437419
ETH,ETH/USDT:USDT,2025-06-22 13:00:00+00:00,short_pullback_restart,short,2198.9,2306.19426019406,0.04879451552779113,False,True,0.030337896220837705,4.477001172271152,0.639762991432462,0.31723917047001304,0.007302011947081022,-0.04146432899451613,-0.0964823253386804,0.0416390336333492,-0.04395652173913045
BTC,BTC/USDT:USDT,2025-07-03 09:00:00+00:00,long_pullback_restart,long,109894.7,108392.32447900916,0.013671046201416823,True,False,0.009550961056356597,2.1898162239307997,0.6059574468085014,0.6059574468085014,-0.007324284064654574,-0.008626439673614872,-0.01913286082040344,0.00536240601230098,-0.01308798331493699
ETH,ETH/USDT:USDT,2025-07-03 13:00:00+00:00,long_compression_breakout,long,2623.76,2550.4013741690787,0.027959350638366878,True,False,0.02315379455437997,2.874728149939003,0.7210843373494011,0.7742971887550253,-0.014913711619965242,-0.03779309083147864,-0.02529575875842316,0.002873738451687702,-0.03916516754581223
ETH,ETH/USDT:USDT,2025-07-03 13:00:00+00:00,long_pullback_restart,long,2623.76,2550.4013741690787,0.027959350638366878,True,False,0.02315379455437997,2.874728149939003,0.7210843373494011,0.7742971887550253,-0.014913711619965242,-0.03779309083147864,-0.02529575875842316,0.002873738451687702,-0.03916516754581223
BTC,BTC/USDT:USDT,2025-07-09 12:00:00+00:00,long_pullback_restart,long,109286.7,108212.80769905845,0.009826376868745646,True,False,0.007630388693226113,3.43268953271057,0.5128016209246586,0.6586848406704644,0.0018199835844618928,0.013929416845782638,0.07509788473803303,0.025164086755296022,-0.00784816450675152
SOL,SOL/USDT:USDT,2025-07-09 19:00:00+00:00,long_pullback_restart,long,157.22,151.9638281665451,0.03343195416266942,True,False,0.020671670270957895,3.085793881821367,0.7957317073170684,0.8231707317073134,0.002035364457448008,0.012975448416231883,0.021943773056863014,0.025314845439511346,-0.01163974049103178
ETH,ETH/USDT:USDT,2025-07-13 12:00:00+00:00,long_pullback_restart,long,2985.01,2931.284357030766,0.017998480061786823,True,False,0.011058589418460829,3.0344053758205822,0.619537275064265,0.7752070836903787,0.0025963062100293754,0.021966425573113568,0.05990264689230518,0.032827360712359255,-0.018428748982415533
ETH,ETH/USDT:USDT,2025-07-15 13:00:00+00:00,long_pullback_restart,long,3050.52,2925.424203587415,0.041008023685333996,True,False,0.027264204135688367,3.624992717892516,0.7539823008849572,0.7628318584070798,-0.0031633950932955512,0.047162450991961924,0.19335064185778172,0.04819833995515532,-0.027778870487654483
ETH,ETH/USDT:USDT,2025-07-15 17:00:00+00:00,long_pullback_restart,long,3096.41,2950.3402843778676,0.04717389351608224,True,False,0.03507287471620357,1.5161366291420457,0.7790790951387775,0.9744906144713598,0.013308961022603594,0.07096282469052873,0.1626076650056032,0.0735173959520865,-0.021650879566982417
SOL,SOL/USDT:USDT,2025-07-16 09:00:00+00:00,long_compression_breakout,long,167.27,160.14411686211022,0.0426010829072146,True,False,0.030728761881987122,2.85527731043453,0.8388625592417056,0.8483412322274924,0.0068751120942187605,0.05912596401028258,0.05619656842231113,0.06516410593650979,-0.011538231601602278
SOL,SOL/USDT:USDT,2025-07-16 09:00:00+00:00,long_pullback_restart,long,167.27,160.14411686211022,0.0426010829072146,True,False,0.030728761881987122,2.85527731043453,0.8388625592417056,0.8483412322274924,0.0068751120942187605,0.05912596401028258,0.05619656842231113,0.06516410593650979,-0.011538231601602278
ETH,ETH/USDT:USDT,2025-07-16 13:00:00+00:00,long_compression_breakout,long,3194.39,3093.4452074756796,0.03160064754908458,True,False,0.025169124621602278,1.9386896496840578,0.7696374622356373,0.9204431017119766,0.05889387332166707,0.06472910320906333,0.1137713303635437,0.0902300595731893,-0.005168435914212011
ETH,ETH/USDT:USDT,2025-07-16 13:00:00+00:00,long_pullback_restart,long,3194.39,3093.4452074756796,0.03160064754908458,True,False,0.025169124621602278,1.9386896496840578,0.7696374622356373,0.9204431017119766,0.05889387332166707,0.06472910320906333,0.1137713303635437,0.0902300595731893,-0.005168435914212011
ETH,ETH/USDT:USDT,2025-07-28 05:00:00+00:00,long_compression_breakout,long,3929.11,3801.1547311861927,0.032565967563597704,True,False,0.025463781874266737,2.1880472947297545,0.6714010592200373,0.7183437650457432,-0.012857873666046515,-0.03136842694656039,-0.01811351680151485,0.0011503877468435064,-0.05138568276276312
ETH,ETH/USDT:USDT,2025-07-28 05:00:00+00:00,long_pullback_restart,long,3929.11,3801.1547311861927,0.032565967563597704,True,False,0.025463781874266737,2.1880472947297545,0.6714010592200373,0.7183437650457432,-0.012857873666046515,-0.03136842694656039,-0.01811351680151485,0.0011503877468435064,-0.05138568276276312
SOL,SOL/USDT:USDT,2025-08-08 13:00:00+00:00,long_compression_breakout,long,178.54,173.02878745800854,0.030868223042407612,True,False,0.02548448526940732,2.0676516404480236,0.6526946107784359,0.9461077844311357,-0.0006721182928195457,0.006609163212725422,0.005488966058026401,0.026436652850901687,-0.024756357118852823
SOL,SOL/USDT:USDT,2025-08-08 13:00:00+00:00,long_pullback_restart,long,178.54,173.02878745800854,0.030868223042407612,True,False,0.02548448526940732,2.0676516404480236,0.6526946107784359,0.9461077844311357,-0.0006721182928195457,0.006609163212725422,0.005488966058026401,0.026436652850901687,-0.024756357118852823
SOL,SOL/USDT:USDT,2025-08-08 17:00:00+00:00,long_compression_breakout,long,179.29,173.38067874292432,0.03295956973102613,True,False,0.029449495231189702,1.4718917860546645,0.9086161879895505,0.9973890339425537,-0.01444586981984497,0.012493725249595578,-0.006637291538847623,0.02214289698254235,-0.015505605443694614
SOL,SOL/USDT:USDT,2025-08-08 17:00:00+00:00,long_pullback_restart,long,179.29,173.38067874292432,0.03295956973102613,True,False,0.029449495231189702,1.4718917860546645,0.9086161879895505,0.9973890339425537,-0.01444586981984497,0.012493725249595578,-0.006637291538847623,0.02214289698254235,-0.015505605443694614
SOL,SOL/USDT:USDT,2025-08-10 01:00:00+00:00,long_compression_breakout,long,184.42,178.40792229298194,0.0325999224976578,True,False,0.025485305281422933,1.8036936003600461,0.6765676567656707,0.9438943894389387,-0.030148573907385123,-0.004283700249430589,0.053356468929617096,0.009272313198134707,-0.03795683765318292
SOL,SOL/USDT:USDT,2025-08-10 01:00:00+00:00,long_pullback_restart,long,184.42,178.40792229298194,0.0325999224976578,True,False,0.025485305281422933,1.8036936003600461,0.6765676567656707,0.9438943894389387,-0.030148573907385123,-0.004283700249430589,0.053356468929617096,0.009272313198134707,-0.03795683765318292
SOL,SOL/USDT:USDT,2025-08-11 02:00:00+00:00,long_pullback_restart,long,185.18,178.05750896569808,0.03846252853602943,True,False,0.02926881952694684,1.9289052376430935,0.6919642857142968,0.7544642857142912,-0.005292148180149114,-0.04908737444648448,0.11950534614969222,0.008532238902689171,-0.06393779025812729
ETH,ETH/USDT:USDT,2025-08-12 12:00:00+00:00,long_pullback_restart,long,4404.92,4208.153822975133,0.044669636911650365,True,False,0.026363702405492066,5.16899582790131,0.7588810821459041,0.8458861382887894,0.01906958582675733,0.06355393514524654,0.05032554507232834,0.07209665555787614,-0.0123520972004032
SOL,SOL/USDT:USDT,2025-08-17 02:00:00+00:00,long_pullback_restart,long,191.45,186.48354693203112,0.025941253946037458,True,False,0.01661008096108648,2.027456131865615,0.8614130434782625,0.9755434782608685,0.009767563332462759,-0.039644815878819406,-0.05609819796291449,0.02246017236876474,-0.04256986158265852
ETH,ETH/USDT:USDT,2025-08-17 03:00:00+00:00,long_pullback_restart,long,4450.43,4377.719396934631,0.016337882646254288,True,False,0.012394307965747097,1.2105726920397906,0.5968790637191305,0.7955136540962315,0.02032837276398003,-0.029660055320497092,-0.06997750779138201,0.0279793188523354,-0.03896926813813506
ETH,ETH/USDT:USDT,2025-08-17 04:00:00+00:00,long_pullback_restart,long,4481.14,4380.948582867872,0.02235846617872431,True,False,0.015335383406900977,1.6604984151273139,0.8204168893639944,0.8433992517370481,0.018997397983548936,-0.03261223706467553,-0.06985499225643488,0.02093440508442046,-0.04555537207049998
SOL,SOL/USDT:USDT,2025-08-17 04:00:00+00:00,long_compression_breakout,long,193.3,186.63693587506765,0.03447006789928795,True,False,0.02534919813760996,1.5395714333851436,0.8719211822660144,0.9310344827586274,-0.0015002586652872463,-0.054319710294878476,-0.06606311433005696,0.01267459906880486,-0.06114847387480615
SOL,SOL/USDT:USDT,2025-08-17 04:00:00+00:00,long_pullback_restart,long,193.3,186.63693587506765,0.03447006789928795,True,False,0.02534919813760996,1.5395714333851436,0.8719211822660144,0.9310344827586274,-0.0015002586652872463,-0.054319710294878476,-0.06606311433005696,0.01267459906880486,-0.06114847387480615
ETH,ETH/USDT:USDT,2025-08-17 08:00:00+00:00,long_pullback_restart,long,4533.15,4385.691741235143,0.03252887258635971,True,False,0.021258947972160616,2.765438427478324,0.8549924736577977,0.9598595082789674,0.004010456305218346,-0.06083187187717132,-0.06534087775608566,0.009220961141810813,-0.06731522230678444
SOL,SOL/USDT:USDT,2025-08-17 15:00:00+00:00,long_compression_breakout,long,195.38,189.8669113109989,0.02821726220186871,True,False,0.02129184153956391,1.4564444239380117,0.8860103626943145,0.9792746113989677,-0.02165011771931613,-0.06346606612754635,-0.06361961306172592,0.0018937455215477517,-0.07953731190500557
SOL,SOL/USDT:USDT,2025-08-17 15:00:00+00:00,long_pullback_restart,long,195.38,189.8669113109989,0.02821726220186871,True,False,0.02129184153956391,1.4564444239380117,0.8860103626943145,0.9792746113989677,-0.02165011771931613,-0.06346606612754635,-0.06361961306172592,0.0018937455215477517,-0.07953731190500557
BTC,BTC/USDT:USDT,2025-08-21 16:00:00+00:00,short_pullback_restart,short,112350.8,114116.0185734901,0.015711668928838064,False,True,0.012921136298094998,1.5333696166714859,0.5944734876773712,0.11904406273337878,-0.0009141548158529966,-0.032341192257406615,-0.01665676182607323,0.006494012590268161,-0.04192231567475557
BTC,BTC/USDT:USDT,2025-08-29 01:00:00+00:00,short_pullback_restart,short,111425.0,113536.04014246655,0.018945839286215363,False,True,0.014355844738613469,1.888853141656145,0.8386912904696757,0.0853853169174583,0.013240094935845548,0.03742939102405951,0.030663213393765654,0.0386275295718721,-0.0033292425928377334
BTC,BTC/USDT:USDT,2025-09-06 15:00:00+00:00,short_pullback_restart,short,110324.1,111327.45790728205,0.009094639405914418,False,True,0.005757581525704693,2.3104014529435566,0.8593073593073585,0.07654466745377599,0.001506925046819152,-0.008556187217032885,-0.004565546724220271,0.004315885298133981,-0.009403670960408061
SOL,SOL/USDT:USDT,2025-09-07 15:00:00+00:00,long_pullback_restart,long,205.09,201.93462720957916,0.015385307866891811,True,False,0.008825393729582146,2.7419785842863833,0.7272727272727408,0.8277511961722538,-0.002486713150324227,0.04817397240235999,0.08757131015651676,0.056267979911258426,-0.018187137354332195
SOL,SOL/USDT:USDT,2025-09-10 07:00:00+00:00,long_pullback_restart,long,222.15,214.48718722695233,0.03449386798580993,True,False,0.021156875984695102,2.5847762541392574,0.7864583333333353,0.8125000000000004,0.008642808912896704,0.004186360567184355,0.09088453747467917,0.017105559306774598,-0.01544001800585193
SOL,SOL/USDT:USDT,2025-09-18 16:00:00+00:00,long_compression_breakout,long,249.77,242.01942388805512,0.031030852832385374,True,False,0.025823757857228718,1.5387316091359502,0.6058394160583909,0.8357664233576689,-0.011170276654522193,-0.04516154862473476,-0.051567442046683065,0.014893702206029591,-0.05641189894703125
SOL,SOL/USDT:USDT,2025-09-18 16:00:00+00:00,long_pullback_restart,long,249.77,242.01942388805512,0.031030852832385374,True,False,0.025823757857228718,1.5387316091359502,0.6058394160583909,0.8357664233576689,-0.011170276654522193,-0.04516154862473476,-0.051567442046683065,0.014893702206029591,-0.05641189894703125
ETH,ETH/USDT:USDT,2025-09-25 01:00:00+00:00,short_pullback_restart,short,4099.74,4210.905421548256,0.02711523695362531,False,True,0.020730582915014072,4.000011584282565,0.4777836785271709,0.38484687555319286,0.023159817716262188,0.038645115524929,0.02621520346632411,0.07266875981161691,-0.009006526468455456
BTC,BTC/USDT:USDT,2025-09-25 17:00:00+00:00,short_compression_breakdown,short,108793.9,112339.21400368768,0.03258743370435003,False,True,0.01530692437719397,4.292675194037859,0.8989284803129531,0.09171698273662592,-0.0012906838513051522,-0.009589675850021018,-0.01234277621682478,0.0020991839065636064,-0.010663247443539636
BTC,BTC/USDT:USDT,2025-09-25 17:00:00+00:00,short_pullback_restart,short,108793.9,112339.21400368768,0.03258743370435003,False,True,0.01530692437719397,4.292675194037859,0.8989284803129531,0.09171698273662592,-0.0012906838513051522,-0.009589675850021018,-0.01234277621682478,0.0020991839065636064,-0.010663247443539636
SOL,SOL/USDT:USDT,2025-09-28 11:00:00+00:00,short_pullback_restart,short,199.75,204.4884328970799,0.023721816756344875,False,True,0.020525657071339146,1.5869204089494657,0.5903614457831275,0.373493975903618,-0.025229357798165042,-0.034930911199149595,-0.08219996324205103,0.009603234773818636,-0.05277883156297414
BTC,BTC/USDT:USDT,2025-10-02 15:00:00+00:00,long_pullback_restart,long,119875.1,118112.3973483351,0.014704493691057656,True,False,0.012686537904869342,2.558324172676591,0.7738012022927412,0.9902837970082524,0.001919497877373999,0.01971552057099424,0.024007487793545,0.021061921950429996,-0.005631694989201352
BTC,BTC/USDT:USDT,2025-10-05 02:00:00+00:00,long_pullback_restart,long,124012.2,121356.55913089801,0.021414351725894627,True,False,0.00789841644612385,9.347502809233264,0.8089272858171318,0.826349892008638,0.004585839135181846,0.00044108563512290644,-0.016266141557040315,0.0150396493248246,-0.014935627301184806
ETH,ETH/USDT:USDT,2025-10-05 02:00:00+00:00,long_pullback_restart,long,4547.51,4433.194541592352,0.02513803343096514,True,False,0.01580865132786961,5.282609671217177,0.8503730312240962,0.9643547941420293,0.008628898012318809,-0.0023551350079493716,-0.015063188426193697,0.015597546789341665,-0.016881766065385273
ETH,ETH/USDT:USDT,2025-10-06 06:00:00+00:00,long_pullback_restart,long,4558.41,4464.586706321086,0.020582460480499477,True,False,0.017769353787833918,1.7819366154927916,0.6378592666006028,0.6533201189296364,0.004519119605301158,0.02392720268690174,-0.028869715536776974,0.038737191257477877,-0.007009022882978888
SOL,SOL/USDT:USDT,2025-10-06 06:00:00+00:00,long_pullback_restart,long,233.82,226.1175108583395,0.03294196023291632,True,False,0.02831237704216921,1.5198231711754862,0.6303501945525256,0.6303501945525256,0.0006842870584209404,-0.015139851167564777,-0.03151997262851769,0.016765032931314705,-0.020058164399965772
BTC,BTC/USDT:USDT,2025-10-06 13:00:00+00:00,long_pullback_restart,long,124967.8,123022.12921957108,0.015569376914924628,True,False,0.012061507044214612,2.7949783582543466,0.6361556064073355,0.8719881545295571,0.003116802888424086,-0.009141554864533163,-0.020891781722971903,0.009928157493370282,-0.013653117042950247
BTC,BTC/USDT:USDT,2025-10-08 17:00:00+00:00,long_pullback_restart,long,123985.5,120862.44149882959,0.025188901130942003,True,False,0.01849329155425428,2.4212181848750043,0.7780233659614806,0.8538838017050794,-0.00603296353202587,-0.024760153405035235,-0.09711619503893598,0.0014816248674240917,-0.035590452109319215
ETH,ETH/USDT:USDT,2025-10-08 17:00:00+00:00,long_pullback_restart,long,4536.99,4409.979410661002,0.027994460939741596,True,False,0.022794848567001487,2.6554034768580803,0.6149500217296824,0.7137476459510316,-0.0029358671718473506,-0.045038671013160725,-0.15732897802287416,0.0012805847048373842,-0.06048944344157681
SOL,SOL/USDT:USDT,2025-10-19 08:00:00+00:00,short_pullback_restart,short,184.08,188.1160370071533,0.021925450929776633,False,True,0.01624293785310724,3.299084161049944,0.42130750605326167,0.15980629539952088,-0.03844546594233167,-0.04572317262830483,-0.002708852530068251,0.005571943625040987,-0.05328121785640805
SOL,SOL/USDT:USDT,2025-10-20 16:00:00+00:00,short_pullback_restart,short,187.44,194.8338801169148,0.03944665021828212,False,True,0.022033717456252645,2.9125870203698194,0.7728459530026163,0.21671018276762077,-0.016837136113296625,-0.026639663498987387,-0.02308854953875028,0.026225020531070342,-0.05184885426678132
ETH,ETH/USDT:USDT,2025-10-21 04:00:00+00:00,short_compression_breakdown,short,3849.22,4009.3779323661,0.041607892603202815,False,True,0.022012251832838867,3.011805331121425,0.903403403403406,0.096596596596594,-0.008515614535788307,-0.0071448469403547765,-0.03111871830046442,0.008872009791973001,-0.06308766651819075
ETH,ETH/USDT:USDT,2025-10-21 04:00:00+00:00,short_pullback_restart,short,3849.22,4009.3779323661,0.041607892603202815,False,True,0.022012251832838867,3.011805331121425,0.903403403403406,0.096596596596594,-0.008515614535788307,-0.0071448469403547765,-0.03111871830046442,0.008872009791973001,-0.06308766651819075
SOL,SOL/USDT:USDT,2025-10-21 04:00:00+00:00,short_compression_breakdown,short,183.66,191.4756715536495,0.042555110277956595,False,True,0.03223347489927032,2.1677267960707,0.7171314741035928,0.24302788844621012,-0.01157095958236909,-0.011358131022231821,-0.05060739209097953,0.005529701615110794,-0.07096970003540903
SOL,SOL/USDT:USDT,2025-10-21 04:00:00+00:00,short_pullback_restart,short,183.66,191.4756715536495,0.042555110277956595,False,True,0.03223347489927032,2.1677267960707,0.7171314741035928,0.24302788844621012,-0.01157095958236909,-0.011358131022231821,-0.05060739209097953,0.005529701615110794,-0.07096970003540903
ETH,ETH/USDT:USDT,2025-10-29 15:00:00+00:00,short_compression_breakdown,short,3950.23,4041.3994602211533,0.023079532133863916,False,True,0.016353478151905056,1.7475548421133302,0.6793116210214667,0.20521835677276376,-0.0010570477011740964,0.047359085377332244,0.014698138458416388,0.05176513188899334,-0.016648784822919982
ETH,ETH/USDT:USDT,2025-10-29 15:00:00+00:00,short_pullback_restart,short,3950.23,4041.3994602211533,0.023079532133863916,False,True,0.016353478151905056,1.7475548421133302,0.6793116210214667,0.20521835677276376,-0.0010570477011740964,0.047359085377332244,0.014698138458416388,0.05176513188899334,-0.016648784822919982
ETH,ETH/USDT:USDT,2025-10-30 12:00:00+00:00,short_compression_breakdown,short,3815.66,3955.2364333743076,0.03657989269859152,False,True,0.028875738404365126,2.250915373537683,0.7075116330600485,0.2518280522933743,0.025715053763440743,-0.004988539137736336,-0.01554473659089095,0.03751257579465439,-0.018358536874006348
ETH,ETH/USDT:USDT,2025-10-30 12:00:00+00:00,short_pullback_restart,short,3815.66,3955.2364333743076,0.03657989269859152,False,True,0.028875738404365126,2.250915373537683,0.7075116330600485,0.2518280522933743,0.025715053763440743,-0.004988539137736336,-0.01554473659089095,0.03751257579465439,-0.018358536874006348
BTC,BTC/USDT:USDT,2025-11-04 05:00:00+00:00,short_pullback_restart,short,104164.3,107975.57921362155,0.03658911175538589,False,True,0.01965260650721976,2.7938061338446243,0.9873201089070378,0.012640995721509141,-0.003505190341210662,0.023544682916667448,0.01722949218750003,0.05334780076206802,-0.009750926894191436
BTC,BTC/USDT:USDT,2025-11-06 12:00:00+00:00,short_pullback_restart,short,102507.1,104355.57685135884,0.018032671408700813,False,True,0.015595992862933368,1.8559859230566431,0.7045999791384188,0.18577240012517612,0.008233500540965943,0.02909579364896131,0.004594353296752285,0.03333770161290328,-0.010405946806970046
ETH,ETH/USDT:USDT,2025-11-06 12:00:00+00:00,short_pullback_restart,short,3347.88,3462.9392035839974,0.034367780082917326,False,True,0.028991481176147277,1.5236983673663556,0.7878883456868025,0.1159123166692939,0.006182171183328311,0.03917856012117982,-0.026960100446428492,0.047659579794591345,-0.015916967222511236
SOL,SOL/USDT:USDT,2025-11-06 12:00:00+00:00,short_pullback_restart,short,157.42,163.26323806165917,0.0371187781835801,False,True,0.03354084614407319,1.2796553202376357,0.5836909871244662,0.1673819742489203,0.0001270648030493593,0.03859602823777797,-0.010123875998239384,0.04341486047590637,-0.02514243249938075
BTC,BTC/USDT:USDT,2025-11-06 14:00:00+00:00,short_pullback_restart,short,102083.1,104363.66646877369,0.022340294022944896,False,True,0.018428123754078755,2.776761953814166,0.7661717236926975,0.05300193673338013,0.011988246700332494,0.01319555827285579,-0.00884805387477361,0.029063508064516297,-0.008010113947101827
ETH,ETH/USDT:USDT,2025-11-06 14:00:00+00:00,short_pullback_restart,short,3327.99,3463.4602622739567,0.04070633093066894,False,True,0.03439613700762316,2.737085989812433,0.753543499511241,0.132086999022482,0.006773354307841206,0.012565833711119634,-0.05050484877361272,0.04230297032183694,-0.012465875370919921
SOL,SOL/USDT:USDT,2025-11-06 15:00:00+00:00,short_pullback_restart,short,155.83,163.32433455592755,0.04809301518274746,False,True,0.03747673747032024,3.154153241515294,0.5234159779614269,0.14325068870523716,-0.0035807916107166715,0.003348142424827838,-0.04075100030778689,0.04101810408176898,-0.01734140496910075
SOL,SOL/USDT:USDT,2025-11-13 16:00:00+00:00,short_pullback_restart,short,151.03,157.61959232711158,0.043631015871757765,False,True,0.03316559623915769,2.050897456884534,0.7565543071161123,0.1423220973782761,0.04533499446290157,0.05335472171851019,0.11346210557357717,0.1132158915014374,-0.0013224889241552074
ETH,ETH/USDT:USDT,2025-11-20 15:00:00+00:00,short_pullback_restart,short,2954.53,3070.978704022645,0.03941361367887446,False,True,0.03403248570838684,1.7632280750300635,0.8575248281130544,0.08651642475172248,0.026605651225173332,0.09277286681214636,0.04215858145121176,0.12768320610687023,-0.0018850650820408932
ETH,ETH/USDT:USDT,2025-12-07 14:00:00+00:00,short_pullback_restart,short,2941.32,3060.1475075094095,0.040399381063403274,False,True,0.011399643697387635,15.417749585194985,0.6790189486552554,0.2870568459657712,-0.06326791890394201,-0.059325448858584706,-0.11351286185747211,0.0009596733027055215,-0.075053695137406
SOL,SOL/USDT:USDT,2025-12-07 14:00:00+00:00,short_pullback_restart,short,128.07,133.7035579345297,0.04398811536292422,False,True,0.016553447333489534,10.962375217526136,0.8479809976247027,0.12351543942992797,-0.059138995004408,-0.06593246298592381,-0.06593246298592381,0.0010161012974831962,-0.08061737257717172
BTC,BTC/USDT:USDT,2025-12-14 10:00:00+00:00,short_pullback_restart,short,89819.0,90487.31766685234,0.007440715960457559,False,True,0.005575657711620068,2.3319939273009425,0.47756232686978994,0.2188365650969529,0.011703086280693942,8.350823669567298e-05,0.03732542145423512,0.026452414338495434,-0.0017049673010833821
SOL,SOL/USDT:USDT,2025-12-21 01:00:00+00:00,short_pullback_restart,short,125.06,126.79409674395656,0.013866118214909292,False,True,0.010315048776587288,1.7866512109373682,0.9473684210526198,0.042105263157901196,-0.0015169660678642227,-0.007223942208462342,0.01616965954334937,0.014274128142741427,-0.026846159831919625
ETH,ETH/USDT:USDT,2026-01-05 00:00:00+00:00,long_pullback_restart,long,3167.26,3112.0183250656323,0.01744147147198774,True,False,0.012629212631738473,3.8595311453725607,0.6864601262191682,0.7389558232931762,-0.0034856626863599693,0.014981403484399802,0.0007072359073772017,0.0311752113814463,-0.011299988002248185
ETH,ETH/USDT:USDT,2026-01-05 17:00:00+00:00,long_pullback_restart,long,3212.21,3126.5279560249633,0.02667386129021352,True,False,0.02289078235856317,1.9578230075296637,0.4027081922816557,0.7474610697359497,0.003580089720161439,-0.005519564412040268,-0.024556302358812232,0.029820590808197434,-0.008884848748992091
SOL,SOL/USDT:USDT,2026-01-06 14:00:00+00:00,long_compression_breakout,long,141.96,136.99544212799563,0.03497152628912635,True,False,0.02007607776838542,5.34893731479532,0.661363636363639,0.661363636363639,-0.02162581008734865,-0.028106508875739733,-0.036348267117497834,0.008453085376162184,-0.04113834883065659
SOL,SOL/USDT:USDT,2026-01-06 14:00:00+00:00,long_pullback_restart,long,141.96,136.99544212799563,0.03497152628912635,True,False,0.02007607776838542,5.34893731479532,0.661363636363639,0.661363636363639,-0.02162581008734865,-0.028106508875739733,-0.036348267117497834,0.008453085376162184,-0.04113834883065659
SOL,SOL/USDT:USDT,2026-01-11 08:00:00+00:00,long_pullback_restart,long,136.7,135.18418362548334,0.011088634780663104,True,False,0.008266276517922425,1.930536784132874,0.6951219512194856,0.8048780487804624,0.017995610826627706,0.023994147768836793,0.059546452084857426,0.05632772494513549,-0.003657644476956823
SOL,SOL/USDT:USDT,2026-01-11 12:00:00+00:00,long_pullback_restart,long,137.01,135.5682150283067,0.010523209778069448,True,False,0.008612510035763863,1.5535800678944132,0.6375000000000022,0.7249999999999955,0.021677249835778456,0.019487628640245447,0.054594555141960655,0.05393766878330064,-0.0010948105977663936
SOL,SOL/USDT:USDT,2026-01-11 14:00:00+00:00,long_pullback_restart,long,139.16,135.67700173359097,0.02502873143438507,True,False,0.010707099741305038,5.418714712734149,0.8799999999999955,0.8888888888888888,-0.004814601897096815,0.008766887036504745,0.0533199195171028,0.03765449841908608,-0.012144294337453232
SOL,SOL/USDT:USDT,2026-01-13 22:00:00+00:00,long_compression_breakout,long,146.92,140.81797177151068,0.04153299910488227,True,False,0.02355023141845908,2.97878882756245,0.6563071297988987,0.6563071297988987,-0.013953171794173547,-0.0055812687176693965,-0.014021236046828034,0.010073509392866997,-0.02463925946093093
SOL,SOL/USDT:USDT,2026-01-13 22:00:00+00:00,long_pullback_restart,long,146.92,140.81797177151068,0.04153299910488227,True,False,0.02355023141845908,2.97878882756245,0.6563071297988987,0.6563071297988987,-0.013953171794173547,-0.0055812687176693965,-0.014021236046828034,0.010073509392866997,-0.02463925946093093
ETH,ETH/USDT:USDT,2026-01-17 14:00:00+00:00,long_pullback_restart,long,3308.85,3279.941159778668,0.008736824038965791,True,False,0.0068331897789262516,1.8528126628899513,0.6258246936851831,0.8341187558906505,0.0021306496214696935,0.0044305423334392025,-0.07938709823654744,0.011439019598954214,-0.004330809797966073
ETH,ETH/USDT:USDT,2026-01-25 03:00:00+00:00,short_pullback_restart,short,2941.54,2969.606717148935,0.009541504500681586,False,True,0.0069011470182286086,2.940284846171656,0.6011428571428561,0.3451428571428551,0.00238196657068368,0.032231576066168666,-0.020723818908778613,0.05653071853168834,-0.002242084018791446
ETH,ETH/USDT:USDT,2026-01-25 08:00:00+00:00,short_pullback_restart,short,2927.89,2965.2558359730683,0.012762035449784126,False,True,0.010236040288398744,3.0877893969808237,0.4150275373721613,0.3674272226593167,-0.0011633063828336843,0.005719212431815945,-0.020582587926755047,0.051627965447264,-0.006484560570071296
SOL,SOL/USDT:USDT,2026-01-27 13:00:00+00:00,short_pullback_restart,short,123.13,125.29851959618873,0.017611626705016894,False,True,0.013156826118736217,1.2013786946512381,0.8765432098765505,0.08641975308641109,-0.02114635503617146,-0.03245324532453253,0.0638500086400553,8.12215724494969e-05,-0.04029618082618869
BTC,BTC/USDT:USDT,2026-01-29 14:00:00+00:00,short_compression_breakdown,short,86978.7,88812.22183136856,0.021080124574965615,False,True,0.0123225571318034,2.7606828255350906,0.9455663668074273,0.0299247292087309,0.03316929239080468,0.047161497398310104,0.11255266732668723,0.07381111111111105,-0.00040223551004037184
BTC,BTC/USDT:USDT,2026-01-29 14:00:00+00:00,short_pullback_restart,short,86978.7,88812.22183136856,0.021080124574965615,False,True,0.0123225571318034,2.7606828255350906,0.9455663668074273,0.0299247292087309,0.03316929239080468,0.047161497398310104,0.11255266732668723,0.07381111111111105,-0.00040223551004037184
SOL,SOL/USDT:USDT,2026-01-29 14:00:00+00:00,short_compression_breakdown,short,120.3,124.8881370201626,0.0381391273496476,False,True,0.01961762261014131,3.897148118969335,0.9205776173285202,0.018050541516244488,0.02943693308232076,0.03457172342621262,0.16943715368912216,0.07651006711409392,-0.0006645622196378431
SOL,SOL/USDT:USDT,2026-01-29 14:00:00+00:00,short_pullback_restart,short,120.3,124.8881370201626,0.0381391273496476,False,True,0.01961762261014131,3.897148118969335,0.9205776173285202,0.018050541516244488,0.02943693308232076,0.03457172342621262,0.16943715368912216,0.07651006711409392,-0.0006645622196378431
ETH,ETH/USDT:USDT,2026-02-03 14:00:00+00:00,short_pullback_restart,short,2255.66,2361.4050854930197,0.0468798868149543,False,True,0.04195224457586698,2.2846406669423334,0.8937096774193598,0.02677419354838475,-0.018821799706820075,0.039182533942071496,0.1402588211505409,0.07238756299324889,-0.041763488914472124
SOL,SOL/USDT:USDT,2026-02-03 14:00:00+00:00,short_pullback_restart,short,100.79,105.32242795136627,0.044969024222306364,False,True,0.029566425240599305,2.7248888822283432,0.8854166666666671,0.031250000000001235,-0.0028690146418677287,0.08353042356482487,0.19845422116527955,0.0859821139963366,-0.01888445439501607
BTC,BTC/USDT:USDT,2026-02-03 16:00:00+00:00,short_pullback_restart,short,76458.2,79200.62059686295,0.03586823384362899,False,True,0.026792417294678662,3.6150484533484297,0.9894163894768673,0.006168732990624185,0.010382899996696171,0.038705812188981836,0.09388520086986385,0.04896473002859136,-0.006423443033039877
SOL,SOL/USDT:USDT,2026-02-09 07:00:00+00:00,short_pullback_restart,short,85.43,89.3527467604685,0.04591767248587731,False,True,0.04014983027039689,1.2140699054076292,0.6762589928057535,0.2230215827338145,0.020303356025319408,0.009930251802813705,0.05834985133795856,0.03151412702245859,-0.03643131062485894
SOL,SOL/USDT:USDT,2026-02-10 18:00:00+00:00,short_compression_breakdown,short,82.89,86.20502969405362,0.03999311972558355,False,True,0.03426227530462062,1.6514927870978304,0.8722466960352401,0.101321585903085,-0.006353392471829311,0.039242728184553544,-0.02882249560632677,0.06378336755646807,-0.017192316812900232
SOL,SOL/USDT:USDT,2026-02-10 18:00:00+00:00,short_pullback_restart,short,82.89,86.20502969405362,0.03999311972558355,False,True,0.03426227530462062,1.6514927870978304,0.8722466960352401,0.101321585903085,-0.006353392471829311,0.039242728184553544,-0.02882249560632677,0.06378336755646807,-0.017192316812900232
BTC,BTC/USDT:USDT,2026-02-11 04:00:00+00:00,short_pullback_restart,short,67548.8,70092.43698299429,0.03765628675852547,False,True,0.029698529063432528,1.7613057786818407,0.6144628099173584,0.23636363636363936,0.01567978828977834,0.00834304872824121,-0.017666323461831612,0.027850605232925263,-0.018487062833927426
ETH,ETH/USDT:USDT,2026-02-17 14:00:00+00:00,short_pullback_restart,short,1947.55,2012.5732144874542,0.03338718620187117,False,True,0.024877410079330465,5.664365703474134,0.6893442622950812,0.0839344262295064,-0.023128316764142398,-0.013219229444072944,0.002527488366346642,0.0038865779042376314,-0.04450833304714297
BTC,BTC/USDT:USDT,2026-03-07 19:00:00+00:00,short_pullback_restart,short,67042.6,68290.61277292226,0.01861522036618894,False,True,0.012165399313272542,2.7081473128012172,0.7103157282118513,0.2800814782482224,-0.003325587998745272,-0.0038098634452219393,-0.04231971339271923,0.008038130751187866,-0.016561148630808153
ETH,ETH/USDT:USDT,2026-03-07 19:00:00+00:00,short_pullback_restart,short,1954.01,1996.605261399307,0.021798896320544416,False,True,0.015040864683394595,2.745601477885675,0.6951323654995697,0.3048676345004303,-0.007133965092350314,-0.0046811328443358,-0.0401947107827727,0.016199827340524164,-0.01264255721237173
SOL,SOL/USDT:USDT,2026-03-07 19:00:00+00:00,short_compression_breakdown,short,82.47,85.0049657974329,0.030738035618199388,False,True,0.024493755304959505,2.5834899507647804,0.7747747747747746,0.22522522522522534,-0.00554684673821304,0.0003639010189229186,-0.04071187623589623,0.016767352977438144,-0.019031759248245406
SOL,SOL/USDT:USDT,2026-03-07 19:00:00+00:00,short_pullback_restart,short,82.47,85.0049657974329,0.030738035618199388,False,True,0.024493755304959505,2.5834899507647804,0.7747747747747746,0.22522522522522534,-0.00554684673821304,0.0003639010189229186,-0.04071187623589623,0.016767352977438144,-0.019031759248245406
BTC,BTC/USDT:USDT,2026-03-27 08:00:00+00:00,short_compression_breakdown,short,67876.6,69558.41066052092,0.024777473540526743,False,True,0.017817627871755636,2.4195587160704792,0.5898669685819422,0.2987074252288023,0.025904323735276957,0.022624516195128175,0.003586953307508134,0.03626814857788441,-0.0005227345347883494
BTC,BTC/USDT:USDT,2026-03-27 08:00:00+00:00,short_pullback_restart,short,67876.6,69558.41066052092,0.024777473540526743,False,True,0.017817627871755636,2.4195587160704792,0.5898669685819422,0.2987074252288023,0.025904323735276957,0.022624516195128175,0.003586953307508134,0.03626814857788441,-0.0005227345347883494
ETH,ETH/USDT:USDT,2026-03-27 10:00:00+00:00,short_pullback_restart,short,1989.7,2080.0241827963537,0.04539588018110952,False,True,0.022279740664421736,4.02566398872407,0.8048741382074708,0.13387846721180247,0.0019185352663038113,-0.0029964723803415083,-0.032764571484128036,0.011951988607466157,-0.009833487603634783
ETH,ETH/USDT:USDT,2026-03-29 13:00:00+00:00,short_pullback_restart,short,1986.12,2021.2079599068888,0.017666586060705775,False,True,0.014399935552735943,3.0184675625714985,0.7690677966101854,0.20709745762711224,-0.004471088298981463,-0.03584535622050922,-0.06252301069584343,0.02560236297726859,-0.04833276632854011
BTC,BTC/USDT:USDT,2026-04-10 14:00:00+00:00,long_compression_breakout,long,72870.6,71289.9149722731,0.021691670272056374,True,False,0.014892151292839596,3.87912814205891,0.6418334974291842,0.7228968384203142,0.00603672811806133,-0.0028777037653047177,-0.007182594901098738,0.007951080408285183,-0.007699950322901272
BTC,BTC/USDT:USDT,2026-04-10 14:00:00+00:00,long_pullback_restart,long,72870.6,71289.9149722731,0.021691670272056374,True,False,0.014892151292839596,3.87912814205891,0.6418334974291842,0.7228968384203142,0.00603672811806133,-0.0028777037653047177,-0.007182594901098738,0.007951080408285183,-0.007699950322901272
ETH,ETH/USDT:USDT,2026-04-10 14:00:00+00:00,long_compression_breakout,long,2241.17,2171.599649567104,0.03104197826710881,True,False,0.023469884033785884,3.5096968765229795,0.5693877551020512,0.6553935860058366,0.005742536264540243,-0.00014278256446420556,-0.0036944988555085434,0.007308682518506027,-0.009847534992883267
ETH,ETH/USDT:USDT,2026-04-10 14:00:00+00:00,long_pullback_restart,long,2241.17,2171.599649567104,0.03104197826710881,True,False,0.023469884033785884,3.5096968765229795,0.5693877551020512,0.6553935860058366,0.005742536264540243,-0.00014278256446420556,-0.0036944988555085434,0.007308682518506027,-0.009847534992883267
BTC,BTC/USDT:USDT,2026-04-14 13:00:00+00:00,long_compression_breakout,long,75471.2,73863.5849995797,0.02130103934242855,True,False,0.012628658349145182,2.6321286812750784,0.9432021466905188,0.9885509838998185,-0.017156213231007356,-0.01928417727556997,0.024156234431147228,0.0071258970309204805,-0.026794326842557115
BTC,BTC/USDT:USDT,2026-04-14 13:00:00+00:00,long_pullback_restart,long,75471.2,73863.5849995797,0.02130103934242855,True,False,0.012628658349145182,2.6321286812750784,0.9432021466905188,0.9885509838998185,-0.017156213231007356,-0.01928417727556997,0.024156234431147228,0.0071258970309204805,-0.026794326842557115
BTC,BTC/USDT:USDT,2026-04-15 19:00:00+00:00,long_pullback_restart,long,74957.8,73352.98459601922,0.02140958517967156,True,False,0.01366769035377239,2.3837242129636285,0.6558560499946055,0.6959379377222332,-0.004602589723817885,0.004690639266360375,0.00862351883326351,0.006240844848701466,-0.02269276846438928
ETH,ETH/USDT:USDT,2026-04-15 19:00:00+00:00,long_pullback_restart,long,2373.7,2302.947680831824,0.02980676545821955,True,False,0.021923579222311147,2.389092331515773,0.5783048482734525,0.6173700732472889,-0.009622108943842855,-0.006449846231621481,-0.011231410877532877,0.002611956018031103,-0.038336773813034464
BTC,BTC/USDT:USDT,2026-04-26 04:00:00+00:00,long_pullback_restart,long,77727.0,77058.3864096608,0.008602076374222584,True,False,0.006634760121965302,1.8699292991455723,0.8611491108070954,0.8860009119927056,0.0030156830959640057,0.014867420587440838,-0.006468794627349617,0.02223165695318219,-0.0007217569184454486
SOL,SOL/USDT:USDT,2026-04-27 01:00:00+00:00,long_pullback_restart,long,87.79,85.81671721588431,0.022477307029453195,True,False,0.017086228499829135,2.641202646033665,0.7619047619047565,0.9206349206349264,-0.029388313019706236,-0.03907050916960941,-0.04647454151953534,0.0033033375099669193,-0.048183164369518194
BTC,BTC/USDT:USDT,2026-05-06 08:00:00+00:00,long_pullback_restart,long,81903.6,80566.97215555719,0.01631952495913265,True,False,0.01335960812467336,1.7800955525950874,0.8574436090225739,0.9377443609022644,-0.005274493428860216,,,0.011294985812589253,-0.011940867068114258
ETH,ETH/USDT:USDT,2026-05-06 09:00:00+00:00,long_pullback_restart,long,2411.55,2349.23981780623,0.02583822943491542,True,False,0.018067218179179244,4.539967252530719,0.5202195262853921,0.816580011554017,-0.022321743277145534,,,0.004548941552113606,-0.03495677054176782
