feature,direction,quantile,threshold,kept,removed,kept_delta_profit_abs,removed_positive_profit,removed_negative_profit,estimated_improvement,positive_profit_kill_pct,negative_loss_removed_pct
close_position,keep_ge,0.3,0.0863616606517245,46,20,179.64367160999996,33.62358414,-48.21437822,14.590794079999997,12.107527521746531,42.79817563881201
ret_3h,keep_ge,0.4,-0.019009975531714685,40,26,174.22457544000002,43.03295539000001,-52.20465329999999,9.17169790999999,15.495751123887056,46.34019982383351
close_position,keep_ge,0.4,0.12209302325582315,40,26,173.12655154000004,52.69150185,-60.76517586,8.073674010000005,18.973700309720563,53.939068908303334
close_position,keep_le,0.7,0.19553962564715033,46,20,171.24101138999998,39.57721867000001,-45.76535253,6.188133859999998,14.25137374665394,40.62426330199161
stop_distance_from_add,keep_le,0.7,0.06949200831614397,46,20,170.73303629999995,50.46468291,-56.14484167999999,5.680158769999991,18.171844341905334,49.83776384027239
ret_24h,keep_ge,0.3,-0.025397629661579768,46,20,169.77231178,28.46565264,-33.185086889999994,4.719434249999999,10.250206263801264,29.457212344974575
ret_24h,keep_ge,0.2,-0.027950863450240226,53,13,167.81378243999998,23.27714643,-26.038051339999996,2.7609049100000007,8.38187534843063,23.113045022728578
atr_pct,keep_le,0.8,0.011637648430101262,53,13,166.00914733000002,19.742424240000005,-20.698694040000003,0.9562697999999992,7.109056067209495,18.373488899427134
body_ratio,keep_le,0.8,0.8575248281130544,53,13,165.68789515999998,24.827016289999996,-25.462033920000003,0.6350176300000054,8.939968498373906,22.601735002309216
ret_12h,keep_le,0.8,-0.014558643236616264,53,13,165.60056242999997,41.26943389,-41.817118789999995,0.5476849000000001,14.860724084308583,37.11955770781037
close_position,keep_le,0.8,0.22253521126760628,53,13,165.36411411999998,37.35090085,-37.66213744000001,0.3112365900000026,13.449698227305074,33.43132966965384
add_profit,keep_le,0.7,0.007194370701752297,46,20,162.27592809999996,58.92179111,-56.14484167999999,-2.776949430000002,21.21716722775662,49.83776384027239
ret_6h,keep_ge,0.2,-0.02361148376710487,53,13,162.18548465999996,10.015193920000002,-7.147801050000002,-2.867392869999999,3.6063744875363715,6.3448468291620115
add_delay_h,keep_ge,0.2,0.25,53,13,161.43159817999998,43.99044544000001,-40.36916609000001,-3.621279349999998,15.840534032333217,35.83426198775511
ret_24h,keep_ge,0.4,-0.022373265363919592,40,26,160.57597225,40.14085849,-35.663953209999995,-4.476905280000004,14.454334995656652,31.657613139617357
close_position,keep_ge,0.2,0.056000000000000445,53,13,160.31750222,14.76586186,-10.03048655,-4.735375309999999,5.317044075606909,8.90370343781738
add_profit,keep_le,0.6,0.007032205462698698,40,26,159.47277984,76.06302122,-70.48292353,-5.580097690000009,27.38955844129532,62.565165250281964
stop_distance_from_add,keep_le,0.6,0.06894860452174568,40,26,158.96556823999998,76.57023282,-70.48292353,-6.087309290000007,27.57220043391512,62.565165250281964
ret_3h,keep_ge,0.2,-0.024070159212525533,53,13,158.86687658999995,20.722852800000005,-14.53685186,-6.186000940000005,7.462098911300129,12.903842424366143
ret_3h,keep_ge,0.3,-0.02167209201580922,46,20,157.75520467999996,32.00791975,-24.710246899999998,-7.297672850000001,11.52574239775794,21.93440060720148
ema20_distance,keep_le,0.8,0.021756834859660915,53,13,155.65927555999997,13.136278170000004,-3.7426762,-9.393601970000002,4.73024674628257,3.3222395326951806
ema20_distance,keep_le,0.7,0.02080023152619884,46,20,153.58157126999998,22.45523251000001,-10.98392625,-11.471306260000002,8.085912093428675,9.750037690131549
body_ratio,keep_le,0.7,0.815217391304347,46,20,151.55047217,50.40324898,-36.90084362,-13.50240536,18.1497225777547,32.75555642889084
atr_pct,keep_le,0.7,0.010802146653558758,46,20,151.22404538,49.25882397,-35.429991820000005,-13.828832149999998,17.737626197801376,31.449933998423614
add_profit,keep_ge,0.2,0.0052624093301094094,53,13,150.56270413,25.307191040000006,-10.817017639999998,-14.490173400000002,9.112874782744603,9.60187889870599
ema50_slope3_4h,keep_le,0.7,-0.002868347248336345,46,20,149.28513398,51.32767864,-35.559935089999996,-15.767743549999999,18.48260075944306,31.56527998229517
ret_6h,keep_ge,0.3,-0.021378434900013288,46,20,147.74858324000002,43.17488909000001,-25.8705948,-17.304294290000005,15.546860076813013,22.96439985347874
ret_6h,keep_ge,0.4,-0.020077438110287282,40,26,147.43260025,45.96973840000001,-28.34946112,-17.620277280000003,16.553258288231035,25.16480064812152
ema50_slope3_4h,keep_le,0.8,-0.0019137884916086145,53,13,147.18716314999998,42.827975300000006,-24.96226092,-17.865714380000004,15.421939775556325,22.15810442107601
add_delay_h,keep_ge,0.3,0.3333333333333333,48,18,145.56907719999998,59.85296642000001,-40.36916609000001,-19.48380033000001,21.552474452782153,35.83426198775511
distance_ema50_4h,keep_ge,0.2,0.02205987428312414,53,13,143.14959710999997,46.861916730000004,-24.95863631,-21.903280420000005,16.87452307784429,22.1548869846778
ema20_distance,keep_le,0.6,0.019543670542037657,40,26,141.26867107,37.95831331000001,-14.174106850000001,-23.78420646,13.668421580707275,12.581846679046283
add_delay_h,keep_le,0.8,1.0,54,12,140.62465458999998,31.216428060000002,-6.78820512,-24.42822294,11.240733893607773,6.025646409301406
stop_distance_from_add,keep_ge,0.2,0.06703464303871015,53,13,138.21278913999998,37.65710603,-10.817017639999998,-26.84008839,13.55995975173729,9.60187889870599
atr_pct,keep_le,0.6,0.010002255701582558,40,26,137.77302615000002,62.7098432,-35.429991820000005,-27.279851379999997,22.581208156365502,31.449933998423614
add_profit,keep_le,0.8,0.008459026403776259,53,13,137.73643581999997,49.73402652,-22.41758481,-27.31644171,17.90874204103132,19.899286634341752
stop_distance_from_add,keep_le,0.8,0.07090493931017892,53,13,137.31343597,50.062811870000004,-22.32337031,-27.739441560000003,18.02713446633902,19.815655799151386
ret_24h,keep_le,0.7,-0.009563581953328903,46,20,137.27728261999997,85.76048242000002,-57.98488751000001,-27.77559491000001,30.88152044871234,51.471106579993496
add_delay_h,keep_ge,0.4,0.4166666666666667,40,26,135.67976162,84.06931977999999,-54.69620387,-29.373115910000003,30.27254913493764,48.5518599726231
ret_3h,keep_ge,0.6,-0.015509601181683985,27,39,133.24811414,115.42044615000002,-83.61568276,-31.80476339000002,41.56178658749582,74.22264496687447
ret_12h,keep_ge,0.2,-0.028306354399862177,53,13,132.80460480999994,40.725940300000005,-8.47766758,-32.24827272000001,14.665017297922608,7.52532168808092
add_profit,keep_ge,0.3,0.005576459596494388,46,20,132.11229272999998,47.49981594,-14.55923114,-32.940584799999996,17.104224415126396,12.923707709193415
body_ratio,keep_le,0.6,0.7979797979798018,40,26,131.88476545999998,78.16324026000001,-44.99512819,-33.16811207000001,28.145827009292674,39.94056275867663
distance_ema50_4h,keep_ge,0.3,0.027922313679998575,46,20,130.56579768999998,59.4796022,-24.992522359999995,-34.48707984000001,21.4180296074479,22.184966416854397
stop_distance_from_add,keep_ge,0.3,0.06743043330490897,46,20,129.66918443,47.535837240000006,-12.152144139999999,-35.383693099999995,17.117195336944345,10.787022844487074
body_ratio,keep_le,0.3,0.6864033134408032,20,46,128.08603885,122.74878935000001,-85.78195066999999,-36.966838680000016,44.20065211156852,76.14556335586332
ret_24h,keep_le,0.8,-0.005170863309352569,53,13,127.26127836,71.30126441,-33.509665240000004,-37.791599170000005,25.674895858362873,29.74532891402937
ema20_distance,keep_le,0.4,0.014675972329430258,27,39,126.35691716,106.04617392,-67.35021355,-38.69596037,38.18620180306333,59.784370871108926
ret_3h,keep_le,0.8,-0.010170990566037763,53,13,125.72717821,53.68088498999999,-14.355185670000001,-39.325699319999984,19.329967611481862,12.742583858056797
add_profit,keep_ge,0.4,0.005979344084073272,40,26,122.49644178,70.11700920999999,-27.56057346,-42.556435750000006,25.24845701213309,24.464533344498676
stop_distance_from_add,keep_ge,0.4,0.06790010936930367,40,26,122.49644178,70.11700920999999,-27.56057346,-42.556435750000006,25.24845701213309,24.464533344498676
add_delay_h,keep_le,0.7,0.8333333333333334,50,16,122.32654618999999,49.514557079999996,-6.78822574,-42.72633134,17.829713217872005,6.025664712936426
ret_6h,keep_ge,0.6,-0.014995313964386137,27,39,121.72157298999997,107.45382755,-64.12252301000001,-43.331304540000005,38.693084263759594,56.919265652737586
ret_6h,keep_ge,0.7,-0.013509682255849309,20,46,119.84359742999997,132.08414741,-86.87486731000001,-45.20928010000001,47.56222427966899,77.11570628924036
atr_pct,keep_le,0.4,0.008943678994440388,27,39,118.84234256,122.25031138,-76.03977641,-46.210534970000005,44.02115501466089,67.49778440534195
body_ratio,keep_le,0.2,0.6529928840519059,14,52,118.20395873,146.95790725,-100.10898845,-46.848918800000014,52.91812137454212,88.86316134073132
ret_12h,keep_ge,0.3,-0.02619944232741994,46,20,118.13807136999998,68.65460628,-21.73980012,-46.914806160000005,24.721859857911397,19.29764145547922
ema20_slope3,keep_le,0.8,-0.001798048965289789,53,13,116.48420782,76.36479083,-27.79612112,-48.56866971000001,27.49822275986079,24.673620560722682
ret_24h,keep_le,0.6,-0.014496418036241021,40,26,115.81448168,116.86396859000001,-67.62557274,-49.23839585,42.08158505983555,60.028797355748154
atr_pct_rank_30d,keep_ge,0.3,0.15833333333333333,46,20,114.99376629,86.67092389,-36.611812650000005,-50.059111239999986,31.209361618442085,32.498993995114915
ema20_slope3,keep_le,0.7,-0.0019445337097054316,46,20,113.41776433999999,94.29450663,-42.65939344,-51.63511319000001,33.95454004601652,37.86721472917306
atr_pct_rank_30d,keep_le,0.6,0.4375,40,26,112.61850236999999,103.30851077,-50.874135609999996,-52.43437516000001,37.20039577489323,45.159146953518885
ret_3h,keep_le,0.7,-0.012709321269105511,46,20,112.52825106,71.54492029,-19.02029382,-52.524626469999994,25.762633984692652,16.883633174647017
body_ratio,keep_le,0.4,0.7120000000000009,27,39,112.10837138999997,100.52375922000002,-47.57925308,-52.94450614,36.197633669209786,42.23439781365135
ema50_slope3_4h,keep_ge,0.2,-0.007625925395709832,53,13,108.98303661,60.906826970000004,-4.836986049999999,-56.06984092,21.93195944641281,4.293619168659342
ema20_distance,keep_ge,0.2,0.011526595074098261,53,13,107.91680495,82.91642363,-25.78035105,-57.13607258,29.857402379382968,22.884293710759618
atr_pct_rank_30d,keep_ge,0.2,0.09722222222222222,53,13,105.62467795,81.84740837999998,-22.4192088,-59.428199580000005,29.472460324822396,19.900728192064193
add_delay_h,keep_ge,0.6,0.5833333333333334,29,37,104.23442238999999,125.99114737,-65.17269223,-60.81845514,45.36819388222121,57.85146323336281
ema20_distance,keep_ge,0.3,0.013730006508317516,46,20,103.92134152,100.5777602,-39.446224189999995,-61.131536010000005,36.21707889993917,35.01499953952065
atr_pct_rank_30d,keep_le,0.7,0.48958333333333337,46,20,102.80030044,102.30225498000001,-40.04967789,-62.25257709000001,36.83805279501894,35.55066376243451
ret_12h,keep_ge,0.6,-0.01860765329645009,27,39,102.49681068000001,119.70014538999999,-57.14407854,-62.55606684999999,43.102864900781704,50.724750590239765
ema50_slope3_4h,keep_le,0.6,-0.0037108729024472042,40,26,102.03312679,112.90672360999999,-49.886972869999994,-63.01975074,40.65661940756753,44.28287796716316
close_position,keep_le,0.6,0.17424242424242053,40,26,102.01936240999999,113.53660436,-50.50308924,-63.033515120000004,40.88343337493905,44.8297823884312
ema20_slope3,keep_le,0.6,-0.002249190466610318,40,26,101.84713536999999,123.07280138,-59.86705922,-63.20574216,44.31732571050038,53.14184295368312
add_delay_h,keep_ge,0.7,0.8333333333333334,22,44,101.22922895000002,151.85676668,-88.0331181,-63.82364857999999,54.6821532852072,78.14384400612686
ema20_slope3,keep_ge,0.3,-0.00330309565249276,46,20,100.76983182999999,82.52454445000001,-18.24149875,-64.2830457,29.716290475985236,16.19232470146889
atr_pct_rank_30d,keep_ge,0.4,0.23472222222222222,40,26,99.50704710000002,105.03827107999997,-39.492440650000006,-65.54583043,37.823265736410356,35.05602423475698
ema20_slope3,keep_ge,0.2,-0.003509148462694456,53,13,96.52174747999999,74.12761666,-5.596486610000001,-68.53113005,26.692637973853632,4.967800596787198
distance_ema50_4h,keep_le,0.6,0.0484919573281914,40,26,95.94827535000002,109.12050337,-40.01590119,-69.10460217999999,39.29323811043037,35.52068139633403
distance_ema50_4h,keep_le,0.7,0.05845324118832462,46,20,94.38312232000001,100.23439618999998,-29.56464098,-70.66975521,36.09343684013547,26.243472260222777
atr_pct,keep_ge,0.2,0.007362546015912606,53,13,93.42727110999999,82.63229149,-11.006685069999996,-71.62560642,29.755089143216985,9.770239879014863
distance_ema50_4h,keep_le,0.8,0.06535334668745814,53,13,93.20902932000001,76.68085488,-4.837006669999999,-71.84384821,27.612034368048544,4.293637472294362
distance_ema50_4h,keep_ge,0.4,0.032918696279113854,40,26,91.62435108,120.84025761000001,-47.41173116,-73.42852645,43.513408286759045,42.085694608918594
ema50_slope3_4h,keep_ge,0.4,-0.005085436581050207,40,26,90.87716157000003,114.19161714999998,-40.01590119,-74.17571595999999,41.119297146897445,35.52068139633403
atr_pct_rank_30d,keep_le,0.8,0.6569444444444444,54,12,90.5646882,81.63733843,-7.1491491,-74.48818933000001,29.39681616712265,6.346043444835589
ema50_slope3_4h,keep_le,0.3,-0.006317972633402058,20,46,89.54276557,168.67624526999998,-93.16613330999999,-75.51011196000002,60.73868488760679,82.70023765102395
atr_pct,keep_ge,0.3,0.007905806377824004,46,20,88.65079722000002,106.18483647,-29.782756159999998,-76.40208031,38.236132846505036,26.437085288696068
ema20_slope3,keep_ge,0.4,-0.0030134348353272333,40,26,86.03447518000002,98.52449196999999,-19.506089620000004,-79.01840235,35.477716864626615,17.31485669635517
ret_6h,keep_le,0.8,-0.011018363939899856,53,13,85.57622916000003,105.25699942,-25.78035105,-79.47664836999998,37.90202769662583,22.884293710759618
ret_6h,keep_ge,0.8,-0.011018363939899856,14,52,84.75383126999999,167.17391357000002,-86.87486731000001,-80.29904626000001,60.197709769403886,77.11570628924036
ret_12h,keep_ge,0.7,-0.01700003504991382,20,46,84.51449701000001,151.3483322,-70.80995168000001,-80.53838052,54.49907094532418,62.85545641900081
ret_12h,keep_ge,0.4,-0.02330581951862387,40,26,83.51409512000001,103.38666409999999,-21.84788169,-81.53878241000001,37.228538033313725,19.393581591740478
distance_ema50_4h,keep_ge,0.8,0.06535334668745814,14,52,82.45975049,190.41133873,-107.81821169,-82.59312704000001,68.56528187259684,95.70636252770561
ret_12h,keep_le,0.4,-0.02330581951862387,27,39,81.53515780000001,174.32143178999996,-90.80371206000001,-83.51771972999998,62.77146196668627,80.6032009718613
ret_12h,keep_le,0.7,-0.01700003504991382,46,20,80.53838052,126.35976368999998,-41.845266679999995,-84.51449701000001,45.500929054675815,37.144543580999176
atr_pct,keep_le,0.3,0.007905806377824004,20,46,76.40208031,171.52325942,-82.8724622,-88.65079722000002,61.76386715349496,73.56291471130392
distance_ema50_4h,keep_le,0.4,0.032918696279113854,27,39,75.76409914,154.53226559,-65.2434872,-89.28877839,55.645574571657484,57.91430539108139
ema50_slope3_4h,keep_ge,0.3,-0.006317972633402058,46,20,75.51011196000002,109.03185062,-19.48908505,-89.54276557,39.26131511239321,17.299762348976017
atr_pct_rank_30d,keep_ge,0.8,0.6569444444444444,14,52,74.82659541000001,195.73235138,-105.50606926,-90.22628212000001,70.4813270757254,93.6539565551644
ema50_slope3_4h,keep_le,0.4,-0.005085436581050207,27,39,74.53421202999999,163.15798267000002,-72.63931717,-90.5186655,58.75161188481405,64.47931860366596
add_delay_h,keep_le,0.6,0.5833333333333334,40,26,73.89882017,138.53954599000002,-47.38548863,-91.15405736,49.886750887116904,42.06240005551749
ema20_slope3,keep_ge,0.6,-0.002249190466610318,27,39,71.11377933000001,146.72725734,-52.788159140000005,-93.93909819999999,52.835066572246625,46.85815704631687
distance_ema50_4h,keep_ge,0.7,0.05845324118832462,20,46,70.66975521,177.4736997,-83.09057738,-94.38312232000001,63.906563159864525,73.75652773977721
ret_12h,keep_le,0.6,-0.01860765329645009,40,26,69.40289429999999,151.16112305000001,-55.51113981999999,-95.64998323,54.43165874064933,49.275249409760214
ema20_slope3,keep_le,0.2,-0.003509148462694456,14,52,66.05588834,203.58047923,-104.58349003999999,-98.99698919,73.30736202614638,92.83501604496821
ema20_slope3,keep_le,0.3,-0.00330309565249276,20,46,64.2830457,195.18355143999997,-94.41371961,-100.76983182999999,70.28370952401477,83.8076752985311
atr_pct_rank_30d,keep_le,0.2,0.09722222222222222,14,52,64.24737222999998,191.04151486,-90.23600956000001,-100.80550530000002,68.79220220345015,80.0992718079358
ema50_slope3_4h,keep_ge,0.6,-0.0037108729024472042,27,39,63.76410242000001,164.0570206,-62.76824549,-101.28877510999999,59.07534675005761,55.71712203283682
close_position,keep_ge,0.6,0.17424242424242053,27,39,63.005367230000004,164.17149152999997,-62.12398123,-102.0475103,59.11656662506094,55.14523173837998
ret_24h,keep_ge,0.6,-0.014496418036241021,27,39,62.415798380000005,147.66672477000003,-45.02964562,-102.63707914999998,53.17335970950258,39.971202644251825
atr_pct_rank_30d,keep_le,0.4,0.23472222222222222,27,39,62.35927444,172.66982481000002,-69.97622172,-102.69360309000001,62.17673426358965,62.115384212726475
atr_pct_rank_30d,keep_ge,0.7,0.48958333333333337,20,46,62.25257709000001,175.40584091,-72.60554047,-102.80030044,63.161947204981075,64.44933623756546
ema20_distance,keep_le,0.2,0.011526595074098261,14,52,61.646986829999996,190.28075801,-86.87486731000001,-103.40589070000001,68.51826101798994,77.11570628924036
ema20_distance,keep_le,0.3,0.013730006508317516,20,46,61.131536010000005,177.13033568999998,-73.20899417000001,-103.92134152,63.78292110006084,64.98500046047934
atr_pct,keep_le,0.2,0.007362546015912606,14,52,57.298568640000006,195.07580439999998,-87.32149551,-107.75430889,70.24491085678302,77.51216213611713
atr_pct,keep_ge,0.4,0.008943678994440388,40,26,56.82643725,144.84188223,-36.61544195,-108.22644028,52.1561612259845,32.50221559465804
ema20_slope3,keep_le,0.4,-0.0030134348353272333,27,39,56.266058050000005,179.18360392,-70.39678444,-108.78681948,64.52228313537339,62.48870266714203
ema50_slope3_4h,keep_le,0.2,-0.007625925395709832,14,52,56.0698203,216.80126892,-107.81821169,-108.98305723000001,78.06804055358721,95.70636252770561
ema20_slope3,keep_ge,0.8,-0.001798048965289789,14,52,54.92482013000001,194.98715464,-84.85909724000001,-110.12805740000002,70.21298893541595,75.32637943927732
atr_pct,keep_ge,0.6,0.010002255701582558,27,39,54.48341025,187.79469382,-77.22522654,-110.56946727999997,67.62305334245113,68.55006600157637
ret_3h,keep_ge,0.7,-0.012709321269105511,20,46,52.524626469999994,206.1631756,-93.63492454000001,-112.52825106,74.23736601530734,83.11636682535298
ema20_slope3,keep_ge,0.7,-0.0019445337097054316,20,46,51.63511319000001,183.41358925999998,-69.99582492,-113.41776433999999,66.04545995398348,62.13278527082693
ema20_distance,keep_ge,0.6,0.019543670542037657,27,39,50.98776533,212.54622371,-98.48111151,-114.06511219999999,76.53583991810935,87.4181533209537
atr_pct_rank_30d,keep_le,0.3,0.15833333333333333,20,46,50.059111239999986,191.037172,-76.04340571,-114.99376629,68.79063838155793,67.50100600488507
ret_12h,keep_ge,0.8,-0.014558643236616264,14,52,48.341641970000005,187.54933512999997,-70.83809957000001,-116.71123556,67.53470205070585,62.880442292189606
body_ratio,keep_ge,0.2,0.6529928840519059,53,13,47.42871700000001,130.17039044,-12.546229910000003,-117.62416053,46.873098900062466,11.136838659268655
ret_12h,keep_le,0.3,-0.02619944232741994,20,46,46.914806160000005,209.05348960999999,-90.91541824000001,-118.13807136999998,75.2781401420886,80.70235854452076
ret_12h,keep_le,0.2,-0.028306354399862177,14,52,46.66640796000001,222.56402035,-104.17755077999999,-118.38646956999997,80.14315161995043,92.47467831191905
atr_pct_rank_30d,keep_ge,0.6,0.4375,28,38,46.5455342,168.0434347,-49.53609137000001,-118.50734332999998,60.51081592038351,43.971413034505794
distance_ema50_4h,keep_ge,0.6,0.0484919573281914,27,39,46.35225787999999,168.58759252000002,-49.886972869999994,-118.70061965000002,60.70676188956964,44.28287796716316
ret_6h,keep_le,0.7,-0.013509682255849309,46,20,45.20928010000001,145.62394847999997,-25.78035105,-119.84359742999997,52.43777572033102,22.884293710759618
add_profit,keep_le,0.4,0.005979344084073272,27,39,44.79991423,205.34760819999997,-85.09464489999999,-120.25296329999998,73.94368808078899,75.5354666555013
stop_distance_from_add,keep_le,0.4,0.06790010936930367,27,39,44.79991423,205.34760819999997,-85.09464489999999,-120.25296329999998,73.94368808078899,75.5354666555013
ema20_distance,keep_ge,0.4,0.014675972329430258,40,26,38.62333181,171.66192196999998,-45.23237625,-126.42954572,61.81379819693667,40.151159359041685
ret_24h,keep_ge,0.8,-0.005170863309352569,14,52,37.71897061000001,206.40683148,-79.07292456,-127.33390692,74.32510414163713,70.19020131612125
body_ratio,keep_ge,0.3,0.6864033134408032,46,20,36.966838680000016,154.95930654,-26.873267690000002,-128.08603885,55.79934788843149,23.854436644136648
add_delay_h,keep_ge,0.8,1.0,15,51,36.37018092000001,234.54968923,-105.86699261999999,-128.68269661,84.45907508685127,93.97433528706355
stop_distance_from_add,keep_le,0.3,0.06743043330490897,20,46,35.383693099999995,230.17225865,-100.50307422,-129.66918443,82.88280466305567,89.2129771555129
ret_3h,keep_ge,0.8,-0.010170990566037763,14,52,34.66059116999999,224.0272109,-93.63492454000001,-130.39228636,80.67003238851814,83.11636682535298
distance_ema50_4h,keep_le,0.3,0.027922313679998575,20,46,34.48707984000001,218.22849369,-87.66269600000001,-130.56579768999998,78.58197039255211,77.81503358314559
add_profit,keep_le,0.3,0.005576459596494388,20,46,32.940584799999996,230.20827995000002,-98.09598722000001,-132.11229272999998,82.89577558487362,87.07629229080658
body_ratio,keep_ge,0.6,0.7979797979798018,27,39,30.692870360000004,199.54485563,-65.18484846000001,-134.36000717,71.85417299070733,57.86225388307879
body_ratio,keep_ge,0.4,0.7120000000000009,40,26,30.19216184,177.18433667000002,-42.32362098,-134.86071568999998,63.802366330790235,37.569161549845845
stop_distance_from_add,keep_le,0.2,0.06703464303871015,14,52,30.024367390000005,236.86671086,-101.83820072,-135.02851013999998,85.29341217111033,90.398121101294
add_delay_h,keep_le,0.4,0.4166666666666667,34,32,29.631449380000006,186.09051026999998,-50.66908212,-135.42142815,67.0093933248926,44.97712831915369
add_delay_h,keep_le,0.3,0.3333333333333333,26,40,29.373115910000003,193.63877610999998,-57.959014489999994,-135.67976162,69.72745086506235,51.44814002737688
ret_24h,keep_ge,0.7,-0.009563581953328903,20,46,27.77559491000001,191.94761347000002,-54.67033085,-137.27728261999997,69.11847955128768,48.5288934200065
add_profit,keep_ge,0.8,0.008459026403776259,14,52,27.645227060000003,227.64528402000002,-90.23763355,-137.40765046999996,81.972865533661,80.10071336565822
add_profit,keep_le,0.2,0.0052624093301094094,14,52,27.14236888,239.74870937000003,-101.83820072,-137.91050865,86.33119196674927,90.398121101294
ret_3h,keep_le,0.6,-0.015509601181683985,40,26,25.044706160000004,162.28764974,-22.27947837,-140.00817137,58.438213412504204,19.776694497012908
distance_ema50_4h,keep_le,0.2,0.02205987428312414,14,52,21.901166870000004,230.84617916000002,-87.6944685,-143.15171065999996,83.12547692215573,77.84323689273259
ret_6h,keep_le,0.6,-0.014995313964386137,40,26,20.578960240000015,170.25426834,-25.78035105,-144.47391728999997,61.306915736240406,22.884293710759618
add_delay_h,keep_le,0.2,0.25,18,48,19.48380033000001,217.85512946999998,-72.28605227,-145.56907719999998,78.44752554721785,64.16573801224487
ret_6h,keep_le,0.4,-0.020077438110287282,27,39,18.364628960000005,230.99400580999998,-84.30575723999999,-146.68824856999998,83.17870786939412,74.83519935187846
ret_6h,keep_le,0.3,-0.021378434900013288,20,46,17.304294290000005,234.5332068,-86.78462356,-147.74858324000002,84.453139923187,77.03560014652125
ema20_distance,keep_ge,0.8,0.021756834859660915,14,52,16.24042942,257.72499027,-108.91254215999999,-148.81244810999996,92.80427689514846,96.67776046730478
ema50_slope3_4h,keep_ge,0.7,-0.002868347248336345,20,46,15.767743549999999,226.38041725,-77.09528327,-149.28513398,81.51739924055694,68.4347200177048
ema50_slope3_4h,keep_ge,0.8,-0.0019137884916086145,14,52,15.390472670000001,234.88012059000002,-85.21771573000001,-149.66240485999995,84.5780602244437,75.64471222067941
atr_pct,keep_ge,0.7,0.010802146653558758,20,46,13.828832149999998,228.44927192,-77.22522654,-151.22404538,82.26237380219862,68.55006600157637
close_position,keep_le,0.4,0.12209302325582315,27,39,13.78246567,203.16045436000002,-51.89004250000001,-151.27041186,73.15611513193758,46.06093109169665
body_ratio,keep_ge,0.7,0.815217391304347,20,46,13.50240536,227.30484691000004,-75.75437474,-151.55047217,81.85027742224533,67.24444357110914
ema20_distance,keep_ge,0.7,0.02080023152619884,20,46,11.471306260000002,255.25286338,-101.67129211,-153.58157126999998,91.91408790657134,90.24996230986842
add_profit,keep_ge,0.6,0.007032205462698698,27,39,10.121250720000006,197.10392164,-42.17229483,-154.93162680999998,70.97521626379691,37.434834749718014
stop_distance_from_add,keep_ge,0.6,0.06894860452174568,27,39,10.121250720000006,197.10392164,-42.17229483,-154.93162680999998,70.97521626379691,37.434834749718014
ret_24h,keep_le,0.4,-0.022373265363919592,27,39,9.253040569999996,232.79110211,-76.99126514999999,-155.79983696,83.82582486979724,68.3423868603826
ret_3h,keep_le,0.3,-0.02167209201580922,20,46,7.297672850000001,245.70017614,-87.94497146,-157.75520467999996,88.47425760224206,78.0655993927985
stop_distance_from_add,keep_ge,0.8,0.07090493931017892,14,52,4.987097260000006,227.64528402000002,-67.57950375,-160.06578027,81.972865533661,59.9879035643458
add_profit,keep_ge,0.7,0.007194370701752297,20,46,2.776949430000002,218.78630477999997,-56.51037668000001,-162.27592809999996,78.78283277224337,50.16223615972759
ret_24h,keep_le,0.2,-0.027950863450240226,14,52,1.7500093399999983,249.92003521,-86.61716702000001,-163.30286818999997,89.99378804894229,76.8869549772714
close_position,keep_ge,0.8,0.22253521126760628,14,52,-0.28435630000000256,240.33031475,-74.99308092,-165.33723383,86.54062244018796,66.56867033034615
atr_pct,keep_ge,0.8,0.011637648430101262,14,52,-0.5977737299999998,257.60717558,-91.95652432,-165.65065126,92.76185296450198,81.62651110057286
ret_6h,keep_le,0.2,-0.02361148376710487,14,52,-1.8725556800000007,267.69290197,-100.76746876000001,-166.92543321,96.39362551246363,89.44767071329832
ret_3h,keep_le,0.2,-0.024070159212525533,14,52,-3.889554989999995,256.98524309,-88.04281057,-168.94243251999995,92.53790108869987,78.15244766438708
ret_24h,keep_le,0.3,-0.025397629661579768,20,46,-4.719434249999999,249.24244325,-79.47013147000001,-169.77231178,89.74979373619874,70.5427876550254
stop_distance_from_add,keep_ge,0.7,0.06949200831614397,20,46,-5.680158769999991,227.24341297999996,-56.51037668000001,-170.73303629999995,81.82815565809466,50.16223615972759
close_position,keep_ge,0.7,0.19553962564715033,20,46,-6.188133859999998,238.13087722,-66.88986582999999,-171.24101138999998,85.74862625334607,59.37573669800836
body_ratio,keep_ge,0.8,0.8575248281130544,14,52,-10.710573560000007,252.88107959999996,-77.11762851,-175.76345109,91.06003150162609,68.45455508644402
close_position,keep_le,0.3,0.0863616606517245,20,46,-14.590794079999997,244.08451175,-64.44084014,-179.64367160999996,87.89247247825347,57.20182436118798
close_position,keep_le,0.2,0.056000000000000445,14,52,-18.01696899,262.94223403,-79.87238751000001,-183.06984652,94.6829559243931,70.89985592567982
ret_3h,keep_le,0.4,-0.019009975531714685,27,39,-21.416689289999994,234.6751405,-48.20557368,-186.46956681999995,84.50424887611295,42.79036016419115
