pair,open_date,add_date,add_delay_h,add_rate,add_stake,add_profit,stop_distance_from_add,candidate_profit_abs,baseline_profit_abs,delta_profit_abs,candidate_profit_ratio,baseline_profit_ratio,candidate_exit_reason,baseline_exit_reason,close_position,body_ratio,ret_1h,ret_3h,ret_6h,ret_12h,ret_24h,ema20_distance,ema20_slope3,atr_pct,atr_pct_rank_30d,ema50_slope3_4h,distance_ema50_4h
NEAR/USDT:USDT,2023-08-06 14:00:00+00:00,2023-08-07T15:00:00+00:00,25.0,1.333,72.017991,0.006706408345752696,0.06826706676669166,-6.51136694,0.24869029,-6.76005723,-0.017981992823697477,0.000857083255307107,trailing_stop_loss,trailing_stop_loss,0.2307692307692242,0.4615384615384655,-0.004480955937266606,-0.015509601181683985,-0.008184523809523947,-0.020573108008817065,-0.00965824665676085,0.010097446292501434,-0.0018417602694493773,0.007984138891865826,0.2638888888888889,-0.0014252342750201707,0.00972143419896857
NEAR/USDT:USDT,2023-08-22 18:00:00+00:00,2023-08-22T18:10:00+00:00,0.16666666666666666,1.093,60.14505749999999,0.005459508644222025,0.06770356816102477,-10.647505,-8.240418,-2.4070870000000006,-0.03523519081716591,-0.03373076183868501,trailing_stop_loss,stop_loss,0.03846153846153452,0.8846153846153965,-0.020462633451957424,-0.018716577540107027,-0.017841213202497763,-0.023070097604259154,-0.025663716814159243,0.021751420981653554,-0.0035436236481941608,0.00979628908784215,0.7861111111111111,-0.007175826939179286,0.061535141647476276
SOL/USDT:USDT,2023-08-24 15:00:00+00:00,2023-08-24T15:50:00+00:00,0.8333333333333334,21.099,51.50730078,0.0049988210327752,0.06659083368880048,-0.32086783,10.46437731,-10.785245139999999,-0.0012440105084887156,0.05021675600044371,trailing_stop_loss,partial_exit,0.26744186046511353,0.7112403100775235,-0.016900495439181484,-0.02462330025725845,-0.021972453820995885,-0.018264206778563774,0.02332754964333894,0.013455152223034802,-0.0009575371513314002,0.009399558617719874,0.48194444444444445,-0.0005283341009083564,0.0031975436395802583
NEAR/USDT:USDT,2024-01-21 16:00:00+00:00,2024-01-21T16:30:00+00:00,0.5,2.944,58.90943999999999,0.005069280162217007,0.0665760869565218,30.14653039,24.86934749,5.2771829,0.09992383929420234,0.09997022155871661,roi,roi,0.22641509433962312,0.45283018867924624,-0.007705192629815616,-0.00936454849498325,-0.011018363939899856,-0.02340916584240016,0.02243700379703162,0.0055680884330881215,0.0003975502887831883,0.010393556477283678,0.006944444444444444,-0.0072076914753517185,0.06325022322823248
LINK/USDT:USDT,2024-04-28 23:00:00+00:00,2024-04-28T23:20:00+00:00,0.3333333333333333,13.769,74.94081168,0.005345662067470913,0.06703464303871015,18.85953858,15.67525958,3.1842789999999983,0.0503739247879662,0.05164104260747185,partial_exit,partial_exit,0.2237442922374475,0.6803652968036453,-0.01070587395617717,-0.017298830202056026,-0.015763686714478364,-0.01862078731237604,-0.02125406016099418,0.018056443932747804,-0.0033309181578620173,0.008260587259216523,0.16111111111111112,-0.004134864870318333,0.030641942890981166
ETH/USDT:USDT,2024-05-10 15:00:00+00:00,2024-05-10T15:50:00+00:00,0.8333333333333334,2914.56,49.57229376,0.00550042993434967,0.06728288317962228,-1.14902405,0.11345327,-1.26247732,-0.004508782091177707,0.0005525718365744266,stale_loss_72h,trailing_stop_loss,0.13191489361701994,0.8223404255319161,-0.028162297492416277,-0.033539276257722905,-0.033462881233120356,-0.03131251114059941,-0.017197206919071006,0.027216648593788088,-0.0030369344786178587,0.00740086261452034,0.1388888888888889,-0.000675828701307446,0.004807488243117396
ADA/USDT:USDT,2024-06-02 18:00:00+00:00,2024-06-02T18:05:00+00:00,0.08333333333333333,0.441,92.65630499999999,0.007203962179198516,0.06961451247165534,-11.51426104,-8.63363304,-2.8806279999999997,-0.0247939673514953,-0.02294459589345234,trailing_stop_loss,trailing_stop_loss,0.0,0.9545454545454591,-0.00913140311804006,-0.017446996466430997,-0.018097550209666746,-0.018530774321641186,-0.011992005329780064,0.012827953188067079,-0.00195859247775676,0.006245384195485349,0.175,-0.0009736884389759393,0.009735094935750166
TAO/USDT:USDT,2024-06-10 05:00:00+00:00,2024-06-10T05:25:00+00:00,0.4166666666666667,354.78,61.407628469999985,0.004852598805082657,0.06643553751620737,0.03070673,0.02636387,0.0043428600000000005,9.973976914127425e-05,0.00010541760028104091,trailing_stop_loss,trailing_stop_loss,0.03813038130381334,0.9384993849938499,-0.02126200274348422,-0.012019164197291432,-0.013139695712309774,-0.026709226823811938,-0.011088011088011052,0.016694022537655527,-0.001458434125757524,0.011670837921713867,0.12916666666666668,-0.008627419917789592,0.06639857450497404
ADA/USDT:USDT,2024-07-07 14:00:00+00:00,2024-07-07T14:10:00+00:00,0.16666666666666666,0.3532,46.9990878,0.006469760900140559,0.06851642129105322,11.95361686,9.61804417,2.335572690000001,0.05073890667684235,0.05032197867650059,partial_exit,partial_exit,0.10309278350515487,0.8969072164948452,-0.023848684210526327,-0.02571819425444588,-0.024383561643835483,-0.030492785189218607,-0.004473022085546563,0.023125663844981142,-0.002571949249036587,0.012636899747261971,0.7763888888888889,-0.0037649686698809637,0.032918696279113854
DOGE/USDT:USDT,2024-08-03 16:00:00+00:00,2024-08-03T16:15:00+00:00,0.25,0.10972,52.25283336,0.005979344084073272,0.06790010936930367,13.34932861,11.10585013,2.2434784800000003,0.05112193222935629,0.05254538515962015,partial_exit,partial_exit,0.04687499999999926,0.8656249999999999,-0.024446209513723338,-0.02211606510969566,-0.021163552643230332,-0.018294849023090642,-0.02349823321554767,0.021467488283842612,-0.001838203680565531,0.010403473855617887,0.20694444444444443,-0.01011440758183113,0.09492156058042643
BNB/USDT:USDT,2024-08-03 16:00:00+00:00,2024-08-03T16:25:00+00:00,0.4166666666666667,527.5,73.886925,0.007058823529411765,0.06932701421800957,38.2257975,31.37897005,6.846827449999999,0.09998750306533119,0.0999930482952648,roi,roi,0.05450041288191308,0.8629232039636692,-0.019240692959823225,-0.01893331858488645,-0.014518518518518597,-0.01860765329645009,-0.04801431127012523,0.021756834859660915,-0.0032549982880678563,0.007703107550897733,0.49722222222222223,-0.006953825386371348,0.06530851647398861
NEAR/USDT:USDT,2024-08-19 00:00:00+00:00,2024-08-19T00:25:00+00:00,0.4166666666666667,3.869,46.451214,0.005654073502955486,0.0674592918066683,-11.21741455,-8.74217284,-2.4752417100000006,-0.04727853561587286,-0.04580470646209553,trailing_stop_loss,stop_loss,0.10101010101009911,0.7979797979798018,-0.019874213836478027,-0.030604628016919655,-0.021351419241396608,-0.030845771144278555,-0.02355889724310789,0.02348998878803151,-0.003509148462694456,0.011018627163391033,0.15555555555555556,-0.0019137884916086145,0.03578437010912411
BNB/USDT:USDT,2024-08-31 17:00:00+00:00,2024-09-01T01:15:00+00:00,8.25,528.88,79.37166599999999,0.006854073948885466,0.06876796248676449,24.07787972,20.19191601,3.8859637099999986,0.050263051809999584,0.05051198794461552,partial_exit,partial_exit,0.230971128608926,0.6902887139107698,-0.00491714055139536,-0.0063530734632682995,-0.004767714687939906,-0.012110823349667399,-0.01163202535185015,0.007169597826465978,-0.0012878719254246773,0.0045467159912379726,0.025,-0.002571470322964453,0.022360131506359734
ZEC/USDT:USDT,2024-09-03 14:00:00+00:00,2024-09-03T14:15:00+00:00,0.25,29.03,56.63680425,0.006502395619438663,0.06854977609369611,17.69243918,14.53491236,3.157526820000001,0.0625266860873088,0.06407389127053312,partial_exit,partial_exit,0.16393442622950485,0.6065573770491826,-0.012149848126898344,-0.018443997317236782,-0.028865295288653003,-0.021397525911066584,0.01631944444444433,0.014034598870009934,-0.0020813484705728413,0.012518912587241934,0.3972222222222222,-0.012346354396862269,0.10536059995543676
DOGE/USDT:USDT,2024-09-03 14:00:00+00:00,2024-09-03T14:15:00+00:00,0.25,0.09743,84.903960765,0.007032205462698698,0.06928050908344444,25.73111956,21.18996653,4.54115303,0.06066614044658647,0.062321304869191234,partial_exit,partial_exit,0.08620689655172652,0.7801724137930992,-0.018081918081918058,-0.010171198388721048,-0.0125577657223227,-0.015919102923508177,0.016758042826109376,0.0063721137866825294,0.0012609695207332905,0.007848494978416632,0.16944444444444445,-0.0014431588421743857,0.01110750305081781
XRP/USDT:USDT,2024-09-05 04:00:00+00:00,2024-09-05T16:00:00+00:00,12.0,0.5459,103.7728605,0.009615384615384564,0.0727239421139402,26.79419153,22.28327728,4.510914249999999,0.051687405492667635,0.05393917863050013,partial_exit,partial_exit,0.14545454545455097,0.6909090909090817,-0.006730944151355112,-0.00979325353645255,-0.00510204081632637,-0.011943539630835942,-0.027950863450240226,0.011526595074098261,-0.0018246649314602736,0.006554160125588671,0.1986111111111111,-0.0030821909297165107,0.0304726375414262
LINK/USDT:USDT,2024-10-13 15:00:00+00:00,2024-10-13T15:30:00+00:00,0.5,10.635,71.183724075,0.006631795254997173,0.0688293370944994,-13.1154013,-9.92884531,-3.1865559900000004,-0.03687287317176205,-0.035140969159513064,trailing_stop_loss,stop_loss,0.06976744186046752,0.9302325581395324,-0.014700477765527409,-0.014519389818048123,-0.022692062334821905,-0.026771939377438936,-0.03291550184867886,0.020265892687896598,-0.003613819901779891,0.007759631267650669,0.23472222222222222,-0.0006176735632484887,0.009297206321148367
TAO/USDT:USDT,2024-11-02 13:00:00+00:00,2024-11-02T13:20:00+00:00,0.3333333333333333,444.24,68.44716647999999,0.012734182278818628,0.07712047541869257,28.0781173,13.65998206,14.418135239999998,0.0820389036594326,0.050124447137281695,roi,partial_exit,0.18774966711052288,0.6364846870838853,-0.010499780797895597,-0.009261901103965853,-0.01767022827671738,-0.028306354399862177,-0.03838697995441276,0.020755985263643407,-0.00439851020606552,0.009283609768756303,0.015277777777777777,-0.010593209119619806,0.09023153022310257
NEAR/USDT:USDT,2024-12-30 14:00:00+00:00,2024-12-30T14:50:00+00:00,0.8333333333333334,5.018,50.20509,0.004957366646837271,0.06636110003985655,0.31958467,0.07569828,0.24388639,0.0011962592354702458,0.0003488424973586159,trailing_stop_loss,trailing_stop_loss,0.0434782608695633,0.8385093167701871,-0.026234567901234573,-0.023597678916827847,-0.027734976887519247,-0.03461464907248035,-0.04448230172250622,0.026759113673482608,-0.0034670932626322815,0.014687570749377434,0.2861111111111111,-0.0030080047093179463,0.026193869052976913
SUI/USDT:USDT,2025-01-26 21:00:00+00:00,2025-01-26T21:10:00+00:00,0.16666666666666666,4.0519,100.131970965,0.005107177056989313,0.06678348429132011,50.07258772,39.45668544,10.61590228,0.10000735924851031,0.1000059574594329,roi,roi,0.1876106194690145,0.6601769911504471,-0.00903987752424007,-0.015285424514633661,-0.01323621932923591,-0.017041893650870277,-0.0173971711525025,0.015276686283115537,-0.0025620543387199213,0.008943678994440388,0.009722222222222222,-0.007813969071755245,0.06535334668745814
SOL/USDT:USDT,2025-02-06 15:00:00+00:00,2025-02-06T15:35:00+00:00,0.5833333333333334,193.06,59.878524299999995,0.008723601990151849,0.07163576090334603,0.020536,0.023359,-0.0028230000000000026,6.762566547354544e-05,9.814683605495448e-05,trailing_stop_loss,trailing_stop_loss,0.021818181818182646,0.8981818181818177,-0.024636449952526118,-0.024880095923261347,-0.02934155559976137,-0.024928810511065547,-0.04220237511041314,0.025382689929597656,-0.0044178511802710485,0.013079501705385499,0.3527777777777778,-0.008564443260415278,0.0710605302911798
LINK/USDT:USDT,2025-02-06 15:00:00+00:00,2025-02-06T15:20:00+00:00,0.3333333333333333,19.007,63.51512169,0.004869109947643977,0.06650181512074495,0.19600385,0.00337674,0.19262711000000002,0.0006177408699838974,1.3599625146494615e-05,trailing_stop_loss,trailing_stop_loss,0.09217391304347981,0.8104347826086924,-0.023739023892178857,-0.029338612253185126,-0.021040237534554973,-0.0153949129852744,-0.029831058799654864,0.021547396079660577,-0.003430232554831991,0.01755552401371572,0.475,-0.011463129356598989,0.08756393979861173
DOGE/USDT:USDT,2025-02-23 16:00:00+00:00,2025-02-24T02:05:00+00:00,10.083333333333334,0.23879,97.95285195,0.006118371763922413,0.06813518154026553,24.72919929,19.91002664,4.819172649999999,0.05050432033579592,0.05196650337464662,partial_exit,partial_exit,0.25688073394495625,0.6766055045871574,-0.012138728323699444,-0.009972276244465617,-0.007549361207897731,-0.022351162505618416,-0.0230298080849326,0.013804925554732643,-0.0019326121658075346,0.008502406228729052,0.09722222222222222,-0.005150826975974576,0.0358397956252971
LINK/USDT:USDT,2025-02-24 03:00:00+00:00,2025-02-24T03:20:00+00:00,0.3333333333333333,17.116,94.69880574,0.006674017758690846,0.068882916569292,24.64857162,19.87243633,4.776135289999999,0.05206224844580138,0.05365318153590414,partial_exit,partial_exit,0.01376146788990878,0.683486238532098,-0.00861573808156224,-0.019541013406043972,-0.014390132480584628,-0.019986372927549234,-0.022373265363919592,0.018432938255316784,-0.0034751131432965154,0.010151464989240218,0.08472222222222223,-0.004278624467075498,0.029798355299062853
ETH/USDT:USDT,2025-02-26 13:00:00+00:00,2025-02-26T14:00:00+00:00,1.0,2415.74,89.42707118999998,0.005348474305501326,0.06710573157707375,0.00133426,0.00135488,-2.061999999999984e-05,2.9392463814851192e-06,3.817792511805629e-06,trailing_stop_loss,trailing_stop_loss,0.2373770491803207,0.5311475409836155,-0.006665433088673733,-0.03078472358744544,-0.02695887894887372,-0.027894698719548083,0.001662706853586382,0.021772727773603725,-0.004793239842486252,0.010972680361770232,0.4736111111111111,-0.007625925395709832,0.06582299187167157
BTC/USDT:USDT,2025-02-26 14:00:00+00:00,2025-02-26T14:10:00+00:00,0.16666666666666666,86377.2,86.4203886,0.007400495511438592,0.06948361373140138,27.93719049,19.13973606,8.797454429999998,0.05353325027509871,0.054932044507623866,partial_exit,partial_exit,0.14340344168260039,0.7171128107074626,-0.008532423208191142,-0.023221877140029434,-0.017278532469275132,-0.016958176448957363,-0.01844954447724423,0.016446356172150865,-0.0030782649518553695,0.007963117777231377,0.6902777777777778,-0.007041351531852924,0.05697016674829828
BTC/USDT:USDT,2025-03-09 10:00:00+00:00,2025-03-09T11:00:00+00:00,1.0,84816.8,84.8592084,0.0071847792243060786,0.06894860452174568,29.92253756,25.88859613,4.033941429999999,0.05006153083514837,0.050470923865654285,partial_exit,partial_exit,0.16334272707565156,0.7762844136136924,-0.008374545497059627,-0.013402521144274204,-0.013938169355326324,-0.017138745035963576,-0.014738835227767755,0.013151208413314358,-0.00248297171811096,0.004460206539514044,0.24027777777777778,-0.002571056815796058,0.021411389893875737
ZEC/USDT:USDT,2025-03-09 03:00:00+00:00,2025-03-09T03:45:00+00:00,0.75,31.75,85.67256487499999,0.005637331663012832,0.06740157480314962,-0.01407609,-0.05009739,0.0360213,-3.289163838692507e-05,-0.00015122599065562253,trailing_stop_loss,trailing_stop_loss,0.19354838709677086,0.6451612903225925,-0.006525792417650722,-0.01781874039938547,-0.023220287198288947,-0.022623051054723398,-0.02738059020383321,0.021072434764770814,-0.004962809855276862,0.00904866169176457,0.001388888888888889,-0.008638320352370443,0.07230696329555374
ETH/USDT:USDT,2025-04-05 13:00:00+00:00,2025-04-05T14:00:00+00:00,1.0,1786.12,142.9610448,0.004869460570740899,0.06647929590397063,37.72551973,29.81748256,7.908037170000004,0.05257300853935216,0.05372444675901358,partial_exit,partial_exit,0.2509529860228744,0.6931385006353143,-0.006065563735719426,-0.017130185003796816,-0.014494592805120221,-0.017870594898357517,-0.008438209545169273,0.011844565970313125,-0.002249190466610318,0.005439533676560105,0.043055555555555555,-0.00305330190344022,0.025476454761875496
SOL/USDT:USDT,2025-04-05 14:00:00+00:00,2025-04-06T13:00:00+00:00,23.0,116.38,67.5341502,0.00961620287635103,0.07277882797731568,17.55988371,13.67236128,3.8875224300000006,0.051377720510394645,0.05161426976611944,partial_exit,partial_exit,0.11721611721611976,0.7912087912087888,-0.018302968960863697,-0.027571225666304544,-0.02463755970837167,-0.03250207813798833,-0.022753988245172052,0.023315117891729627,-0.003639247043788263,0.009727148871405257,0.2111111111111111,-0.003948862619293614,0.036252037340469986
BTC/USDT:USDT,2025-04-08 15:00:00+00:00,2025-04-08T17:00:00+00:00,2.0,77393.5,77.43219675,0.011146616853572171,0.07433828422283528,0.79796767,0.05361599,0.7443516800000001,0.0017001160646273512,0.00017096678307894548,trailing_stop_loss,trailing_stop_loss,0.056692242114237,0.9091219096334137,-0.013592913586540911,-0.03083675616108994,-0.020077438110287282,-0.03571397422623246,-1.6796994113388308e-05,0.02040223084984331,-0.00416189772736375,0.009764755068947265,0.7819444444444444,-0.0037108729024472042,0.03916290154299185
ADA/USDT:USDT,2025-06-02 09:00:00+00:00,2025-06-02T09:10:00+00:00,0.16666666666666666,0.6663,109.3278366,0.00626398210290825,0.06828755815698632,-17.17305847,-12.50795032,-4.66510815,-0.03140171492949242,-0.0297658527147793,trailing_stop_loss,stop_loss,0.1747572815533989,0.6893203883495083,-0.01046271735926907,-0.010170990566037763,-0.01060851628112569,-0.007830969267139443,0.004938641125411536,0.008917881590279935,-0.0005208663617587428,0.009892564620785032,0.1125,-0.006135020136293301,0.0505706832162385
SUI/USDT:USDT,2025-06-04 11:00:00+00:00,2025-06-04T11:25:00+00:00,0.4166666666666667,3.1992,128.99222387999998,0.005100136832939412,0.06676669167291824,0.45327208,0.05845704,0.39481504,0.0007034002773819349,0.00011787887328524022,trailing_stop_loss,trailing_stop_loss,0.07329842931937569,0.7722513089005183,-0.009078878527682743,-0.0070620162210502935,-0.012694713602354968,-0.009901599015990081,-0.030093080700063224,0.013096840396891149,-0.002588876042225463,0.009729974355106332,0.011111111111111112,-0.004997778299383415,0.042963448150815486
DOGE/USDT:USDT,2025-06-04 14:00:00+00:00,2025-06-04T14:05:00+00:00,0.08333333333333333,0.19034,105.31064900999999,0.0059017078393481595,0.06782599558684448,21.92087198,0.0647323,21.856139680000002,0.0416533198853881,0.00015984658784212364,partial_exit,trailing_stop_loss,0.12209302325582315,0.4360465116278914,-0.003947641803448865,-0.0183772715638596,-0.018276762402088753,-0.01611082606464842,-0.01782421634910869,0.014428564533777503,-0.003525531943397997,0.008515108170927922,0.020833333333333332,-0.004494464747272553,0.04160659600321506
SOL/USDT:USDT,2025-06-05 14:00:00+00:00,2025-06-05T14:20:00+00:00,0.3333333333333333,148.92,99.8262882,0.00713380892059485,0.06950040290088653,0.29613546999999996,-0.04421076,0.34034622999999997,0.0005896505760026662,-0.00011454303186595663,stale_loss_72h,trailing_stop_loss,0.15670103092783336,0.7443298969072202,-0.023397894189523094,-0.01053602001843823,-0.013783145182462708,-0.0197025052192068,-0.03469099319028657,0.0196758376833699,-0.0027492857672621884,0.010353482535034552,0.3472222222222222,-0.005455498387212487,0.04605025829604289
BNB/USDT:USDT,2025-06-22 14:00:00+00:00,2025-06-22T14:25:00+00:00,0.4166666666666667,610.17,97.67601359999999,0.00786979073511005,0.07039021911926192,0.00050095,0.0026145,-0.00211355,9.818714468915344e-07,6.738632884346614e-06,trailing_stop_loss,trailing_stop_loss,0.16534914361001188,0.8069828722002601,-0.019478349432677122,-0.02036695497328933,-0.026157736684052635,-0.020429252782193985,-0.03127161813722401,0.022195038905096522,-0.0031191920390660766,0.006894193204344931,0.9083333333333333,-0.0027286897873547433,0.02205987428312414
TAO/USDT:USDT,2025-08-28 17:00:00+00:00,2025-08-28T20:00:00+00:00,3.0,325.19,106.71565116000001,0.00720500686918032,0.06962083704910971,0.16528848,0.10376367,0.061524809999999985,0.00030992441676268165,0.000255752811815225,trailing_stop_loss,trailing_stop_loss,0.020869565217392094,0.806956521739128,-0.014068279667697525,-0.00905073899131481,-0.03197189807096934,-0.03139521029429293,-0.027920602654549764,0.022553711244952018,-0.004442736426422678,0.010976338379622707,0.24305555555555555,-0.004422632157524586,0.05226265396285129
NEAR/USDT:USDT,2025-08-31 23:00:00+00:00,2025-08-31T23:20:00+00:00,0.3333333333333333,2.384,166.96344,0.007080383173677595,0.06921140939597317,-14.26863868,0.0583991,-14.327037780000001,-0.01698930900209947,9.099070157689355e-05,trailing_stop_loss,trailing_stop_loss,0.2800000000000057,0.6799999999999986,-0.006606110652353392,-0.004551096400496335,-0.010690789473684181,-0.010690789473684181,-0.009468917249896958,0.01011968826675693,-0.002210129674544592,0.007362546015912606,0.04722222222222222,-0.0031561350094941876,0.031363870424571956
SUI/USDT:USDT,2025-09-24 04:00:00+00:00,2025-09-24T04:25:00+00:00,0.4166666666666667,3.2519,76.13250722999999,0.005656800391389421,0.06752975183738731,-18.49274293,-13.75279438,-4.739948549999999,-0.04847870800129909,-0.04699583044591955,trailing_stop_loss,stop_loss,0.04415954415954862,0.8689458689458649,-0.018314249745219002,-0.01951920486183878,-0.02361148376710487,-0.030232144972166308,-0.027554262299949506,0.021187252519586374,-0.0027019117870834553,0.013085750925816889,0.8347222222222223,-0.008301292521294301,0.07415883782329331
SUI/USDT:USDT,2025-09-25 01:00:00+00:00,2025-09-25T01:55:00+00:00,0.9166666666666666,3.3176,110.86324391999999,0.005515587529975945,0.06733783457921383,29.8873863,23.53123588,6.356150419999999,0.05396506554679025,0.055274812400007624,partial_exit,partial_exit,0.28934010152284384,0.5329949238578643,-0.0062172774869110325,-0.008105700712589092,-0.012474504123680785,-0.014106536815700177,0.00011974972307871035,0.00936855112811724,-0.001798048965289789,0.009510410564081957,0.4375,-0.004558868375480918,0.042070826608502934
SOL/USDT:USDT,2025-10-20 17:00:00+00:00,2025-10-20T17:40:00+00:00,0.6666666666666666,185.78,92.93644499999999,0.007055050774986602,0.06938314134998377,-0.03863407,-0.02759,-0.01104407,-8.296933430601592e-05,-7.751329450981132e-05,trailing_stop_loss,trailing_stop_loss,0.21671018276762077,0.7728459530026163,-0.015546218487395014,-0.02537437603993342,-0.021405450558629968,-0.024258198854763102,-0.01740406793877125,0.016674676673887757,-0.0018976176028501213,0.011420797512346799,0.4736111111111111,-0.000628856829690716,0.012092528711322006
BTC/USDT:USDT,2025-11-06 13:00:00+00:00,2025-11-06T15:40:00+00:00,2.6666666666666665,101880.1,101.93104005000001,0.005247150145238794,0.06652329552091128,0.06658457,0.05696384,0.009620729999999994,9.292198299686944e-05,9.266404663365438e-05,trailing_stop_loss,trailing_stop_loss,0.05300193673338013,0.7661717236926975,-0.011493173235208598,-0.010655866396078406,-0.010450634540893233,-0.011571657910381727,-0.010464063526898326,0.00949915088642324,-0.001551253917768669,0.007708005956491739,0.6569444444444444,-0.0042936623844637145,0.034924480165741574
ETH/USDT:USDT,2025-11-06 13:00:00+00:00,2025-11-06T15:40:00+00:00,2.6666666666666665,3312.55,106.0546008,0.008459026403776259,0.07130458408174965,0.32954032,0.00075497,0.32878535,0.0006168129469836789,1.834306486096913e-06,trailing_stop_loss,trailing_stop_loss,0.132086999022482,0.753543499511241,-0.018190668653105924,-0.020560060037965178,-0.01643806467057385,-0.02704575354480343,-0.0057361548044778665,0.01719842711316576,-0.003275273147123503,0.012533519803673863,0.6569444444444444,-0.00877022345398959,0.07059100493434778
ETH/USDT:USDT,2025-11-20 16:00:00+00:00,2025-11-20T16:10:00+00:00,0.16666666666666666,2917.84,93.41756543999999,0.009972075474258837,0.07332478819948997,26.24627453,36.32183046,-10.07555593,0.055340748330353365,0.09999836122729004,partial_exit,roi,0.08651642475172248,0.8575248281130544,-0.014966226803848737,-0.024070159212525533,-0.01844813724643357,-0.027420889253183978,-0.0057376883678041946,0.019068843754679078,-0.003391464156320745,0.011740325147195273,0.5527777777777778,-0.006296686918640493,0.06527978363464806
XRP/USDT:USDT,2025-11-20 16:00:00+00:00,2025-11-20T16:10:00+00:00,0.16666666666666666,2.0571,113.19707025,0.010581501611274012,0.07418210101599342,31.13297952,43.3779709,-12.244991380000002,0.05499835508773492,0.0999912834940917,partial_exit,roi,0.07345971563980795,0.8886255924170681,-0.017623221185562143,-0.019009975531714685,-0.015953931841782176,-0.022597280825128907,-4.796393112393993e-05,0.015824156635370824,-0.0016808252761438824,0.010919170047143946,0.4375,-0.006339258348163623,0.06235879916918414
BNB/USDT:USDT,2025-11-20 17:00:00+00:00,2025-11-20T17:15:00+00:00,0.25,872.84,87.327642,0.007098330072348375,0.06941707529444104,27.68122775,21.76111275,5.920115000000003,0.06177386141378855,0.06339500092994486,partial_exit,partial_exit,0.2443342776203917,0.7110481586402319,-0.011161140367621503,-0.02122811892192278,-0.023247302048557628,-0.03524243552945827,-0.00827702702702704,0.022283443240443596,-0.00436771603806807,0.009302382169014755,0.43333333333333335,-0.00394512611710951,0.041633680365461126
ADA/USDT:USDT,2025-12-15 15:00:00+00:00,2025-12-15T15:05:00+00:00,0.08333333333333333,0.3899,98.69402235,0.004849412965798768,0.0664272890484739,0.40834488,0.04984881,0.35849607,0.0008262274616235482,0.00013025783962548713,trailing_stop_loss,trailing_stop_loss,0.19753086419752977,0.5185185185185199,-0.020968547179231245,-0.02631578947368418,-0.020479520479520397,-0.02462074110917689,-0.01753507014028055,0.02214874761804139,-0.0026358823128993514,0.011637648430101262,0.36666666666666664,-0.005085436581050207,0.03822572125293382
BNB/USDT:USDT,2025-12-17 16:00:00+00:00,2025-12-17T16:20:00+00:00,0.3333333333333333,847.15,186.4661865,0.006566989152741158,0.06874815558047573,0.5851362000000001,0.005338,0.5797982000000002,0.0006241080082697463,7.356016590511494e-06,trailing_stop_loss,trailing_stop_loss,0.046044370029297184,0.6529928840519059,-0.017935776124722635,-0.007851974028085906,-0.007644496079000973,-0.01115986154362647,-0.026109660574412663,0.011094307393365312,-0.0007304765992274254,0.009133344148622113,0.6722222222222223,-0.0025294168208311874,0.027298946045567263
ZEC/USDT:USDT,2026-01-23 08:00:00+00:00,2026-01-23T08:50:00+00:00,0.8333333333333334,355.64,103.54298561999998,0.0057868105448547515,0.06770891913170633,-22.84465352,-17.05850146,-5.786152060000003,-0.044126831677917734,-0.04261419824545005,trailing_stop_loss,trailing_stop_loss,0.2422062350119906,0.5827338129496477,-0.006737647645982392,-0.016635098410606952,-0.025754691324449186,-0.018763010846937545,-0.0028392484342379953,0.014513455717019855,-0.002601112424186147,0.011808056276693728,0.14583333333333334,-0.005523527502567016,0.056489998229891314
XRP/USDT:USDT,2026-01-22 14:00:00+00:00,2026-01-22T14:50:00+00:00,0.8333333333333334,1.9146,189.6401727,0.006022219914858184,0.06800376057662168,48.98138919,0.09206232,48.889326870000005,0.051700817406711674,0.00012561644715462208,partial_exit,trailing_stop_loss,0.18894009216589783,0.5345622119815681,-0.005977224712732543,-0.01339947834091959,-0.00909184302445043,-0.014558643236616264,0.017618821543493146,0.007582495929622663,-0.0012069039305343532,0.00652784051778402,0.3597222222222222,-0.0034696591876266503,0.028545681314429888
TAO/USDT:USDT,2026-01-29 02:00:00+00:00,2026-01-29T02:35:00+00:00,0.5833333333333334,231.32,114.5606517,0.008656895517270979,0.07158914058447174,57.28080915,44.10340662,13.177402530000002,0.10000198728882928,0.09999540956194622,roi,roi,0.0739910313901372,0.8273542600896842,-0.015533571879604247,-0.02602973637083006,-0.013207308325245748,-0.027366494759607285,-0.014496418036241021,0.014786340574453216,-0.0014605292257011682,0.014376733332518826,0.6222222222222222,-0.0012062534749656129,0.007967487468892389
BTC/USDT:USDT,2026-02-03 17:00:00+00:00,2026-02-03T17:15:00+00:00,0.25,75670.3,75.70813514999999,0.009028322531387554,0.07103579607851433,0.00072795,0.0004803,0.00024765,1.1922421739712209e-06,1.0475010531572972e-06,trailing_stop_loss,trailing_stop_loss,0.006168732990624185,0.9894163894768673,-0.020947805275942866,-0.02302824928060676,-0.02073588704512974,-0.029316697009168724,-0.027110733336047965,0.020185857384846996,-0.0036637494216482658,0.010107763831367028,0.9069444444444444,-0.006239886368372027,0.05157269853866653
NEAR/USDT:USDT,2026-02-04 14:00:00+00:00,2026-02-04T14:35:00+00:00,0.5833333333333334,1.147,113.6097765,0.008643042350907527,0.07061900610287704,0.25649881,0.35071331,-0.09421449999999998,0.0004500658955238099,0.0008009293597773774,trailing_stop_loss,trailing_stop_loss,0.12499999999999538,0.7916666666666713,-0.016115351993214677,-0.023569023569023573,-0.02602854743912686,-0.025210084033613467,-0.03893951946975982,0.020844477788754274,-0.0033787016640244305,0.01225369458128082,0.38333333333333336,-0.009268335855309728,0.07967107387171204
BNB/USDT:USDT,2026-02-09 08:00:00+00:00,2026-02-09T08:30:00+00:00,0.5,626.58,131.6475909,0.006689917564996693,0.06891378594912054,29.103239549999998,0.0068607,29.096378849999997,0.04396228989769934,1.3411786212802531e-05,partial_exit,trailing_stop_loss,0.15600624024961077,0.6068642745709837,-0.006118853619404119,-0.016407478323136937,-0.007742077326549079,-0.025689657831027946,-0.01740171684498626,0.01410607277671474,-0.0026205311343450166,0.011199538769373374,0.7902777777777777,-0.011000808975714982,0.09715393106804061
DOGE/USDT:USDT,2026-02-10 07:00:00+00:00,2026-02-11T05:00:00+00:00,22.0,0.09186,114.60669470999999,0.012258064516129055,0.07642064010450685,24.30322496,23.48959628,0.8136286800000008,0.04245078806614024,0.05349694360676969,partial_exit,partial_exit,0.20833333333333506,0.6547619047619067,-0.01183431952662728,-0.011727996556918363,-0.007885072369842261,-0.01670056739107173,-0.03721174004192873,0.013655087461902388,-0.0021145404913870403,0.010685123259973572,0.44027777777777777,-0.007666027238911077,0.05993631562835096
XRP/USDT:USDT,2026-02-22 13:00:00+00:00,2026-02-22T13:45:00+00:00,0.75,1.3988,225.59930328,0.0052624093301094094,0.06698598798970538,56.93295351,44.28075803,12.652195479999996,0.05051311978927616,0.05177373703515905,partial_exit,partial_exit,0.11377245508982003,0.8622754491017995,-0.010123734533183493,-0.00817131586362363,-0.010262898917475116,-0.0129688047669122,-0.021746682415062946,0.011509714550832089,-0.0019564552536033286,0.005255681818181815,0.05416666666666667,-0.0015989538087036737,0.012184707617360823
BNB/USDT:USDT,2026-03-22 00:00:00+00:00,2026-03-22T00:05:00+00:00,0.08333333333333333,624.48,187.437672,0.007406936452935703,0.06985011529592622,-27.65716689,-19.56499587,-8.092171019999999,-0.029127527306931435,-0.027242796982662697,trailing_stop_loss,stop_loss,0.20013477088948314,0.7998652291105168,-0.018469205014404744,-0.018759535448516496,-0.017045631764449065,-0.020756622387943735,-0.01823987538940819,0.0166646386296503,-0.0018126582290628468,0.004000426107710077,0.0625,-0.002304918687225599,0.02998691801688644
XRP/USDT:USDT,2026-03-22 00:00:00+00:00,2026-03-22T00:05:00+00:00,0.08333333333333333,1.399,178.8815961,0.005190926544834021,0.06683345246604712,-0.01169565,-0.00807104,-0.0036246100000000003,-1.308529986824926e-05,-1.1947360418840671e-05,trailing_stop_loss,trailing_stop_loss,0.22613065326632875,0.7587939698492453,-0.020997010359452117,-0.022560044425933734,-0.021269201362341117,-0.02330581951862387,-0.025131542509000293,0.020015484637009685,-0.0022804712427888507,0.005813304655716418,0.12638888888888888,-0.0016087147092800347,0.025582543925332765
SUI/USDT:USDT,2026-03-22 00:00:00+00:00,2026-03-22T00:05:00+00:00,0.08333333333333333,0.9205,126.81622642499997,0.010108613829443988,0.07354698533405755,0.04073886,0.01385857,0.02688029,6.430618129268296e-05,2.8945818672630025e-05,trailing_stop_loss,trailing_stop_loss,0.22253521126760628,0.7746478873239433,-0.028651802458845577,-0.031477249116974804,-0.02804420350291914,-0.029359708485164004,-0.036482017362546526,0.028156083658842795,-0.003244564992355703,0.006864743108441472,0.03194444444444444,-0.0035724991198250455,0.04897602339821765
BNB/USDT:USDT,2026-04-01 14:00:00+00:00,2026-04-02T02:00:00+00:00,12.0,604.51,229.82865689999997,0.008983753832030063,0.07200873434682631,58.38167553,46.22673176,12.154943770000003,0.05039848019120697,0.05253525914939208,partial_exit,partial_exit,0.15591397849462332,0.8440860215053767,-0.015343518910642895,-0.010945501546113512,-0.0158084105302575,-0.011171996401406759,-0.01831763559597266,0.014237768453642463,-0.0020515072910475274,0.007440377725893484,0.6611111111111111,-0.0013147448614133639,0.014064854805716391
NEAR/USDT:USDT,2026-04-02 02:00:00+00:00,2026-04-02T02:25:00+00:00,0.4166666666666667,1.162,115.095519,0.005136986301369868,0.06712564543889851,0.63608904,0.33380855,0.30228049,0.0011048391606196524,0.0007652792964617778,trailing_stop_loss,trailing_stop_loss,0.2,0.8,-0.025811823480433094,-0.017632241813602123,-0.025000000000000022,-0.02985074626865669,-0.009314140558848494,0.022185778262570587,-0.002986776384095724,0.012515262515262561,0.5569444444444445,-0.001319814875315517,0.01708159916491392
XRP/USDT:USDT,2026-04-02 02:00:00+00:00,2026-04-02T02:25:00+00:00,0.4166666666666667,1.3186,156.06837518999998,0.005280627640313742,0.06704080084938574,-0.27964534999999996,-0.20701679,-0.07262855999999995,-0.0003586374812923908,-0.00035032468943763296,trailing_stop_loss,trailing_stop_loss,0.17714285714285594,0.8200000000000015,-0.0211620704910781,-0.015280765521845652,-0.016593821764575245,-0.013964198172769948,-0.005170863309352569,0.014675972329430258,-0.001128461407677972,0.0088081786386871,0.5388888888888889,-0.0004635803773253011,0.006638231322105193
XRP/USDT:USDT,2026-05-22 07:00:00+00:00,2026-05-22T15:00:00+00:00,8.0,1.3511,235.884833475,0.005154259627420747,0.06683443120420401,-0.20187107,-0.17372318,-0.02814789000000001,-0.00017130886693626047,-0.00019651127149765242,trailing_stop_loss,trailing_stop_loss,0.17424242424242053,0.8257575757575795,-0.007930097657684265,-0.0071281599059377365,-0.007857247760317154,-0.015520256484989892,-0.00383396003833969,0.009632127371411229,-0.0013700053839597048,0.00582594076783993,0.4777777777777778,-0.0024078925960144826,0.022226639781904346
XRP/USDT:USDT,2026-06-03 20:00:00+00:00,2026-06-03T20:50:00+00:00,0.8333333333333334,1.1942,133.10039694,0.006075738660008393,0.06799531066822992,27.22216222,0.01860335,27.203558870000002,0.04094045553802978,3.7299276375395046e-05,partial_exit,trailing_stop_loss,0.1284916201117299,0.8100558659217841,-0.011987847934969986,-0.015383356517469915,-0.02226375233606881,-0.031627233220666295,-0.014334862385321112,0.019543670542037657,-0.003952026855356228,0.010002255701582558,0.9069444444444444,-0.0072280425103721235,0.0708326120717968
BTC/USDT:USDT,2026-06-09 14:00:00+00:00,2026-06-09T14:20:00+00:00,0.3333333333333333,61804.1,247.34000819999997,0.005666360449383318,0.06755053467326604,0.73188892,0.00685663,0.72503229,0.000589042925889589,7.347445478377715e-06,trailing_stop_loss,trailing_stop_loss,0.20145098700860814,0.6195377087902799,-0.005864727941787051,-0.008057370517928208,-0.014665003450961556,-0.007786982588083746,-0.023166762397089702,0.010524744698138196,-0.0022735292753044423,0.007004187181038422,0.7388888888888889,-0.003826617088113604,0.03344665297129615
DOGE/USDT:USDT,2026-06-09 16:00:00+00:00,2026-06-09T16:40:00+00:00,0.6666666666666666,0.08321,163.33964901000002,0.0082240762812872,0.07090493931017892,-22.659625809999998,0.09271849,-22.752344299999997,-0.027763783415281993,0.000152850006830959,trailing_stop_loss,trailing_stop_loss,0.056000000000000445,0.7120000000000009,-0.010357815442561091,-0.020046620046620056,-0.014995313964386137,-0.013955670223994354,-0.03278499942482449,0.017630774526669033,-0.0030134348353272333,0.00966766344977576,0.5277777777777778,-0.0044422240867786345,0.0484919573281914
