pair,stake_amount,max_stake_amount,amount,open_date,close_date,open_rate,close_rate,fee_open,fee_close,trade_duration,profit_ratio,profit_abs,exit_reason,initial_stop_loss_abs,initial_stop_loss_ratio,stop_loss_abs,stop_loss_ratio,min_rate,max_rate,is_open,enter_tag,leverage,is_short,open_timestamp,close_timestamp,orders,funding_fees,weekday,entry_year,market_state_date,breadth_up_count,breadth_available_count,breadth_ratio_fixed13,breadth_rule_pass,breadth_state
BNB/USDT:USDT,345.5625,345.5625,0.97,2021-08-08 00:00:00+00:00,2021-08-08 02:15:00+00:00,356.25,349.13,0.0005,0.0005,135,-0.020965489185231945,-7.2485093,stop_loss,334.88,-0.06,349.13,-0.020000000000000018,348.5,358.73,False,long_1d_center_compression,1.0,False,1628380800000,1628388900000,"[{'amount': 0.97, 'safe_price': 356.25, 'ft_order_side': 'buy', 'order_filled_timestamp': 1628380800000, 'ft_is_entry': True, 'ft_order_tag': 'long_1d_center_compression', 'cost': 345.73528124999996}, {'amount': 0.97, 'safe_price': 349.13, 'ft_order_side': 'sell', 'order_filled_timestamp': 1628388900000, 'ft_is_entry': False, 'ft_order_tag': 'stop_loss', 'cost': 338.82542804999997}]",0.0,6,2021,2021-08-07 20:00:00+00:00,9,10,0.6923076923076923,True,pass
ZEC/USDT:USDT,343.9072,343.9072,2.08,2021-08-24 00:00:00+00:00,2021-08-24 04:10:00+00:00,165.34,165.51,0.0005,0.0005,250,-0.0003218054010000332,-0.11072653,trailing_stop_loss,155.42,-0.06,165.51,-0.02872453051643198,164.17,171.3,False,long_1d_center_compression,1.0,False,1629763200000,1629778200000,"[{'amount': 2.08, 'safe_price': 165.34, 'ft_order_side': 'buy', 'order_filled_timestamp': 1629763200000, 'ft_is_entry': True, 'ft_order_tag': 'long_1d_center_compression', 'cost': 344.07915360000004}, {'amount': 2.08, 'safe_price': 165.51, 'ft_order_side': 'sell', 'order_filled_timestamp': 1629778200000, 'ft_is_entry': False, 'ft_order_tag': 'trailing_stop_loss', 'cost': 344.4329304}]",-0.12024252656000001,1,2021,2021-08-23 20:00:00+00:00,10,10,0.7692307692307693,True,pass
ZEC/USDT:USDT,343.96957,343.96957,1.987,2021-09-06 00:00:00+00:00,2021-09-06 11:40:00+00:00,173.11,169.61,0.0005,0.0005,700,-0.02293457244630319,-7.89273942,stop_loss,162.73,-0.06,169.61,-0.02022646408781814,168.35,176.38,False,long_1d_center_compression,1.0,False,1630886400000,1630928400000,"[{'amount': 1.987, 'safe_price': 173.11, 'ft_order_side': 'buy', 'order_filled_timestamp': 1630886400000, 'ft_is_entry': True, 'ft_order_tag': 'long_1d_center_compression', 'cost': 344.14155478500004}, {'amount': 1.987, 'safe_price': 169.61, 'ft_order_side': 'sell', 'order_filled_timestamp': 1630928400000, 'ft_is_entry': False, 'ft_order_tag': 'stop_loss', 'cost': 337.18357753500004}]",-0.5977470986153948,0,2021,2021-09-05 20:00:00+00:00,10,10,0.7692307692307693,True,pass
XRP/USDT:USDT,341.25324,341.25324,245.4,2021-09-07 00:00:00+00:00,2021-09-07 06:50:00+00:00,1.3906,1.3628,0.0005,0.0005,410,-0.021376528367078335,-7.29845697,stop_loss,1.3072,-0.06,1.3628,-0.020000027355214445,1.3588,1.3937,False,long_1d_center_compression,1.0,False,1630972800000,1630997400000,"[{'amount': 245.4, 'safe_price': 1.3906, 'ft_order_side': 'buy', 'order_filled_timestamp': 1630972800000, 'ft_is_entry': True, 'ft_order_tag': 'long_1d_center_compression', 'cost': 341.42386662}, {'amount': 245.4, 'safe_price': 1.3628, 'ft_order_side': 'sell', 'order_filled_timestamp': 1630997400000, 'ft_is_entry': False, 'ft_order_tag': 'stop_loss', 'cost': 334.59833556}]",-0.1384947879837291,1,2021,2021-09-06 20:00:00+00:00,9,10,0.6923076923076923,True,pass
BTC/USDT:USDT,338.0348,338.0348,0.005,2021-11-09 00:00:00+00:00,2021-11-10 13:30:00+00:00,67606.96,66254.83,0.0005,0.0005,2250,-0.023474436158153193,-7.93914392,stop_loss,63550.55,-0.06,66254.83,-0.02000000721079609,65850.0,68675.16,False,long_1d_center_compression,1.0,False,1636416000000,1636551000000,"[{'amount': 0.005, 'safe_price': 67606.96, 'ft_order_side': 'buy', 'order_filled_timestamp': 1636416000000, 'ft_is_entry': True, 'ft_order_tag': 'long_1d_center_compression', 'cost': 338.2038174}, {'amount': 0.005, 'safe_price': 66254.83, 'ft_order_side': 'sell', 'order_filled_timestamp': 1636551000000, 'ft_is_entry': False, 'ft_order_tag': 'stop_loss', 'cost': 331.439787075}]",-0.8438394482191126,2,2021,2021-11-08 20:00:00+00:00,8,10,0.6153846153846154,True,pass
ZEC/USDT:USDT,338.15704,338.15704,1.688,2021-11-10 00:00:00+00:00,2021-11-10 00:00:00+00:00,200.33,198.83,0.0005,0.0005,0,-0.0088177473351755,-2.98327423,trailing_stop_loss,188.32,-0.06,200.54,-0.02418330900243315,198.83,205.5,False,long_1d_center_compression,1.0,False,1636502400000,1636502400000,"[{'amount': 1.688, 'safe_price': 200.33, 'ft_order_side': 'buy', 'order_filled_timestamp': 1636502400000, 'ft_is_entry': True, 'ft_order_tag': 'long_1d_center_compression', 'cost': 338.32611851999997}, {'amount': 1.688, 'safe_price': 198.83, 'ft_order_side': 'sell', 'order_filled_timestamp': 1636502400000, 'ft_is_entry': False, 'ft_order_tag': 'trailing_stop_loss', 'cost': 335.79285252}]",-0.11438318604855784,2,2021,2021-11-09 20:00:00+00:00,9,10,0.6923076923076923,True,pass
BTC/USDT:USDT,389.3232,389.3232,0.016,2023-02-16 00:00:00+00:00,2023-02-16 14:35:00+00:00,24332.7,24357.1,0.0005,0.0005,875,-0.00019884805713874865,-0.07745487,trailing_stop_loss,22872.8,-0.06,24357.1,-0.020350211157141196,24287.0,24934.1,False,long_1d_center_compression,1.0,False,1676505600000,1676558100000,"[{'amount': 0.016, 'safe_price': 24332.7, 'ft_order_side': 'buy', 'order_filled_timestamp': 1676505600000, 'ft_is_entry': True, 'ft_order_tag': 'long_1d_center_compression', 'cost': 389.5178616}, {'amount': 0.016, 'safe_price': 24357.1, 'ft_order_side': 'sell', 'order_filled_timestamp': 1676558100000, 'ft_is_entry': False, 'ft_order_tag': 'trailing_stop_loss', 'cost': 389.90845679999995}]",-0.07833646772059201,3,2023,2023-02-15 20:00:00+00:00,6,10,0.46153846153846156,False,reject
ETH/USDT:USDT,414.4308,414.4308,0.206,2023-04-14 00:00:00+00:00,2023-04-19 08:10:00+00:00,2011.8,2013.82,0.0005,0.0005,7690,-0.001759254368648032,-0.72945374,trailing_stop_loss,1891.1,-0.06,2013.82,-0.05778648026500499,2009.0,2146.1,False,long_1d_center_compression,1.0,False,1681430400000,1681891800000,"[{'amount': 0.206, 'safe_price': 2011.8, 'ft_order_side': 'buy', 'order_filled_timestamp': 1681430400000, 'ft_is_entry': True, 'ft_order_tag': 'long_1d_center_compression', 'cost': 414.6380154}, {'amount': 0.206, 'safe_price': 2013.82, 'ft_order_side': 'sell', 'order_filled_timestamp': 1681891800000, 'ft_is_entry': False, 'ft_order_tag': 'trailing_stop_loss', 'cost': 415.0543434599999}]",-0.730934878955058,2,2023,2023-04-13 20:00:00+00:00,10,10,0.7692307692307693,True,pass
BTC/USDT:USDT,396.888,396.888,0.012,2023-10-24 00:00:00+00:00,2023-11-09 02:20:00+00:00,33074.0,36587.2,0.0005,0.0005,23180,0.09999962741110346,39.70849645,roi,31089.6,-0.06,33107.1,-0.02180310237849037,32833.5,36888.0,False,long_1d_center_compression,1.0,False,1698105600000,1699496400000,"[{'amount': 0.012, 'safe_price': 33074.0, 'ft_order_side': 'buy', 'order_filled_timestamp': 1698105600000, 'ft_is_entry': True, 'ft_order_tag': 'long_1d_center_compression', 'cost': 397.08644400000003}, {'amount': 0.012, 'safe_price': 36587.2, 'ft_order_side': 'sell', 'order_filled_timestamp': 1699496400000, 'ft_is_entry': False, 'ft_order_tag': 'roi', 'cost': 439.2659231999999}]",-2.031936354435504,3,2023,2023-10-23 20:00:00+00:00,7,11,0.5384615384615384,True,pass
ADA/USDT:USDT,419.9667,419.9667,1299.0,2023-11-03 00:00:00+00:00,2023-11-03 01:15:00+00:00,0.3233,0.3169,0.0005,0.0005,75,-0.020875481261994688,-8.77139048,stop_loss,0.304,-0.06,0.3169,-0.01999999154583787,0.3141,0.3271,False,long_1d_center_compression,1.0,False,1698969600000,1698974100000,"[{'amount': 1299.0, 'safe_price': 0.3233, 'ft_order_side': 'buy', 'order_filled_timestamp': 1698969600000, 'ft_is_entry': True, 'ft_order_tag': 'long_1d_center_compression', 'cost': 420.1766833499999}, {'amount': 1299.0, 'safe_price': 0.3169, 'ft_order_side': 'sell', 'order_filled_timestamp': 1698974100000, 'ft_is_entry': False, 'ft_order_tag': 'stop_loss', 'cost': 411.85892655}]",-0.041980580586,4,2023,2023-11-02 20:00:00+00:00,10,11,0.7692307692307693,True,pass
DOGE/USDT:USDT,417.15494,417.15494,5458.0,2023-11-07 00:00:00+00:00,2023-11-07 00:30:00+00:00,0.07643,0.07491,0.0005,0.0005,30,-0.02096705146402503,-8.75088235,stop_loss,0.07185,-0.06,0.07491,-0.019999973876585808,0.07453,0.07654,False,long_1d_center_compression,1.0,False,1699315200000,1699317000000,"[{'amount': 5458.0, 'safe_price': 0.07643, 'ft_order_side': 'buy', 'order_filled_timestamp': 1699315200000, 'ft_is_entry': True, 'ft_order_tag': 'long_1d_center_compression', 'cost': 417.36351747}, {'amount': 5458.0, 'safe_price': 0.07491, 'ft_order_side': 'sell', 'order_filled_timestamp': 1699317000000, 'ft_is_entry': False, 'ft_order_tag': 'stop_loss', 'cost': 409.06320939}]",-0.041715494,1,2023,2023-11-06 20:00:00+00:00,11,11,0.8461538461538461,True,pass
ETH/USDT:USDT,426.70692,426.70692,0.201,2023-11-10 00:00:00+00:00,2023-11-10 12:10:00+00:00,2122.92,2080.47,0.0005,0.0005,730,-0.02166121045283751,-9.24760989,stop_loss,1995.55,-0.06,2080.47,-0.019999967063349056,2075.5,2139.6,False,long_1d_center_compression,1.0,False,1699574400000,1699618200000,"[{'amount': 0.201, 'safe_price': 2122.92, 'ft_order_side': 'buy', 'order_filled_timestamp': 1699574400000, 'ft_is_entry': True, 'ft_order_tag': 'long_1d_center_compression', 'cost': 426.92027346}, {'amount': 0.201, 'safe_price': 2080.47, 'ft_order_side': 'sell', 'order_filled_timestamp': 1699618200000, 'ft_is_entry': False, 'ft_order_tag': 'stop_loss', 'cost': 418.38355723499996}]",-0.2927191953458704,4,2023,2023-11-09 20:00:00+00:00,8,11,0.6153846153846154,True,pass
BTC/USDT:USDT,403.9156,403.9156,0.011,2023-11-10 00:00:00+00:00,2023-11-11 22:10:00+00:00,36719.6,36756.4,0.0005,0.0005,2770,-0.0007320074178672571,-0.29581705,trailing_stop_loss,34516.5,-0.06,36756.4,-0.021657716262975857,36350.0,37570.0,False,long_1d_center_compression,1.0,False,1699574400000,1699740600000,"[{'amount': 0.011, 'safe_price': 36719.6, 'ft_order_side': 'buy', 'order_filled_timestamp': 1699574400000, 'ft_is_entry': True, 'ft_order_tag': 'long_1d_center_compression', 'cost': 404.1175578}, {'amount': 0.011, 'safe_price': 36756.4, 'ft_order_side': 'sell', 'order_filled_timestamp': 1699740600000, 'ft_is_entry': False, 'ft_order_tag': 'trailing_stop_loss', 'cost': 404.5225602}]",-0.2964990545920206,5,2023,2023-11-09 20:00:00+00:00,8,11,0.6153846153846154,True,pass
NEAR/USDT:USDT,424.321,424.321,211.0,2023-12-03 00:00:00+00:00,2023-12-03 04:45:00+00:00,2.011,1.971,0.0005,0.0005,285,-0.02097012581894648,-8.90251379,stop_loss,1.891,-0.06,1.971,-0.019999992545121748,1.966,2.014,False,long_1d_center_compression,1.0,False,1701561600000,1701578700000,"[{'amount': 211.0, 'safe_price': 2.011, 'ft_order_side': 'buy', 'order_filled_timestamp': 1701561600000, 'ft_is_entry': True, 'ft_order_tag': 'long_1d_center_compression', 'cost': 424.5331605}, {'amount': 211.0, 'safe_price': 1.971, 'ft_order_side': 'sell', 'order_filled_timestamp': 1701578700000, 'ft_is_entry': False, 'ft_order_tag': 'stop_loss', 'cost': 416.0889405}]",-0.042412785271,6,2023,2023-12-02 20:00:00+00:00,10,11,0.7692307692307693,True,pass
ETH/USDT:USDT,419.56629,419.56629,0.187,2023-12-05 00:00:00+00:00,2023-12-05 07:40:00+00:00,2243.67,2198.79,0.0005,0.0005,460,-0.021082396201612598,-8.84988549,stop_loss,2109.05,-0.06,2198.79,-0.020004338768903174,2186.0,2253.6,False,long_1d_center_compression,1.0,False,1701734400000,1701762000000,"[{'amount': 0.187, 'safe_price': 2243.67, 'ft_order_side': 'buy', 'order_filled_timestamp': 1701734400000, 'ft_is_entry': True, 'ft_order_tag': 'long_1d_center_compression', 'cost': 419.776073145}, {'amount': 0.187, 'safe_price': 2198.79, 'ft_order_side': 'sell', 'order_filled_timestamp': 1701762000000, 'ft_is_entry': False, 'ft_order_tag': 'stop_loss', 'cost': 411.37931686499996}]",-0.041955478808254,1,2023,2023-12-04 20:00:00+00:00,9,11,0.6923076923076923,True,pass
BTC/USDT:USDT,383.6844,383.6844,0.009,2023-12-16 16:00:00+00:00,2023-12-16 20:00:00+00:00,42631.6,42367.9,0.0005,0.0005,240,-0.00727877952015651,-2.79415053,structure_exit_long_1d,40073.8,-0.06,42070.7,-0.013157933317069936,42340.0,42756.7,False,long_pullback_restart_1h_body,1.0,False,1702742400000,1702756800000,"[{'amount': 0.009, 'safe_price': 42631.6, 'ft_order_side': 'buy', 'order_filled_timestamp': 1702742400000, 'ft_is_entry': True, 'ft_order_tag': 'long_pullback_restart_1h_body', 'cost': 383.8762422}, {'amount': 0.009, 'safe_price': 42367.9, 'ft_order_side': 'sell', 'order_filled_timestamp': 1702756800000, 'ft_is_entry': False, 'ft_order_tag': 'structure_exit_long_1d', 'cost': 381.50175555}]",-0.038352779999999996,5,2023,2023-12-16 12:00:00+00:00,4,11,0.3076923076923077,False,reject
BNB/USDT:USDT,283.824,283.824,1.08,2023-12-21 09:00:00+00:00,2023-12-24 22:10:00+00:00,262.8,263.07,0.0005,0.0005,5110,0.0035064287575474903,0.99570624,trailing_stop_loss,247.04,-0.06,263.07,-0.021088825214899853,262.72,276.03,False,long_pullback_restart_1h_body,1.0,False,1703149200000,1703455800000,"[{'amount': 1.08, 'safe_price': 262.8, 'ft_order_side': 'buy', 'order_filled_timestamp': 1703149200000, 'ft_is_entry': True, 'ft_order_tag': 'long_pullback_restart_1h_body', 'cost': 283.965912}, {'amount': 1.08, 'safe_price': 263.07, 'ft_order_side': 'sell', 'order_filled_timestamp': 1703455800000, 'ft_is_entry': False, 'ft_order_tag': 'trailing_stop_loss', 'cost': 284.2576578}]",0.9880760421597982,6,2023,2023-12-21 08:00:00+00:00,6,11,0.46153846153846156,False,reject
BTC/USDT:USDT,404.8173,404.8173,0.009,2024-01-03 00:00:00+00:00,2024-01-03 11:50:00+00:00,44979.7,44080.3,0.0005,0.0005,710,-0.02135800185831278,-8.65041169,stop_loss,42281.0,-0.06,44080.3,-0.01999784069257904,44020.3,45582.3,False,long_1d_center_compression,1.0,False,1704240000000,1704282600000,"[{'amount': 0.009, 'safe_price': 44979.7, 'ft_order_side': 'buy', 'order_filled_timestamp': 1704240000000, 'ft_is_entry': True, 'ft_order_tag': 'long_1d_center_compression', 'cost': 405.0197086499999}, {'amount': 0.009, 'safe_price': 44080.3, 'ft_order_side': 'sell', 'order_filled_timestamp': 1704282600000, 'ft_is_entry': False, 'ft_order_tag': 'stop_loss', 'cost': 396.92106134999995}]",-0.15504169115077812,2,2024,2024-01-02 20:00:00+00:00,8,11,0.6153846153846154,True,pass
BNB/USDT:USDT,444.8912,444.8912,1.46,2024-02-07 17:00:00+00:00,2024-02-14 09:45:00+00:00,304.72,331.79,0.0005,0.0005,9645,0.10000015571304247,44.51143387,roi,286.44,-0.06,305.03,-0.03166755555555556,304.71,331.85,False,long_pullback_restart_1h_body,1.0,False,1707325200000,1707903900000,"[{'amount': 1.46, 'safe_price': 304.72, 'ft_order_side': 'buy', 'order_filled_timestamp': 1707325200000, 'ft_is_entry': True, 'ft_order_tag': 'long_pullback_restart_1h_body', 'cost': 445.1136456}, {'amount': 1.46, 'safe_price': 331.79, 'ft_order_side': 'sell', 'order_filled_timestamp': 1707903900000, 'ft_is_entry': False, 'ft_order_tag': 'roi', 'cost': 484.6556067}]",5.453886171768655,2,2024,2024-02-07 16:00:00+00:00,4,11,0.3076923076923077,False,reject
BTC/USDT:USDT,443.263,443.263,0.01,2024-02-08 00:00:00+00:00,2024-02-12 15:00:00+00:00,44326.3,48864.2,0.0005,0.0005,6660,0.09999958456283056,44.34827891,roi,41666.8,-0.06,44370.7,-0.023619701170671692,44306.8,48899.0,False,long_1d_center_compression,1.0,False,1707350400000,1707750000000,"[{'amount': 0.01, 'safe_price': 44326.3, 'ft_order_side': 'buy', 'order_filled_timestamp': 1707350400000, 'ft_is_entry': True, 'ft_order_tag': 'long_1d_center_compression', 'cost': 443.48463150000003}, {'amount': 0.01, 'safe_price': 48864.2, 'ft_order_side': 'sell', 'order_filled_timestamp': 1707750000000, 'ft_is_entry': False, 'ft_order_tag': 'roi', 'cost': 488.88632099999995}]",-0.5647685870303031,0,2024,2024-02-07 20:00:00+00:00,4,11,0.3076923076923077,False,reject
SOL/USDT:USDT,388.36476,388.36476,3.78,2024-02-09 00:00:00+00:00,2024-02-13 00:05:00+00:00,102.742,113.259,0.0005,0.0005,5765,0.1000007231386782,38.85617522,roi,96.578,-0.06,102.845,-0.02293635698610097,102.728,113.333,False,long_1d_center_compression,1.0,False,1707436800000,1707782700000,"[{'amount': 3.78, 'safe_price': 102.742, 'ft_order_side': 'buy', 'order_filled_timestamp': 1707436800000, 'ft_is_entry': True, 'ft_order_tag': 'long_1d_center_compression', 'cost': 388.55894237999996}, {'amount': 3.78, 'safe_price': 113.259, 'ft_order_side': 'sell', 'order_filled_timestamp': 1707782700000, 'ft_is_entry': False, 'ft_order_tag': 'roi', 'cost': 428.33307950999995}]",-0.48984289469262,1,2024,2024-02-08 20:00:00+00:00,6,11,0.46153846153846156,False,reject
BTC/USDT:USDT,490.6053,490.6053,0.009,2024-02-27 00:00:00+00:00,2024-02-28 13:20:00+00:00,54511.7,60123.8,0.0005,0.0005,2240,0.09999917560455704,49.08465561,roi,51241.0,-0.06,54566.3,-0.021214558493530933,54495.0,60487.0,False,long_1d_center_compression,1.0,False,1708992000000,1709126400000,"[{'amount': 0.009, 'safe_price': 54511.7, 'ft_order_side': 'buy', 'order_filled_timestamp': 1708992000000, 'ft_is_entry': True, 'ft_order_tag': 'long_1d_center_compression', 'cost': 490.8506026499999}, {'amount': 0.009, 'safe_price': 60123.8, 'ft_order_side': 'sell', 'order_filled_timestamp': 1709126400000, 'ft_is_entry': False, 'ft_order_tag': 'roi', 'cost': 541.3847571}]",-0.9083846357721397,2,2024,2024-02-26 20:00:00+00:00,9,11,0.6923076923076923,True,pass
NEAR/USDT:USDT,507.28,507.28,68.0,2024-03-26 00:00:00+00:00,2024-03-27 08:55:00+00:00,7.46,7.468,0.0005,0.0005,1975,-0.0021494230017935364,-1.09090448,trailing_stop_loss,7.013,-0.06,7.468,-0.025263020493408228,7.428,8.11,False,long_1d_center_compression,1.0,False,1711411200000,1711529700000,"[{'amount': 68.0, 'safe_price': 7.46, 'ft_order_side': 'buy', 'order_filled_timestamp': 1711411200000, 'ft_is_entry': True, 'ft_order_tag': 'long_1d_center_compression', 'cost': 507.53363999999993}, {'amount': 68.0, 'safe_price': 7.468, 'ft_order_side': 'sell', 'order_filled_timestamp': 1711529700000, 'ft_is_entry': False, 'ft_order_tag': 'trailing_stop_loss', 'cost': 508.07791199999997}]",-1.1273524815276357,2,2024,2024-03-25 20:00:00+00:00,9,11,0.6923076923076923,True,pass
SUI/USDT:USDT,507.60654,507.60654,244.3,2024-03-28 00:00:00+00:00,2024-03-28 00:00:00+00:00,2.0778,2.0769,0.0005,0.0005,0,-0.001942550531998344,-0.98654438,trailing_stop_loss,1.9532,-0.06,2.0799,-0.040469736113674326,2.0769,2.1676,False,long_1d_center_compression,1.0,False,1711584000000,1711584000000,"[{'amount': 244.3, 'safe_price': 2.0778, 'ft_order_side': 'buy', 'order_filled_timestamp': 1711584000000, 'ft_is_entry': True, 'ft_order_tag': 'long_1d_center_compression', 'cost': 507.86034327}, {'amount': 244.3, 'safe_price': 2.0769, 'ft_order_side': 'sell', 'order_filled_timestamp': 1711584000000, 'ft_is_entry': False, 'ft_order_tag': 'trailing_stop_loss', 'cost': 507.6403633350001}]",-0.2591777713028,3,2024,2024-03-27 20:00:00+00:00,6,11,0.46153846153846156,False,reject
BTC/USDT:USDT,501.7481,501.7481,0.007,2024-04-09 00:00:00+00:00,2024-04-09 07:45:00+00:00,71678.3,70244.9,0.0005,0.0005,465,-0.02118623433469545,-10.6354679,stop_loss,67377.7,-0.06,70244.9,-0.019998686841066315,70160.0,71820.6,False,long_1d_center_compression,1.0,False,1712620800000,1712648700000,"[{'amount': 0.007, 'safe_price': 71678.3, 'ft_order_side': 'buy', 'order_filled_timestamp': 1712620800000, 'ft_is_entry': True, 'ft_order_tag': 'long_1d_center_compression', 'cost': 501.99897405}, {'amount': 0.007, 'safe_price': 70244.9, 'ft_order_side': 'sell', 'order_filled_timestamp': 1712648700000, 'ft_is_entry': False, 'ft_order_tag': 'stop_loss', 'cost': 491.96015714999993}]",-0.10493669641385187,1,2024,2024-04-08 20:00:00+00:00,4,11,0.3076923076923077,False,reject
BNB/USDT:USDT,495.2194,495.2194,0.79,2024-06-04 00:00:00+00:00,2024-06-05 00:15:00+00:00,626.86,690.63,0.0005,0.0005,1455,0.09999536903576811,49.54440648,roi,589.25,-0.06,627.49,-0.020760529970817232,625.18,691.11,False,long_1d_center_compression,1.0,False,1717459200000,1717546500000,"[{'amount': 0.79, 'safe_price': 626.86, 'ft_order_side': 'buy', 'order_filled_timestamp': 1717459200000, 'ft_is_entry': True, 'ft_order_tag': 'long_1d_center_compression', 'cost': 495.4670097}, {'amount': 0.79, 'safe_price': 690.63, 'ft_order_side': 'sell', 'order_filled_timestamp': 1717546500000, 'ft_is_entry': False, 'ft_order_tag': 'roi', 'cost': 545.87049885}]",-0.31348497218863214,2,2024,2024-06-03 20:00:00+00:00,3,12,0.23076923076923078,False,reject
SOL/USDT:USDT,512.31765,512.31765,2.95,2024-06-06 00:00:00+00:00,2024-06-06 19:30:00+00:00,173.667,170.195,0.0005,0.0005,1170,-0.021541771662722253,-11.04174795,stop_loss,163.247,-0.06,170.195,-0.019994350606152844,169.5,174.49,False,long_1d_center_compression,1.0,False,1717632000000,1717702200000,"[{'amount': 2.95, 'safe_price': 173.667, 'ft_order_side': 'buy', 'order_filled_timestamp': 1717632000000, 'ft_is_entry': True, 'ft_order_tag': 'long_1d_center_compression', 'cost': 512.573808825}, {'amount': 2.95, 'safe_price': 170.195, 'ft_order_side': 'sell', 'order_filled_timestamp': 1717702200000, 'ft_is_entry': False, 'ft_order_tag': 'stop_loss', 'cost': 502.32628762499996}]",-0.292151502433162,3,2024,2024-06-05 20:00:00+00:00,7,12,0.5384615384615384,True,pass
XRP/USDT:USDT,584.11966,584.11966,951.8,2024-09-29 00:00:00+00:00,2024-09-30 23:00:00+00:00,0.6137,0.6144,0.0005,0.0005,2820,-0.0004797904807274645,-0.28039518,trailing_stop_loss,0.5769,-0.06,0.6144,-0.024589234677675598,0.6075,0.6661,False,long_1d_center_compression,1.0,False,1727568000000,1727737200000,"[{'amount': 951.8, 'safe_price': 0.6137, 'ft_order_side': 'buy', 'order_filled_timestamp': 1727568000000, 'ft_is_entry': True, 'ft_order_tag': 'long_1d_center_compression', 'cost': 584.4117198299999}, {'amount': 951.8, 'safe_price': 0.6144, 'ft_order_side': 'sell', 'order_filled_timestamp': 1727737200000, 'ft_is_entry': False, 'ft_order_tag': 'trailing_stop_loss', 'cost': 585.0783129599998}]",-0.3622023912074,0,2024,2024-09-28 20:00:00+00:00,11,12,0.8461538461538461,True,pass
SOL/USDT:USDT,570.9022,570.9022,3.41,2024-10-21 00:00:00+00:00,2024-10-21 08:45:00+00:00,167.42,167.588,0.0005,0.0005,525,-0.00019769053091841255,-0.11291839,trailing_stop_loss,157.375,-0.06,167.588,-0.019956608187134628,167.19,171.93,False,long_1d_center_compression,1.0,False,1729468800000,1729500300000,"[{'amount': 3.41, 'safe_price': 167.42, 'ft_order_side': 'buy', 'order_filled_timestamp': 1729468800000, 'ft_is_entry': True, 'ft_order_tag': 'long_1d_center_compression', 'cost': 571.1876510999999}, {'amount': 3.41, 'safe_price': 167.588, 'ft_order_side': 'sell', 'order_filled_timestamp': 1729500300000, 'ft_is_entry': False, 'ft_order_tag': 'trailing_stop_loss', 'cost': 571.7608175400001}]",-0.11460975362925,0,2024,2024-10-20 20:00:00+00:00,9,12,0.6923076923076923,True,pass
BTC/USDT:USDT,559.5192,559.5192,0.008,2024-10-29 00:00:00+00:00,2024-10-31 20:45:00+00:00,69939.9,70009.9,0.0005,0.0005,4125,-0.000922490388994285,-0.51640916,trailing_stop_loss,65743.6,-0.06,70009.9,-0.02230452469730626,69733.0,73660.0,False,long_1d_center_compression,1.0,False,1730160000000,1730407500000,"[{'amount': 0.008, 'safe_price': 69939.9, 'ft_order_side': 'buy', 'order_filled_timestamp': 1730160000000, 'ft_is_entry': True, 'ft_order_tag': 'long_1d_center_compression', 'cost': 559.7989595999999}, {'amount': 0.008, 'safe_price': 70009.9, 'ft_order_side': 'sell', 'order_filled_timestamp': 1730407500000, 'ft_is_entry': False, 'ft_order_tag': 'trailing_stop_loss', 'cost': 560.3592396}]",-0.516609955877912,3,2024,2024-10-28 20:00:00+00:00,5,12,0.38461538461538464,False,reject
DOGE/USDT:USDT,570.90717,570.90717,3537.0,2024-10-29 00:00:00+00:00,2024-10-29 16:20:00+00:00,0.16141,0.17778,0.0005,0.0005,980,0.10000899884082491,57.12440243,roi,0.15173,-0.06,0.16158,-0.024680610889774468,0.16048,0.17912,False,long_1d_center_compression,1.0,False,1730160000000,1730218800000,"[{'amount': 3537.0, 'safe_price': 0.16141, 'ft_order_side': 'buy', 'order_filled_timestamp': 1730160000000, 'ft_is_entry': True, 'ft_order_tag': 'long_1d_center_compression', 'cost': 571.1926235849999}, {'amount': 3537.0, 'safe_price': 0.17778, 'ft_order_side': 'sell', 'order_filled_timestamp': 1730218800000, 'ft_is_entry': False, 'ft_order_tag': 'roi', 'cost': 629.1222639299999}]",-0.17643005199,1,2024,2024-10-28 20:00:00+00:00,5,12,0.38461538461538464,False,reject
BTC/USDT:USDT,590.2008,590.2008,0.006,2024-11-22 00:00:00+00:00,2024-11-24 15:35:00+00:00,98366.8,96399.5,0.0005,0.0005,3815,-0.021841819310283565,-12.89750476,stop_loss,92464.8,-0.06,96399.5,-0.02000003113347193,96227.5,99660.0,False,long_1d_center_compression,1.0,False,1732233600000,1732462500000,"[{'amount': 0.006, 'safe_price': 98366.8, 'ft_order_side': 'buy', 'order_filled_timestamp': 1732233600000, 'ft_is_entry': True, 'ft_order_tag': 'long_1d_center_compression', 'cost': 590.4959004000001}, {'amount': 0.006, 'safe_price': 96399.5, 'ft_order_side': 'sell', 'order_filled_timestamp': 1732462500000, 'ft_is_entry': False, 'ft_order_tag': 'stop_loss', 'cost': 578.6861985}]",-0.5094058598415715,6,2024,2024-11-21 20:00:00+00:00,11,12,0.8461538461538461,True,pass
XRP/USDT:USDT,598.55079,598.55079,406.1,2024-11-23 00:00:00+00:00,2024-11-23 01:05:00+00:00,1.4739,1.6232,0.0005,0.0005,65,0.09998228742031946,59.87439936,roi,1.3855,-0.06,1.4754,-0.028272475795297458,1.4711,1.635,False,long_1d_center_compression,1.0,False,1732320000000,1732323900000,"[{'amount': 406.1, 'safe_price': 1.4739, 'ft_order_side': 'buy', 'order_filled_timestamp': 1732320000000, 'ft_is_entry': True, 'ft_order_tag': 'long_1d_center_compression', 'cost': 598.850065395}, {'amount': 406.1, 'safe_price': 1.6232, 'ft_order_side': 'sell', 'order_filled_timestamp': 1732323900000, 'ft_is_entry': False, 'ft_order_tag': 'roi', 'cost': 659.51111076}]",-0.12746448878211902,5,2024,2024-11-22 20:00:00+00:00,10,12,0.7692307692307693,True,pass
BNB/USDT:USDT,618.5735,618.5735,0.95,2024-11-24 00:00:00+00:00,2024-11-24 11:25:00+00:00,651.13,651.79,0.0005,0.0005,685,-0.0004981743499751652,-0.30831153,trailing_stop_loss,612.07,-0.06,651.79,-0.02134965465465466,649.1,688.34,False,long_1d_center_compression,1.0,False,1732406400000,1732447500000,"[{'amount': 0.95, 'safe_price': 651.13, 'ft_order_side': 'buy', 'order_filled_timestamp': 1732406400000, 'ft_is_entry': True, 'ft_order_tag': 'long_1d_center_compression', 'cost': 618.8827867499999}, {'amount': 0.95, 'safe_price': 651.79, 'ft_order_side': 'sell', 'order_filled_timestamp': 1732447500000, 'ft_is_entry': False, 'ft_order_tag': 'trailing_stop_loss', 'cost': 619.5101002499999}]",-0.31642452883,6,2024,2024-11-23 20:00:00+00:00,10,12,0.7692307692307693,True,pass
XRP/USDT:USDT,614.62809,614.62809,341.1,2024-11-30 00:00:00+00:00,2024-11-30 00:30:00+00:00,1.8019,1.8038,0.0005,0.0005,30,-6.236429021281981e-05,-0.03835001,trailing_stop_loss,1.6938,-0.06,1.8038,-0.026604479222881894,1.7962,1.8688,False,long_1d_center_compression,1.0,False,1732924800000,1732926600000,"[{'amount': 341.1, 'safe_price': 1.8019, 'ft_order_side': 'buy', 'order_filled_timestamp': 1732924800000, 'ft_is_entry': True, 'ft_order_tag': 'long_1d_center_compression', 'cost': 614.935404045}, {'amount': 341.1, 'safe_price': 1.8038, 'ft_order_side': 'sell', 'order_filled_timestamp': 1732926600000, 'ft_is_entry': False, 'ft_order_tag': 'trailing_stop_loss', 'cost': 615.58381809}]",-0.07148787517899316,5,2024,2024-11-29 20:00:00+00:00,12,12,0.9230769230769231,True,pass
ADA/USDT:USDT,613.836,613.836,510.0,2024-12-03 00:00:00+00:00,2024-12-03 03:40:00+00:00,1.2036,1.3258,0.0005,0.0005,220,0.10000208161644876,61.41557021,roi,1.1314,-0.06,1.2049,-0.02175738876258526,1.1849,1.329,False,long_1d_center_compression,1.0,False,1733184000000,1733197200000,"[{'amount': 510.0, 'safe_price': 1.2036, 'ft_order_side': 'buy', 'order_filled_timestamp': 1733184000000, 'ft_is_entry': True, 'ft_order_tag': 'long_1d_center_compression', 'cost': 614.142918}, {'amount': 510.0, 'safe_price': 1.3258, 'ft_order_side': 'sell', 'order_filled_timestamp': 1733197200000, 'ft_is_entry': False, 'ft_order_tag': 'roi', 'cost': 676.496079}]",-0.26143279211446496,1,2024,2024-12-02 20:00:00+00:00,7,12,0.5384615384615384,True,pass
BTC/USDT:USDT,596.538,596.538,0.006,2025-01-06 05:00:00+00:00,2025-01-07 15:00:00+00:00,99423.0,99522.5,0.0005,0.0005,2040,-0.0003958755562825891,-0.23627289,trailing_stop_loss,93457.7,-0.06,99522.5,-0.021123015638831566,98662.7,102762.1,False,long_pullback_restart_1h_body,1.0,False,1736139600000,1736262000000,"[{'amount': 0.006, 'safe_price': 99423.0, 'ft_order_side': 'buy', 'order_filled_timestamp': 1736139600000, 'ft_is_entry': True, 'ft_order_tag': 'long_pullback_restart_1h_body', 'cost': 596.836269}, {'amount': 0.006, 'safe_price': 99522.5, 'ft_order_side': 'sell', 'order_filled_timestamp': 1736262000000, 'ft_is_entry': False, 'ft_order_tag': 'trailing_stop_loss', 'cost': 597.4335675}]",-0.23643639246123002,1,2025,2025-01-06 04:00:00+00:00,8,12,0.6153846153846154,True,pass
BNB/USDT:USDT,619.673,619.673,0.86,2025-01-17 09:00:00+00:00,2025-01-18 03:50:00+00:00,720.55,706.08,0.0005,0.0005,1130,-0.02106131029967634,-13.0576509,stop_loss,677.32,-0.06,706.08,-0.02008321347950348,706.06,730.61,False,long_pullback_restart_1h_body,1.0,False,1737104400000,1737172200000,"[{'amount': 0.86, 'safe_price': 720.55, 'ft_order_side': 'buy', 'order_filled_timestamp': 1737104400000, 'ft_is_entry': True, 'ft_order_tag': 'long_pullback_restart_1h_body', 'cost': 619.9828365}, {'amount': 0.86, 'safe_price': 706.08, 'ft_order_side': 'sell', 'order_filled_timestamp': 1737172200000, 'ft_is_entry': False, 'ft_order_tag': 'stop_loss', 'cost': 607.5324144}]",0.0,5,2025,2025-01-17 08:00:00+00:00,6,12,0.46153846153846156,False,reject
SOL/USDT:USDT,752.9978,752.9978,4.58,2025-05-09 00:00:00+00:00,2025-05-09 04:00:00+00:00,164.41,161.132,0.0005,0.0005,240,-0.02101748451350044,-15.83403266,stop_loss,154.546,-0.06,161.132,-0.01994035000508443,161.11,164.43,False,long_1d_center_compression,1.0,False,1746748800000,1746763200000,"[{'amount': 4.58, 'safe_price': 164.41, 'ft_order_side': 'buy', 'order_filled_timestamp': 1746748800000, 'ft_is_entry': True, 'ft_order_tag': 'long_1d_center_compression', 'cost': 753.3742989}, {'amount': 4.58, 'safe_price': 161.132, 'ft_order_side': 'sell', 'order_filled_timestamp': 1746763200000, 'ft_is_entry': False, 'ft_order_tag': 'stop_loss', 'cost': 738.3535522799999}]",-0.0753014754015,4,2025,2025-05-08 20:00:00+00:00,11,13,0.8461538461538461,True,pass
BTC/USDT:USDT,722.596,722.596,0.007,2025-05-09 00:00:00+00:00,2025-05-12 14:25:00+00:00,103228.0,103331.3,0.0005,0.0005,5185,-0.0008726431308533523,-0.63088372,trailing_stop_loss,97034.4,-0.06,103331.3,-0.022745944391850403,102240.0,105863.1,False,long_1d_center_compression,1.0,False,1746748800000,1747059900000,"[{'amount': 0.007, 'safe_price': 103228.0, 'ft_order_side': 'buy', 'order_filled_timestamp': 1746748800000, 'ft_is_entry': True, 'ft_order_tag': 'long_1d_center_compression', 'cost': 722.9572979999999}, {'amount': 0.007, 'safe_price': 103331.3, 'ft_order_side': 'sell', 'order_filled_timestamp': 1747059900000, 'ft_is_entry': False, 'ft_order_tag': 'trailing_stop_loss', 'cost': 723.6807595500001}]",-0.631026167176699,0,2025,2025-05-08 20:00:00+00:00,11,13,0.8461538461538461,True,pass
BTC/USDT:USDT,657.6576,657.6576,0.006,2025-05-22 00:00:00+00:00,2025-05-23 11:45:00+00:00,109609.6,109719.3,0.0005,0.0005,2145,-0.0004704795668271996,-0.30956917,trailing_stop_loss,103033.1,-0.06,109719.3,-0.019962559656144907,109153.4,111959.5,False,long_1d_center_compression,1.0,False,1747872000000,1748000700000,"[{'amount': 0.006, 'safe_price': 109609.6, 'ft_order_side': 'buy', 'order_filled_timestamp': 1747872000000, 'ft_is_entry': True, 'ft_order_tag': 'long_1d_center_compression', 'cost': 657.9864288}, {'amount': 0.006, 'safe_price': 109719.3, 'ft_order_side': 'sell', 'order_filled_timestamp': 1748000700000, 'ft_is_entry': False, 'ft_order_tag': 'trailing_stop_loss', 'cost': 658.6449579}]",-0.3097824661564453,4,2025,2025-05-21 20:00:00+00:00,11,13,0.8461538461538461,True,pass
BNB/USDT:USDT,740.949,740.949,1.1,2025-05-22 00:00:00+00:00,2025-05-23 11:50:00+00:00,673.59,674.27,0.0005,0.0005,2150,9.006912983775932e-06,0.006677,trailing_stop_loss,633.18,-0.06,674.27,-0.022792228872882347,672.0,691.66,False,long_1d_center_compression,1.0,False,1747872000000,1748001000000,"[{'amount': 1.1, 'safe_price': 673.59, 'ft_order_side': 'buy', 'order_filled_timestamp': 1747872000000, 'ft_is_entry': True, 'ft_order_tag': 'long_1d_center_compression', 'cost': 741.3194745000001}, {'amount': 1.1, 'safe_price': 674.27, 'ft_order_side': 'sell', 'order_filled_timestamp': 1748001000000, 'ft_is_entry': False, 'ft_order_tag': 'trailing_stop_loss', 'cost': 742.0678485}]",0.0,4,2025,2025-05-21 20:00:00+00:00,11,13,0.8461538461538461,True,pass
BNB/USDT:USDT,743.7,743.7,1.11,2025-06-10 21:00:00+00:00,2025-06-12 20:15:00+00:00,670.0,656.09,0.0005,0.0005,2835,-0.021739943461105266,-16.17607995,stop_loss,629.8,-0.06,656.09,-0.020769625991138074,656.09,674.59,False,long_pullback_restart_1h_body,1.0,False,1749589200000,1749759300000,"[{'amount': 1.11, 'safe_price': 670.0, 'ft_order_side': 'buy', 'order_filled_timestamp': 1749589200000, 'ft_is_entry': True, 'ft_order_tag': 'long_pullback_restart_1h_body', 'cost': 744.07185}, {'amount': 1.11, 'safe_price': 656.09, 'ft_order_side': 'sell', 'order_filled_timestamp': 1749759300000, 'ft_is_entry': False, 'ft_order_tag': 'stop_loss', 'cost': 728.6240299500001}]",0.0,3,2025,2025-06-10 20:00:00+00:00,4,13,0.3076923076923077,False,reject
ETH/USDT:USDT,743.35536,743.35536,0.264,2025-06-11 00:00:00+00:00,2025-06-11 09:50:00+00:00,2815.74,2759.43,0.0005,0.0005,590,-0.02117682413312582,-15.74977668,stop_loss,2646.8,-0.06,2759.43,-0.01999996698248052,2756.0,2834.23,False,long_1d_center_compression,1.0,False,1749600000000,1749635400000,"[{'amount': 0.264, 'safe_price': 2815.74, 'ft_order_side': 'buy', 'order_filled_timestamp': 1749600000000, 'ft_is_entry': True, 'ft_order_tag': 'long_1d_center_compression', 'cost': 743.72703768}, {'amount': 0.264, 'safe_price': 2759.43, 'ft_order_side': 'sell', 'order_filled_timestamp': 1749635400000, 'ft_is_entry': False, 'ft_order_tag': 'stop_loss', 'cost': 728.8537647599999}]",-0.14801424000000002,2,2025,2025-06-10 20:00:00+00:00,4,13,0.3076923076923077,False,reject
PAXG/USDT:USDT,733.44156,733.44156,0.212,2025-06-14 00:00:00+00:00,2025-06-17 14:35:00+00:00,3459.63,3390.45,0.0005,0.0005,5195,-0.020690681336903514,-15.1829933,stop_loss,3252.06,-0.06,3390.45,-0.019997148358350536,3390.0,3494.93,False,long_1d_center_compression,1.0,False,1749859200000,1750170900000,"[{'amount': 0.212, 'safe_price': 3459.63, 'ft_order_side': 'buy', 'order_filled_timestamp': 1749859200000, 'ft_is_entry': True, 'ft_order_tag': 'long_1d_center_compression', 'cost': 733.8082807799999}, {'amount': 0.212, 'safe_price': 3390.45, 'ft_order_side': 'sell', 'order_filled_timestamp': 1750170900000, 'ft_is_entry': False, 'ft_order_tag': 'stop_loss', 'cost': 719.1347877}]",0.20927518293740321,1,2025,2025-06-13 20:00:00+00:00,1,13,0.07692307692307693,False,reject
ETH/USDT:USDT,772.18551,772.18551,0.279,2025-07-10 00:00:00+00:00,2025-07-14 03:40:00+00:00,2767.69,3049.98,0.0005,0.0005,5980,0.10000094531626247,77.2578906,roi,2601.63,-0.06,2770.46,-0.020215697300203006,2754.08,3051.91,False,long_1d_center_compression,1.0,False,1752105600000,1752464400000,"[{'amount': 0.279, 'safe_price': 2767.69, 'ft_order_side': 'buy', 'order_filled_timestamp': 1752105600000, 'ft_is_entry': True, 'ft_order_tag': 'long_1d_center_compression', 'cost': 772.5716027550001}, {'amount': 0.279, 'safe_price': 3049.98, 'ft_order_side': 'sell', 'order_filled_timestamp': 1752464400000, 'ft_is_entry': False, 'ft_order_tag': 'roi', 'cost': 851.36989221}]",-0.6894544323922811,0,2025,2025-07-09 20:00:00+00:00,5,13,0.38461538461538464,False,reject
BTC/USDT:USDT,667.1988,667.1988,0.006,2025-07-10 00:00:00+00:00,2025-07-14 05:20:00+00:00,111199.8,122580.2,0.0005,0.0005,6080,0.10000002354941873,66.75325566,roi,104527.9,-0.06,111311.0,-0.021218899072404263,110432.2,122814.9,False,long_1d_center_compression,1.0,False,1752105600000,1752470400000,"[{'amount': 0.006, 'safe_price': 111199.8, 'ft_order_side': 'buy', 'order_filled_timestamp': 1752105600000, 'ft_is_entry': True, 'ft_order_tag': 'long_1d_center_compression', 'cost': 667.5323993999999}, {'amount': 0.006, 'safe_price': 122580.2, 'ft_order_side': 'sell', 'order_filled_timestamp': 1752470400000, 'ft_is_entry': False, 'ft_order_tag': 'roi', 'cost': 735.8489405999999}]",-0.8278043384821507,0,2025,2025-07-09 20:00:00+00:00,5,13,0.38461538461538464,False,reject
BNB/USDT:USDT,761.793,761.793,1.11,2025-07-11 00:00:00+00:00,2025-07-14 20:15:00+00:00,686.3,686.99,0.0005,0.0005,5535,-0.0001139970161651948,-0.08688555,trailing_stop_loss,645.13,-0.06,686.99,-0.021791140412080523,679.47,708.0,False,long_1d_center_compression,1.0,False,1752192000000,1752524100000,"[{'amount': 1.11, 'safe_price': 686.3, 'ft_order_side': 'buy', 'order_filled_timestamp': 1752192000000, 'ft_is_entry': True, 'ft_order_tag': 'long_1d_center_compression', 'cost': 762.1738965}, {'amount': 1.11, 'safe_price': 686.99, 'ft_order_side': 'sell', 'order_filled_timestamp': 1752524100000, 'ft_is_entry': False, 'ft_order_tag': 'trailing_stop_loss', 'cost': 762.9401794500001}]",-0.09060960192,0,2025,2025-07-10 20:00:00+00:00,6,13,0.46153846153846156,False,reject
BNB/USDT:USDT,629.856,629.856,0.8,2025-08-07 23:00:00+00:00,2025-08-14 09:35:00+00:00,787.32,867.67,0.0005,0.0005,9275,0.10000282662992033,63.01887406,roi,740.09,-0.06,788.11,-0.020022979072630398,781.1,867.75,False,long_pullback_restart_1h_body,1.0,False,1754607600000,1755164100000,"[{'amount': 0.8, 'safe_price': 787.32, 'ft_order_side': 'buy', 'order_filled_timestamp': 1754607600000, 'ft_is_entry': True, 'ft_order_tag': 'long_pullback_restart_1h_body', 'cost': 630.1709280000001}, {'amount': 0.8, 'safe_price': 867.67, 'ft_order_side': 'sell', 'order_filled_timestamp': 1755164100000, 'ft_is_entry': False, 'ft_order_tag': 'roi', 'cost': 694.4830679999999}]",-0.5991299363973794,3,2025,2025-08-07 20:00:00+00:00,7,13,0.5384615384615384,True,pass
ETH/USDT:USDT,820.764,820.764,0.21,2025-08-08 00:00:00+00:00,2025-08-09 22:20:00+00:00,3908.4,4305.73,0.0005,0.0005,2780,0.09999886954583538,82.1165099,roi,3673.9,-0.06,3912.31,-0.024627121306178834,3876.7,4325.24,False,long_1d_center_compression,1.0,False,1754611200000,1754778000000,"[{'amount': 0.21, 'safe_price': 3908.4, 'ft_order_side': 'buy', 'order_filled_timestamp': 1754611200000, 'ft_is_entry': True, 'ft_order_tag': 'long_1d_center_compression', 'cost': 821.1743819999999}, {'amount': 0.21, 'safe_price': 4305.73, 'ft_order_side': 'sell', 'order_filled_timestamp': 1754778000000, 'ft_is_entry': False, 'ft_order_tag': 'roi', 'cost': 904.6554016499998}]",-0.4603064541224121,5,2025,2025-08-07 20:00:00+00:00,7,13,0.5384615384615384,True,pass
BTC/USDT:USDT,834.7871,834.7871,0.007,2025-08-11 00:00:00+00:00,2025-08-11 13:00:00+00:00,119255.3,119374.6,0.0005,0.0005,780,-0.0002019347373038328,-0.1686568,trailing_stop_loss,112100.0,-0.06,119374.6,-0.01970649554134174,118950.0,122450.0,False,long_1d_center_compression,1.0,False,1754870400000,1754917200000,"[{'amount': 0.007, 'safe_price': 119255.3, 'ft_order_side': 'buy', 'order_filled_timestamp': 1754870400000, 'ft_is_entry': True, 'ft_order_tag': 'long_1d_center_compression', 'cost': 835.2044935499999}, {'amount': 0.007, 'safe_price': 119374.6, 'ft_order_side': 'sell', 'order_filled_timestamp': 1754917200000, 'ft_is_entry': False, 'ft_order_tag': 'trailing_stop_loss', 'cost': 836.0400111}]",-0.168552147521737,0,2025,2025-08-10 20:00:00+00:00,11,13,0.8461538461538461,True,pass
SOL/USDT:USDT,842.0144,842.0144,3.76,2025-09-11 00:00:00+00:00,2025-09-11 12:30:00+00:00,223.94,224.17,0.0005,0.0005,750,-3.1562301124515223e-06,-0.00265892,trailing_stop_loss,210.51,-0.06,224.17,-0.02111816593886473,221.59,229.0,False,long_1d_center_compression,1.0,False,1757548800000,1757593800000,"[{'amount': 3.76, 'safe_price': 223.94, 'ft_order_side': 'buy', 'order_filled_timestamp': 1757548800000, 'ft_is_entry': True, 'ft_order_tag': 'long_1d_center_compression', 'cost': 842.4354071999999}, {'amount': 3.76, 'safe_price': 224.17, 'ft_order_side': 'sell', 'order_filled_timestamp': 1757593800000, 'ft_is_entry': False, 'ft_order_tag': 'trailing_stop_loss', 'cost': 843.3006395999998}]",-0.025012124639609945,3,2025,2025-09-10 20:00:00+00:00,7,13,0.5384615384615384,True,pass
ETH/USDT:USDT,843.23678,843.23678,0.179,2025-09-13 00:00:00+00:00,2025-09-13 16:45:00+00:00,4710.82,4616.62,0.0005,0.0005,1005,-0.021272756371831465,-17.94693957,stop_loss,4428.18,-0.06,4616.62,-0.019997944890698394,4613.07,4768.0,False,long_1d_center_compression,1.0,False,1757721600000,1757781900000,"[{'amount': 0.179, 'safe_price': 4710.82, 'ft_order_side': 'buy', 'order_filled_timestamp': 1757721600000, 'ft_is_entry': True, 'ft_order_tag': 'long_1d_center_compression', 'cost': 843.6583983899999}, {'amount': 0.179, 'safe_price': 4616.62, 'ft_order_side': 'sell', 'order_filled_timestamp': 1757781900000, 'ft_is_entry': False, 'ft_order_tag': 'stop_loss', 'cost': 826.7881674899999}]",-0.2503336918102633,5,2025,2025-09-12 20:00:00+00:00,11,13,0.8461538461538461,True,pass
PAXG/USDT:USDT,837.588,837.588,0.223,2025-09-23 00:00:00+00:00,2025-10-10 21:15:00+00:00,3756.0,3759.76,0.0005,0.0005,25755,-0.002378283069146573,-1.99301737,trailing_stop_loss,3530.64,-0.06,3759.76,-0.020200298649821535,3722.09,4075.46,False,long_1d_center_compression,1.0,False,1758585600000,1760130900000,"[{'amount': 0.223, 'safe_price': 3756.0, 'ft_order_side': 'buy', 'order_filled_timestamp': 1758585600000, 'ft_is_entry': True, 'ft_order_tag': 'long_1d_center_compression', 'cost': 838.0067939999999}, {'amount': 0.223, 'safe_price': 3759.76, 'ft_order_side': 'sell', 'order_filled_timestamp': 1760130900000, 'ft_is_entry': False, 'ft_order_tag': 'trailing_stop_loss', 'cost': 838.8456932400001}]",-1.9934901309970456,4,2025,2025-09-22 20:00:00+00:00,1,13,0.07692307692307693,False,reject
BNB/USDT:USDT,829.0916,829.0916,0.76,2025-10-03 00:00:00+00:00,2025-10-06 06:10:00+00:00,1090.91,1201.83,0.0005,0.0005,4690,0.10000306788564844,82.95315941,roi,1025.46,-0.06,1092.01,-0.02116249406154469,1084.5,1204.64,False,long_1d_center_compression,1.0,False,1759449600000,1759731000000,"[{'amount': 0.76, 'safe_price': 1090.91, 'ft_order_side': 'buy', 'order_filled_timestamp': 1759449600000, 'ft_is_entry': True, 'ft_order_tag': 'long_1d_center_compression', 'cost': 829.5061458}, {'amount': 0.76, 'safe_price': 1201.83, 'ft_order_side': 'sell', 'order_filled_timestamp': 1759731000000, 'ft_is_entry': False, 'ft_order_tag': 'roi', 'cost': 913.8474953999998}]",-0.4747993929485669,0,2025,2025-10-02 20:00:00+00:00,5,13,0.38461538461538464,False,reject
PAXG/USDT:USDT,879.98084,879.98084,0.214,2025-11-11 00:00:00+00:00,2025-11-14 11:55:00+00:00,4112.06,4116.18,0.0005,0.0005,5035,-0.00024251959133922554,-0.2135193,trailing_stop_loss,3865.34,-0.06,4116.18,-0.021054519941969718,4082.0,4236.22,False,long_1d_center_compression,1.0,False,1762819200000,1763121300000,"[{'amount': 0.214, 'safe_price': 4112.06, 'ft_order_side': 'buy', 'order_filled_timestamp': 1762819200000, 'ft_is_entry': True, 'ft_order_tag': 'long_1d_center_compression', 'cost': 880.42083042}, {'amount': 0.214, 'safe_price': 4116.18, 'ft_order_side': 'sell', 'order_filled_timestamp': 1763121300000, 'ft_is_entry': False, 'ft_order_tag': 'trailing_stop_loss', 'cost': 881.30295126}]",-0.2147776158759426,4,2025,2025-11-10 20:00:00+00:00,3,13,0.23076923076923078,False,reject
PAXG/USDT:USDT,963.56475,963.56475,0.225,2025-12-12 00:00:00+00:00,2025-12-29 09:00:00+00:00,4282.51,4473.2,0.0005,0.0005,25020,0.04296294593577657,41.41827905,swing_exit_long_1d,4025.56,-0.06,4286.8,-0.020790644180537998,4270.33,4575.94,False,long_1d_center_compression,1.0,False,1765497600000,1766998800000,"[{'amount': 0.225, 'safe_price': 4282.51, 'ft_order_side': 'buy', 'order_filled_timestamp': 1765497600000, 'ft_is_entry': True, 'ft_order_tag': 'long_1d_center_compression', 'cost': 964.0465323750001}, {'amount': 0.225, 'safe_price': 4473.2, 'ft_order_side': 'sell', 'order_filled_timestamp': 1766998800000, 'ft_is_entry': False, 'ft_order_tag': 'swing_exit_long_1d', 'cost': 1006.9732349999999}]",-0.5019535735893302,0,2025,2025-12-11 20:00:00+00:00,1,13,0.07692307692307693,False,reject
PAXG/USDT:USDT,982.68078,982.68078,0.218,2026-01-07 00:00:00+00:00,2026-01-22 23:05:00+00:00,4507.71,4971.15,0.0005,0.0005,22985,0.09999960854361914,98.31682717,roi,4237.25,-0.06,4512.22,-0.021815643257422246,4420.15,4980.0,False,long_1d_center_compression,1.0,False,1767744000000,1769123100000,"[{'amount': 0.218, 'safe_price': 4507.71, 'ft_order_side': 'buy', 'order_filled_timestamp': 1767744000000, 'ft_is_entry': True, 'ft_order_tag': 'long_1d_center_compression', 'cost': 983.1721203899999}, {'amount': 0.218, 'safe_price': 4971.15, 'ft_order_side': 'sell', 'order_filled_timestamp': 1769123100000, 'ft_is_entry': False, 'ft_order_tag': 'roi', 'cost': 1084.2525553499997}]",-1.6798970926426047,3,2026,2026-01-06 20:00:00+00:00,10,13,0.7692307692307693,True,pass
BTC/USDT:USDT,1155.459,1155.459,0.015,2026-04-18 00:00:00+00:00,2026-04-18 18:35:00+00:00,77030.6,75490.0,0.0005,0.0005,1115,-0.020782389293453673,-24.02520535,stop_loss,72408.8,-0.06,75490.0,-0.02000004705922065,75481.6,77380.0,False,long_1d_center_compression,1.0,False,1776470400000,1776537300000,"[{'amount': 0.015, 'safe_price': 77030.6, 'ft_order_side': 'buy', 'order_filled_timestamp': 1776470400000, 'ft_is_entry': True, 'ft_order_tag': 'long_1d_center_compression', 'cost': 1156.0367295}, {'amount': 0.015, 'safe_price': 75490.0, 'ft_order_side': 'sell', 'order_filled_timestamp': 1776537300000, 'ft_is_entry': False, 'ft_order_tag': 'stop_loss', 'cost': 1132.9161749999998}]",0.22769915135289862,5,2026,2026-04-17 20:00:00+00:00,8,13,0.6153846153846154,True,pass
